time,open,high,low,close,volume
1789603200,29460.5,29463.75,29460,29461,63
1789603260,29460.5,29468.5,29459.25,29467,84
1789603320,29467,29469.5,29464.25,29464.25,74
1789603380,29464,29466.5,29462.75,29466,77
1789603440,29465.75,29469.75,29463.5,29466.25,93
1789603500,29467,29467.75,29464.75,29464.75,34
1789603560,29465.25,29467.5,29462.75,29462.75,25
1789603620,29462.75,29469.25,29461.75,29467.75,71
1789603680,29467,29468,29465,29465.75,19
1789603740,29466,29466,29462.25,29462.75,21
1789603800,29462,29464,29461.25,29462.75,49
1789603860,29462.5,29462.5,29460,29461.25,38
1789603920,29460.5,29461.25,29453.25,29454.25,88
1789603980,29454.5,29459.5,29454,29457.75,69
1789604040,29457.75,29459.5,29456.25,29459.5,19
1789604100,29458.5,29461.25,29454,29456.25,88
1789604160,29457.25,29459.5,29456.25,29456.25,19
1789604220,29455.75,29456.25,29453.25,29455.25,25
1789604280,29454,29455,29453.75,29454.5,11
1789604340,29455,29456,29448.75,29449.25,90
1789604400,29449.25,29451,29445.75,29450,50
1789604460,29450.25,29452,29447.75,29450,35
1789604520,29450.25,29450.25,29444,29446.5,49
1789604580,29446.75,29449,29446,29448,39
1789604640,29448.25,29448.25,29445,29446.25,24
1789604700,29446.25,29447.5,29444,29445,34
1789604760,29445.25,29446.25,29442.75,29443.75,76
1789604820,29442,29451.25,29440.75,29450,63
1789604880,29451.5,29454.75,29450.5,29453.75,50
1789604940,29452.75,29453,29450.75,29451.25,33
1789605000,29450.5,29451.75,29438.75,29441.25,90
1789605060,29441.5,29448.5,29441.25,29445.5,43
1789605120,29448.25,29449,29441.75,29445.5,50
1789605180,29444.5,29444.5,29439.75,29442,34
1789605240,29440.75,29445.25,29440,29442,39
1789605300,29442.75,29448,29442.75,29445.25,32
1789605360,29445.5,29446.5,29443,29446.5,62
1789605420,29446,29454.25,29446,29451.25,75
1789605480,29453,29461.75,29453,29459.75,80
1789605540,29460,29463.75,29458.5,29461.5,63
1789605600,29461.75,29465,29461.25,29463.5,44
1789605660,29462.75,29464,29460.5,29464,32
1789605720,29463.25,29464.5,29457.25,29458.25,55
1789605780,29458.75,29467.5,29458,29464.25,86
1789605840,29464,29464.25,29461.25,29461.25,37
1789605900,29462.75,29466,29460.5,29462.5,40
1789605960,29463.25,29465.5,29461.5,29465,24
1789606020,29464.5,29466.75,29464.5,29465.75,38
1789606080,29466,29471.5,29465.75,29469.75,124
1789606140,29469.25,29469.25,29460,29460,73
1789606200,29459.75,29460,29453.5,29453.5,72
1789606260,29453.25,29456.5,29453.25,29453.75,16
1789606320,29452.75,29457.5,29451,29456.25,31
1789606380,29455.25,29455.5,29450,29451.25,43
1789606440,29451,29451,29442.75,29445.5,77
1789606500,29445.75,29449.25,29445,29448.75,37
1789606560,29451,29452,29449.5,29450.5,28
1789606620,29452,29454,29447.75,29448,37
1789606680,29448,29450.5,29448,29450,10
1789606740,29451,29452.25,29450,29450.5,15
1789606800,29450.75,29453.75,29449.5,29451.5,71
1789606860,29451.5,29452.75,29446.25,29450.25,37
1789606920,29449,29449,29447.75,29448.5,8
1789606980,29449.25,29451.25,29446.25,29446.25,38
1789607040,29446.25,29451.75,29446.25,29451.5,50
1789607100,29451.25,29451.5,29446.25,29448.75,27
1789607160,29449,29450.25,29447.75,29447.75,10
1789607220,29447.5,29448.5,29445.5,29448,27
1789607280,29447.5,29447.75,29444.25,29447.5,37
1789607340,29447.25,29450,29444,29444,44
1789607400,29444.25,29446.5,29440.25,29440.25,62
1789607460,29440.25,29441.5,29434.75,29437,94
1789607520,29437.75,29437.75,29434.75,29435.75,42
1789607580,29435.5,29441.75,29434.5,29435.25,76
1789607640,29435,29436,29433.5,29435,44
1789607700,29433.25,29435,29429.75,29433,73
1789607760,29433.5,29433.75,29430.5,29432,45
1789607820,29431.25,29434,29430,29433,58
1789607880,29431.25,29431.25,29427,29429,62
1789607940,29428,29431.25,29425.5,29429.25,91
1789608000,29428.75,29428.75,29425.5,29425.75,46
1789608060,29425.5,29427.75,29420.75,29424.75,115
1789608120,29424.5,29427.5,29423.25,29426.75,54
1789608180,29426.5,29430.5,29424,29424.75,104
1789608240,29424,29429.5,29421.5,29428.25,49
1789608300,29427.75,29440.5,29426.75,29439.75,154
1789608360,29440,29441.25,29433.75,29434,60
1789608420,29434.25,29437.5,29431.25,29432.5,43
1789608480,29432.25,29436,29431.5,29433,31
1789608540,29432.25,29432.5,29429,29429.75,58
1789608600,29430.5,29432,29420,29420,91
1789608660,29420,29422.5,29415.25,29421,264
1789608720,29421,29423.75,29418,29420.75,180
1789608780,29420,29420.25,29418,29419,52
1789608840,29420,29423.75,29419.75,29422.75,46
1789608900,29421.25,29422.75,29415.25,29416.25,80
1789608960,29417,29418.75,29405.75,29408.25,187
1789609020,29407,29409.25,29404.25,29407.5,108
1789609080,29406.5,29411.25,29406,29408,56
1789609140,29406.25,29411,29403.75,29410,86
1789609200,29411.25,29412.75,29404.5,29406.25,56
1789609260,29407.25,29408.25,29392.75,29392.75,285
1789609320,29392.25,29399.5,29391.75,29394,123
1789609380,29393.75,29395.5,29391,29394.5,115
1789609440,29393.75,29396,29390.75,29391.75,77
1789609500,29392.75,29404,29392.75,29398.5,133
1789609560,29397.5,29399.75,29395.75,29397.5,40
1789609620,29398.75,29400,29396.25,29396.75,26
1789609680,29396.75,29399.5,29396.75,29397.5,44
1789609740,29398,29398,29393.75,29397.75,51
1789609800,29397.75,29405,29393.75,29397.75,137
1789609860,29398.5,29398.5,29388.25,29391,133
1789609920,29391,29392.25,29389,29391.75,47
1789609980,29391.75,29392.5,29385.75,29385.75,147
1789610040,29386,29386.75,29382.25,29384.25,187
1789610100,29383.75,29385,29382,29382.5,101
1789610160,29383.25,29384.5,29377.75,29378.5,167
1789610220,29379.75,29380,29373.25,29373.75,119
1789610280,29373.5,29376.75,29371,29375,141
1789610340,29374,29376.75,29372.75,29373.75,68
1789610400,29372.5,29377.25,29368.75,29374.25,203
1789610460,29374.5,29384,29373,29380,161
1789610520,29380.75,29397,29378.25,29394.5,220
1789610580,29393.75,29408,29393.75,29406,172
1789610640,29405.75,29406.75,29399.5,29401,146
1789610700,29399.75,29407.5,29390,29403.5,179
1789610760,29404.25,29413.75,29403.25,29403.25,158
1789610820,29401.75,29403,29396,29397,115
1789610880,29399.5,29400.5,29394.75,29395.75,76
1789610940,29397.5,29398.25,29390,29393,99
1789611000,29392.75,29392.75,29384.5,29384.5,100
1789611060,29385,29388.5,29381.5,29387.5,73
1789611120,29388,29398.5,29388,29393.25,176
1789611180,29392.5,29398,29390.5,29392.25,65
1789611240,29392.25,29398.25,29390,29392,47
1789611300,29393,29393,29380,29380.5,88
1789611360,29379.25,29382,29376.5,29377.5,123
1789611420,29378.75,29394,29377.75,29393.25,101
1789611480,29393.75,29395.75,29387.5,29388.25,94
1789611540,29387.25,29392.75,29386.75,29391.5,48
1789611600,29392,29393.75,29388.5,29389.75,27
1789611660,29389.5,29396,29388.75,29394.75,46
1789611720,29395,29399.25,29394.5,29396.25,48
1789611780,29395.75,29401.25,29395.75,29398.25,46
1789611840,29402.75,29411.25,29401.5,29410.75,145
1789611900,29411.5,29415.75,29408.5,29412,149
1789611960,29413.75,29428.75,29413.25,29427.25,208
1789612020,29427.25,29429,29424.25,29427,164
1789612080,29426.75,29437.25,29424.25,29432,234
1789612140,29432,29444.5,29431.25,29443.75,177
1789612200,29443.75,29449,29440.75,29446.25,215
1789612260,29446,29456,29446,29451.25,328
1789612320,29452,29452.5,29444,29451.75,135
1789612380,29450.25,29459,29448.5,29451.25,213
1789612440,29452.5,29455,29445.25,29449,147
1789612500,29449,29451.75,29447.25,29450,56
1789612560,29450.25,29458,29449,29455.5,139
1789612620,29456.5,29462,29454.75,29455.5,165
1789612680,29456,29456.25,29449.25,29453.75,62
1789612740,29454,29454.25,29444,29444.75,98
1789612800,29446.5,29456,29446.5,29452.5,58
1789612860,29453,29458,29452.25,29455.75,99
1789612920,29454.75,29458.25,29453,29457.5,139
1789612980,29458.25,29469.5,29457,29468.5,270
1789613040,29468.5,29468.5,29461.25,29463.25,72
1789613100,29461.75,29466.5,29458.75,29463.5,128
1789613160,29464.25,29470.25,29464.25,29466.5,112
1789613220,29467.25,29468,29459.25,29460.75,105
1789613280,29461,29464,29458.75,29461.25,126
1789613340,29462,29465.5,29460.75,29460.75,60
1789613400,29462,29463,29457,29458.25,88
1789613460,29458,29463,29456.5,29461.75,54
1789613520,29462.75,29463.5,29459.25,29461,34
1789613580,29461.75,29469.25,29461.75,29468,118
1789613640,29468.25,29470.5,29464,29464.5,124
1789613700,29463.5,29465.75,29461.5,29461.5,62
1789613760,29461.75,29470.25,29460.5,29468.25,172
1789613820,29468.25,29470,29465.5,29468.25,141
1789613880,29468.25,29469.25,29463.25,29466.75,120
1789613940,29467,29473.5,29466.75,29469.5,201
1789614000,29469.5,29476.75,29463.5,29465.25,394
1789614060,29464.75,29475.25,29462.25,29472.25,187
1789614120,29473.25,29478.75,29465.5,29465.75,215
1789614180,29466.5,29474,29464.25,29473.75,110
1789614240,29472.25,29496.5,29471.75,29491.25,761
1789614300,29491.25,29503.25,29490.25,29499.5,515
1789614360,29500.5,29512,29499.25,29512,376
1789614420,29509.5,29520.25,29505,29514.75,245
1789614480,29517.5,29522,29514.75,29516.75,231
1789614540,29517,29520.25,29514.25,29518,104
1789614600,29519,29523.75,29517.5,29523.25,173
1789614660,29523.25,29523.75,29514.5,29517,122
1789614720,29516.75,29523.5,29511.75,29512.5,267
1789614780,29513,29515.25,29507.25,29510,142
1789614840,29509.75,29511.75,29505.25,29510,79
1789614900,29510,29512.25,29506.25,29510.75,104
1789614960,29511.25,29521,29509.75,29519.75,137
1789615020,29519.25,29534.25,29519,29532.5,349
1789615080,29531.5,29535.5,29527.25,29528,192
1789615140,29528,29528,29522,29522.5,110
1789615200,29523.5,29525,29518,29523.75,131
1789615260,29524.25,29524.5,29510,29514,179
1789615320,29514.25,29522.25,29508.75,29520.5,144
1789615380,29521,29529.75,29520.25,29528.25,95
1789615440,29529,29537.25,29527.25,29534,170
1789615500,29531,29535.75,29529,29534,75
1789615560,29533,29537.25,29531.5,29536,117
1789615620,29536.75,29544,29533.5,29542.75,220
1789615680,29544,29550,29539,29546.25,746
1789615740,29547,29550,29543.25,29548.75,137
1789615800,29549.5,29567.5,29549.25,29558.5,570
1789615860,29558.75,29559,29552,29552.5,107
1789615920,29552,29556.75,29547.25,29556.75,171
1789615980,29556.75,29556.75,29546.75,29550.25,89
1789616040,29549.5,29553.5,29547.75,29550.5,116
1789616100,29550.25,29550.25,29537,29539,155
1789616160,29539.5,29549,29538.25,29546.25,149
1789616220,29546.25,29546.25,29539,29543.25,88
1789616280,29543,29545.25,29539.25,29540.5,84
1789616340,29542,29545.75,29540,29545.25,48
1789616400,29546.5,29546.5,29540,29542,54
1789616460,29542.25,29550.25,29541,29542.25,101
1789616520,29543,29543.5,29538.75,29542,98
1789616580,29544.75,29548.25,29543.5,29547.5,76
1789616640,29548,29549.5,29545.75,29547.5,135
1789616700,29546.25,29546.25,29533.75,29540,292
1789616760,29540,29545.5,29537,29542.5,69
1789616820,29544,29545.25,29542,29545,46
1789616880,29545.25,29547.5,29539.5,29541.75,59
1789616940,29541.5,29542.5,29533.25,29534,95
1789617000,29533.5,29534.5,29523.25,29526.5,186
1789617060,29526.25,29532,29525,29530.75,107
1789617120,29531.5,29531.5,29523.25,29523.25,66
1789617180,29523.5,29527.5,29521.5,29527.5,117
1789617240,29527,29527,29518.25,29520,138
1789617300,29520.25,29520.25,29514.5,29515.25,156
1789617360,29515,29516.5,29509.75,29510.75,151
1789617420,29513.5,29516.25,29512.25,29516,57
1789617480,29515.25,29519.25,29513.25,29514,179
1789617540,29513.75,29519,29513.75,29517.75,65
1789617600,29517.75,29522,29512.25,29520,199
1789617660,29520.5,29526,29516.5,29521,186
1789617720,29521.5,29530.5,29517,29528.5,135
1789617780,29527.75,29529.5,29515,29515,150
1789617840,29516.75,29530.75,29516.75,29528.5,96
1789617900,29528.75,29532.25,29521,29527.75,276
1789617960,29529.25,29533.25,29522,29522.75,146
1789618020,29523.25,29530.75,29521.25,29530.75,128
1789618080,29531,29532.75,29527.25,29530.25,111
1789618140,29531,29532,29525,29526,99
1789618200,29524.75,29531,29514.75,29519,154
1789618260,29518,29520,29514,29515,228
1789618320,29515.25,29515.5,29497.75,29502.75,289
1789618380,29502.75,29503.25,29490.25,29497.5,170
1789618440,29498,29501.75,29495.25,29496.75,81
1789618500,29496,29502.75,29493.75,29501.5,104
1789618560,29501,29501.25,29491.25,29494.5,94
1789618620,29494.5,29505,29488.25,29488.25,131
1789618680,29489.25,29494.5,29485,29487,127
1789618740,29485.5,29491.5,29485.25,29491.25,107
1789618800,29490,29496,29488.25,29490.5,94
1789618860,29491.75,29495.25,29490.25,29491.5,60
1789618920,29491,29502,29490,29494.25,163
1789618980,29494,29495.75,29491.5,29491.5,57
1789619040,29492,29503.5,29489.25,29502,97
1789619100,29501.25,29509.75,29501,29508.75,84
1789619160,29509.25,29514.25,29509.25,29512.25,159
1789619220,29513.75,29515.5,29508.25,29515,145
1789619280,29515,29515,29509.5,29509.5,55
1789619340,29511.25,29520.5,29511.25,29516.25,179
1789619400,29516.25,29522.75,29507.75,29512.5,193
1789619460,29514,29518.25,29511.75,29511.75,57
1789619520,29512.25,29515.25,29505.75,29509.75,100
1789619580,29508.75,29515,29507,29513.25,59
1789619640,29513.25,29524.5,29513.25,29523.75,115
1789619700,29523.5,29532,29523.5,29524.75,200
1789619760,29526.5,29528,29523,29526,70
1789619820,29525.25,29532,29523,29530.5,104
1789619880,29529.25,29529.5,29525.5,29526.5,70
1789619940,29525.5,29537.25,29525.5,29535.25,149
1789620000,29536.25,29537.75,29528.5,29532.25,63
1789620060,29530.5,29532.25,29525.75,29528.25,67
1789620120,29526.5,29531,29524.75,29526.25,46
1789620180,29525,29527,29524.25,29526.5,17
1789620240,29528,29530.5,29527.75,29530.5,28
1789620300,29530,29532.25,29527.5,29532,42
1789620360,29531.5,29533,29529.75,29531.5,41
1789620420,29531.5,29540.25,29530.25,29537.5,97
1789620480,29537.75,29543.25,29537.5,29540.75,92
1789620540,29541,29543,29540.25,29541.25,49
1789620600,29541.75,29546,29540,29545,78
1789620660,29544,29547,29542.5,29545.5,71
1789620720,29545.5,29548,29535,29539.25,159
1789620780,29539,29555,29538.75,29554.5,139
1789620840,29554.5,29559.75,29553,29553.25,225
1789620900,29555,29559.25,29551.25,29553.5,181
1789620960,29553.75,29561.25,29550,29556,255
1789621020,29556,29559,29554.25,29558,87
1789621080,29558.75,29561.25,29558.25,29559.25,82
1789621140,29559.25,29560.5,29555,29555.5,118
1789621200,29556,29568.25,29555.25,29567.5,225
1789621260,29567.5,29573.75,29566.5,29572.75,162
1789621320,29572.75,29579.75,29565.5,29566.5,270
1789621380,29565.25,29573,29560.25,29572.75,186
1789621440,29571,29571.75,29567,29570.25,127
1789621500,29571,29572.5,29568,29571.25,90
1789621560,29570.5,29575.25,29569.5,29572.75,84
1789621620,29573.25,29584,29573.25,29580,221
1789621680,29580.75,29581,29576,29579,72
1789621740,29578.5,29578.75,29575.5,29577.75,86
1789621800,29578.5,29592.75,29576.75,29591.5,200
1789621860,29592,29592.25,29588.25,29589.25,164
1789621920,29590.5,29592,29584.25,29588.5,112
1789621980,29586.25,29588,29575.25,29575.75,129
1789622040,29574.5,29576.5,29570,29571.5,85
1789622100,29571,29575.25,29566.5,29568.25,95
1789622160,29567.5,29568.5,29563.25,29566.25,98
1789622220,29566.25,29570,29565,29565,123
1789622280,29565.25,29569.25,29564,29566,63
1789622340,29565.75,29565.75,29557,29558,121
1789622400,29558.25,29565.75,29556.5,29559.75,131
1789622460,29561,29563,29555.5,29563,90
1789622520,29562,29562,29558,29559.75,25
1789622580,29560.5,29562,29559.25,29560.75,39
1789622640,29560,29560.75,29558.5,29560.5,49
1789622700,29559,29560,29554.5,29559.25,83
1789622760,29558,29558.5,29553.5,29556.25,79
1789622820,29557,29559.5,29553.75,29557.5,61
1789622880,29559,29563.75,29557.75,29557.75,55
1789622940,29558.5,29560.5,29554,29555.75,53
1789623000,29556.5,29557.25,29553.5,29554.5,37
1789623060,29554.75,29570.5,29554.75,29565.75,162
1789623120,29564.25,29566.5,29563.5,29566.5,64
1789623180,29566,29571,29565,29569,69
1789623240,29568.25,29571.75,29568.25,29570,41
1789623300,29569.25,29573.25,29568.5,29571,55
1789623360,29569.75,29570.5,29564.75,29565.25,107
1789623420,29567.25,29569.5,29565.25,29569.5,38
1789623480,29568.5,29570.5,29563.25,29564,46
1789623540,29566,29568.5,29564,29564,17
1789623600,29563.5,29571,29560.75,29568,106
1789623660,29568,29568,29564.25,29566,20
1789623720,29564.5,29567.5,29564.25,29567.5,15
1789623780,29566,29568.75,29564.25,29566.75,30
1789623840,29569,29572.5,29566.75,29567,53
1789623900,29567,29569.5,29562.75,29563,35
1789623960,29563.75,29564.25,29556.75,29559.5,70
1789624020,29557.75,29559.25,29555,29555,57
1789624080,29555.25,29555.25,29546,29548.5,144
1789624140,29548.75,29550.25,29545.5,29550.25,55
1789624200,29551,29557.5,29550.25,29554.25,94
1789624260,29554.5,29558,29550.25,29555.25,112
1789624320,29556,29562,29555.75,29562,116
1789624380,29560.25,29566,29560.25,29564,135
1789624440,29564,29570,29564,29568,123
1789624500,29567,29580,29566.25,29570.25,292
1789624560,29570.5,29571,29565,29568,71
1789624620,29569.25,29570,29563.25,29563.75,73
1789624680,29563,29563,29558,29560,66
1789624740,29561,29563.5,29557.25,29558.5,37
1789624800,29558.5,29562,29558.5,29560.75,37
1789624860,29560.5,29563.5,29557.75,29562.25,37
1789624920,29561.5,29562.75,29559.25,29562,31
1789624980,29564.5,29569.25,29564.25,29565.5,70
1789625040,29565.5,29569.5,29564.5,29565.5,35
1789625100,29567.75,29571.5,29565.75,29567.5,34
1789625160,29567.75,29571.75,29564.75,29568.75,136
1789625220,29569.25,29577.25,29569,29574.25,101
1789625280,29573.5,29577.5,29573.5,29575,50
1789625340,29575.75,29575.75,29571.5,29571.5,49
1789625400,29572.25,29574.25,29570,29573.75,53
1789625460,29573.75,29580.75,29573.25,29580.5,59
1789625520,29579.25,29581.5,29575.5,29577,73
1789625580,29577.5,29580.5,29576,29576,72
1789625640,29576.25,29577,29569.25,29571.25,90
1789625700,29571.25,29573.5,29568.5,29570.25,104
1789625760,29570.5,29574,29569,29569,52
1789625820,29569.75,29573.25,29569.75,29571,31
1789625880,29571,29576,29568.75,29568.75,74
1789625940,29569,29569,29562,29562,95
1789626000,29563.5,29568,29563.5,29566,41
1789626060,29566.25,29569,29564.75,29565.5,28
1789626120,29566,29570,29565.5,29569.25,50
1789626180,29568.5,29578.25,29567.5,29578.25,103
1789626240,29578.25,29584.75,29575.75,29584,183
1789626300,29584.25,29584.25,29580,29581.75,97
1789626360,29582,29586.75,29581.75,29584.75,81
1789626420,29584.5,29585.25,29582.5,29584.5,40
1789626480,29585,29588.5,29583.75,29588,77
1789626540,29588.5,29589.25,29576.25,29578.25,88
1789626600,29579.25,29590.75,29578.25,29582,311
1789626660,29580.5,29583.5,29577.5,29578,63
1789626720,29578.75,29579.75,29575.5,29579.75,52
1789626780,29579.25,29579.25,29575.75,29576.25,54
1789626840,29576,29576.5,29571.5,29572.75,84
1789626900,29572.5,29583.75,29572.5,29577.5,203
1789626960,29577.5,29582.5,29574.25,29579.5,85
1789627020,29579.25,29583,29576,29579.75,115
1789627080,29580,29582.25,29579,29579,47
1789627140,29580,29583,29578.25,29579,54
1789627200,29577.5,29580,29572.25,29573.5,66
1789627260,29572,29572,29564,29564.75,139
1789627320,29564.75,29566.5,29562.75,29563.25,28
1789627380,29563.5,29565,29561.75,29564.25,59
1789627440,29563.75,29569,29563.75,29566,102
1789627500,29564.5,29568,29562,29566.5,67
1789627560,29566.75,29570.75,29565.75,29567.5,78
1789627620,29567.5,29571,29567,29568.25,44
1789627680,29567.5,29567.5,29564.5,29566,27
1789627740,29565,29568,29564,29568,36
1789627800,29567.25,29573.25,29565.75,29572,70
1789627860,29573.25,29579.25,29573.25,29574,75
1789627920,29572.75,29575.5,29570.5,29573.5,96
1789627980,29571.5,29575.75,29570,29573.25,79
1789628040,29573.5,29573.5,29569.25,29571.5,30
1789628100,29573,29576,29571.5,29576,13
1789628160,29574.25,29582,29574.25,29578.25,50
1789628220,29577.5,29580.75,29575.75,29580,24
1789628280,29579.5,29584,29579.25,29582.5,37
1789628340,29582.25,29589,29582.25,29586.75,104
1789628400,29586.75,29598.5,29585,29596,472
1789628460,29598,29614,29594.5,29596.5,560
1789628520,29596,29600.5,29594,29598.5,144
1789628580,29598.75,29600.5,29589.5,29593,143
1789628640,29592,29593.5,29588.5,29592.25,142
1789628700,29592.75,29595.75,29590,29595,69
1789628760,29594.75,29596.5,29584.75,29587.25,150
1789628820,29587.5,29590,29584.25,29588.75,113
1789628880,29588.75,29588.75,29585,29585.25,52
1789628940,29584.25,29588.25,29582.75,29583.75,114
1789629000,29583.75,29586.25,29579,29581.75,139
1789629060,29582,29582.25,29575.5,29576,116
1789629120,29576.25,29582.5,29576.25,29579.5,67
1789629180,29579.25,29589.5,29577,29589.25,162
1789629240,29587,29591,29584.25,29589,75
1789629300,29589.5,29592,29580.25,29582,124
1789629360,29582.25,29586,29573.75,29576,157
1789629420,29575.75,29575.75,29567.75,29568,75
1789629480,29568.25,29569.25,29566.25,29568.5,72
1789629540,29569.25,29577,29569.25,29575.75,94
1789629600,29575,29585.25,29575,29581.75,115
1789629660,29581.75,29582.5,29577,29578.75,58
1789629720,29577.5,29578.75,29570.75,29571.5,94
1789629780,29571,29576.75,29570.25,29574.75,42
1789629840,29574.25,29577,29569.5,29569.5,63
1789629900,29570,29572.25,29565.75,29567,72
1789629960,29567.75,29575,29565,29573,87
1789630020,29572.25,29578.5,29572,29575.75,111
1789630080,29575.25,29575.75,29573,29573.75,43
1789630140,29573.75,29580,29573.75,29577.75,64
1789630200,29577.5,29578.25,29573,29574.75,48
1789630260,29575,29579.75,29573.5,29576.5,44
1789630320,29578,29582,29578,29581,53
1789630380,29578.25,29578.25,29572.5,29574.75,52
1789630440,29574.5,29576,29572.25,29574.5,52
1789630500,29572.75,29578.25,29571.5,29576.5,59
1789630560,29575.25,29579,29573.25,29573.25,54
1789630620,29574,29575.75,29566.5,29571,129
1789630680,29570.5,29577.5,29570.5,29577,62
1789630740,29575,29577.25,29574.75,29576,25
1789630800,29575.75,29575.75,29565.75,29566,83
1789630860,29566.5,29568.75,29566,29567.75,117
1789630920,29567.25,29572.5,29566,29571,58
1789630980,29570,29571,29568,29569.25,41
1789631040,29570,29570.5,29560,29561.25,121
1789631100,29559.75,29561.75,29558.5,29561.5,74
1789631160,29560.5,29566.75,29558.25,29564,96
1789631220,29564.75,29565,29559.5,29563.25,65
1789631280,29564,29569.25,29562.25,29564.75,61
1789631340,29565.75,29568.25,29563.5,29564.75,100
1789631400,29565.75,29565.75,29555.5,29561.5,172
1789631460,29561.75,29567,29559.75,29564.75,108
1789631520,29565.5,29567.25,29561.5,29564.5,124
1789631580,29564,29570.75,29563.75,29570.75,66
1789631640,29571,29583.25,29571,29579,232
1789631700,29578.25,29586.5,29578.25,29581.75,116
1789631760,29581.75,29582.25,29573.5,29576.25,99
1789631820,29577.5,29584.5,29577.5,29584.5,76
1789631880,29582.5,29623,29581.75,29613.25,1414
1789631940,29611.5,29624,29606,29620,582
1789632000,29621,29625,29610.5,29614,423
1789632060,29614.25,29623.5,29607.25,29608,361
1789632120,29607,29610,29600.75,29609,248
1789632180,29608.25,29609.75,29595.5,29602.5,211
1789632240,29602.25,29627,29602.25,29619.25,1054
1789632300,29619.5,29641.25,29615.5,29637.25,783
1789632360,29637.5,29638.5,29631.25,29635.5,385
1789632420,29634.5,29635.75,29625,29630.75,317
1789632480,29632,29643.25,29632,29641.75,301
1789632540,29641.5,29667.75,29641.25,29666.5,1263
1789632600,29666.75,29680.75,29662.75,29667,812
1789632660,29666.25,29673.75,29665.5,29667.75,340
1789632720,29669,29671,29664,29668.5,234
1789632780,29669.5,29671.25,29662.5,29668.75,212
1789632840,29668.5,29669,29663,29666.25,139
1789632900,29667.25,29671,29663.5,29668,204
1789632960,29668,29671,29662.75,29669,248
1789633020,29668.25,29679.75,29667.25,29677,407
1789633080,29677,29680,29670.5,29677,268
1789633140,29676,29688.5,29673.5,29687.25,415
1789633200,29687.25,29689.5,29682,29687.25,348
1789633260,29687.75,29697,29687.5,29691.5,566
1789633320,29691.5,29693,29685.5,29687.5,267
1789633380,29687.75,29695.5,29686.75,29695.5,267
1789633440,29695.25,29696.75,29691.5,29695.25,284
1789633500,29695.25,29706,29689.5,29704.5,545
1789633560,29704,29708.25,29699.25,29707.5,269
1789633620,29707.25,29712,29701.5,29711.25,400
1789633680,29711.75,29715.5,29708,29712.75,329
1789633740,29712.75,29727.75,29712,29725.25,363
1789633800,29723.75,29728.75,29712.25,29725.75,666
1789633860,29726.5,29729,29718.5,29726,571
1789633920,29726.5,29748.5,29726,29740.25,1096
1789633980,29740,29743.75,29724.5,29743,654
1789634040,29743,29753.25,29741.25,29748.5,667
1789634100,29748.25,29749.75,29736.25,29742.5,607
1789634160,29742.5,29742.5,29732,29733,526
1789634220,29733.5,29733.5,29722,29727,498
1789634280,29726.5,29738.75,29722.75,29735.25,409
1789634340,29735.25,29745.5,29727.75,29743.75,563
1789634400,29743,29744.5,29734.5,29734.75,312
1789634460,29735.75,29736.25,29724.75,29725,268
1789634520,29725.5,29731.25,29723.25,29731.25,442
1789634580,29731.5,29734.25,29729,29733.75,305
1789634640,29732.75,29733.75,29720,29721.75,443
1789634700,29721.5,29724,29715.75,29719.75,373
1789634760,29719.25,29722.25,29716,29719.5,265
1789634820,29718.5,29720.25,29712,29713.5,304
1789634880,29712.25,29715.5,29708.75,29713.5,321
1789634940,29713.25,29721.5,29713,29714.5,360
1789635000,29714,29720.75,29711,29717.5,261
1789635060,29716.25,29727.25,29715.5,29723.25,311
1789635120,29723.75,29723.75,29717.75,29718.25,150
1789635180,29719,29719.75,29713.5,29715.25,178
1789635240,29714.75,29724,29714.75,29724,197
1789635300,29723.25,29723.75,29714,29716.25,241
1789635360,29716.5,29724.5,29715,29724.25,236
1789635420,29724.5,29732.5,29723,29728.5,276
1789635480,29728.25,29728.25,29720.25,29722.75,165
1789635540,29723.5,29724.75,29718,29724,267
1789635600,29724.25,29749.5,29715.75,29749,1053
1789635660,29748,29750,29736.75,29739,468
1789635720,29739,29742.5,29734,29737.5,324
1789635780,29737,29738.5,29733.75,29734.25,170
1789635840,29734.75,29738,29728,29730,343
1789635900,29730.75,29733,29726.25,29730,369
1789635960,29729.5,29730.25,29723.5,29726.25,257
1789636020,29726.75,29730,29724,29727.25,214
1789636080,29726.75,29739.25,29725.75,29731.75,419
1789636140,29731.25,29731.25,29725.25,29725.5,237
1789636200,29725.75,29728.25,29719.75,29719.75,281
1789636260,29720.25,29727,29714,29726,585
1789636320,29725.75,29731.5,29721.75,29725.5,402
1789636380,29725,29736.5,29725,29731.25,397
1789636440,29731.25,29735.25,29729,29730.75,231
1789636500,29730.25,29735.75,29726,29734.25,366
1789636560,29734,29739.5,29729,29731.25,348
1789636620,29731,29735,29729.25,29734.75,148
1789636680,29735.5,29743,29732.5,29733.75,375
1789636740,29734.25,29734.25,29727.75,29727.75,230
1789636800,29728.5,29733.25,29725.75,29726.25,417
1789636860,29726.5,29727,29718.25,29720.5,287
1789636920,29720.75,29722.5,29718.5,29721.5,272
1789636980,29721.25,29721.25,29712,29715,471
1789637040,29715,29717.75,29712.75,29715.5,302
1789637100,29715.5,29719.75,29713.75,29718.25,424
1789637160,29718.75,29729.75,29718.75,29726,368
1789637220,29726.25,29730,29720.25,29722,613
1789637280,29721.75,29728.25,29720,29723.5,667
1789637340,29723.75,29724,29709.75,29718.25,1183
1789637400,29718.25,29737.25,29698.25,29717.75,6527
1789637460,29717.25,29723.75,29673,29673.75,3904
1789637520,29674.25,29685,29664,29675.75,3441
1789637580,29675.25,29678.5,29650.25,29658.75,2559
1789637640,29658.75,29663.75,29641,29641.75,2099
1789637700,29641.5,29658.75,29640.75,29654.75,2032
1789637760,29655,29667.25,29634.25,29648.5,2943
1789637820,29647.75,29649.5,29625.75,29626.25,2102
1789637880,29626.25,29629.75,29605.75,29614.75,2318
1789637940,29614.75,29623.5,29609,29620.5,1628
1789638000,29621,29634.5,29613.75,29631.25,2291
1789638060,29630.75,29642.25,29615.5,29619.25,2266
1789638120,29619.5,29644.5,29613,29644.5,2163
1789638180,29644.75,29649.5,29622.75,29632.5,2334
1789638240,29632.25,29646,29628.25,29641,1497
1789638300,29641.75,29652,29627.75,29627.75,2468
1789638360,29628.5,29654.5,29623.75,29653.75,1992
1789638420,29653.25,29669.25,29645.5,29661,2284
1789638480,29660.5,29662.25,29642.5,29649.25,1785
1789638540,29649.75,29664.25,29635,29664.25,1887
1789638600,29665,29674.25,29657.25,29671.5,2129
1789638660,29672,29673.25,29645,29667,1890
1789638720,29667,29673.25,29662,29671,1377
1789638780,29670.75,29674.75,29662.5,29672.25,1192
1789638840,29672.25,29694.75,29669.75,29674.75,2247
1789638900,29674.25,29683.25,29664.25,29671.75,1900
1789638960,29671.25,29676,29661.75,29671.5,1244
1789639020,29671,29675,29662.75,29672,1090
1789639080,29671.75,29679.5,29667,29671.25,916
1789639140,29671.25,29691,29670,29689,1131
1789639200,29689.5,29690.25,29663.25,29665.75,1917
1789639260,29665.5,29672.75,29648.5,29670.75,2062
1789639320,29670.5,29674.5,29653.25,29664,1481
1789639380,29663.75,29671.75,29650,29671.5,1451
1789639440,29671,29677,29660,29675.5,1120
1789639500,29675,29678,29664.5,29674.25,906
1789639560,29674.25,29683.25,29668,29670.5,1230
1789639620,29670.75,29670.75,29639.5,29642,1619
1789639680,29642.5,29667,29642.5,29665.25,1290
1789639740,29664.75,29670,29654.5,29659.25,991
1789639800,29657.75,29676.5,29656.25,29665,1382
1789639860,29665.25,29666,29646.5,29661,985
1789639920,29660.75,29681.75,29656.25,29676.75,1191
1789639980,29677.25,29701,29672.75,29700.75,1648
1789640040,29699.75,29718,29699,29710.75,2505
1789640100,29710,29714.5,29701.75,29704.75,1441
1789640160,29703.75,29715.5,29703.25,29711,1131
1789640220,29711.5,29719.75,29707.25,29709.25,1234
1789640280,29708.5,29718.25,29704,29708.5,1325
1789640340,29709,29711,29696.25,29709.25,1116
1789640400,29709,29710.25,29692.5,29698.25,1179
1789640460,29697.5,29706.75,29696,29705,762
1789640520,29704.25,29711,29701.5,29703.25,922
1789640580,29702.75,29721.25,29702.75,29718.25,1081
1789640640,29718.25,29725.25,29710.75,29721,1288
1789640700,29721,29723.75,29711.5,29718.25,1082
1789640760,29718.25,29727.25,29715.25,29726.25,1118
1789640820,29726.25,29737,29721,29736,1374
1789640880,29736.25,29742,29720.5,29722.5,1568
1789640940,29722.75,29724.25,29710.5,29712.5,1221
1789641000,29712,29723.75,29708,29721.5,1448
1789641060,29720.5,29726.75,29711.75,29715.25,911
1789641120,29715,29722.5,29710.75,29722.5,727
1789641180,29723,29731,29721,29724.25,952
1789641240,29723,29738,29721.5,29734.5,1047
1789641300,29734,29737.75,29721.25,29732,1107
1789641360,29731.75,29736.5,29725.5,29732,745
1789641420,29731.75,29741.5,29729.5,29740.25,838
1789641480,29739.75,29743.75,29732.75,29738.75,999
1789641540,29738,29743.5,29722.5,29725.25,1042
1789641600,29725.25,29741.5,29721.5,29738.25,896
1789641660,29738.5,29745.75,29730,29743.75,1156
1789641720,29744,29748,29738.5,29739.5,886
1789641780,29739,29741,29727.5,29729.5,1057
1789641840,29729,29730.75,29713.5,29716,1439
1789641900,29715.5,29718.5,29706,29708.25,1192
1789641960,29708.75,29713,29693.25,29699,1444
1789642020,29699.5,29702.25,29681,29686,1248
1789642080,29686,29697.5,29684.75,29690.75,923
1789642140,29690.5,29697.75,29684.5,29693,1212
1789642200,29693,29698.25,29684.25,29686.25,1117
1789642260,29686.75,29697.25,29686.5,29695.5,794
1789642320,29695.5,29696.25,29688.5,29690.75,578
1789642380,29690.75,29694,29682.5,29684.25,923
1789642440,29683.5,29683.75,29668.75,29674.5,1887
1789642500,29674.25,29684.25,29669.5,29674.25,1090
1789642560,29674,29686,29666.5,29685,1107
1789642620,29684.25,29694.75,29684,29687.25,1173
1789642680,29686.75,29695.5,29679.25,29682.25,802
1789642740,29681.5,29684,29673.25,29680,906
1789642800,29680.75,29685.5,29666.25,29677.75,1269
1789642860,29677.5,29683.25,29669.75,29673.25,925
1789642920,29673.5,29680.25,29668.25,29679,699
1789642980,29679.25,29687.75,29676.75,29679,706
1789643040,29679.25,29680,29671.75,29673.25,542
1789643100,29673.75,29675.5,29659.5,29659.75,938
1789643160,29659.5,29667.5,29652,29666.25,1312
1789643220,29666.5,29676,29656.75,29675,993
1789643280,29674.75,29686.5,29670.75,29686.5,838
1789643340,29686.5,29691,29678.5,29681.75,790
1789643400,29681.25,29682.5,29670.25,29677,744
1789643460,29676.5,29686,29673.5,29684.25,647
1789643520,29684.75,29685.75,29671.5,29674.5,831
1789643580,29674.5,29685,29670.75,29683.5,759
1789643640,29683.25,29686,29677.5,29682.5,553
1789643700,29682.25,29682.25,29671,29676.25,629
1789643760,29676.25,29692.5,29674,29692,698
1789643820,29692,29692.5,29682.5,29691,542
1789643880,29690.25,29698,29687.75,29696,658
1789643940,29695.75,29696.25,29687.75,29693.75,590
1789644000,29694.25,29694.75,29684,29686.75,523
1789644060,29687.25,29690.25,29678.25,29684.5,644
1789644120,29684.25,29690.25,29678.75,29688.75,547
1789644180,29689.5,29690.75,29684.25,29685.75,378
1789644240,29685.25,29692.5,29680,29691,495
1789644300,29691.5,29712.25,29691.25,29712,1331
1789644360,29711.5,29714,29703,29704,645
1789644420,29703.25,29711.5,29701,29705,620
1789644480,29705.5,29709.5,29698.75,29709,492
1789644540,29708.75,29713.75,29705,29706.5,588
1789644600,29706.5,29711.5,29702.75,29706.25,733
1789644660,29706.25,29709.25,29703.75,29709,368
1789644720,29708.5,29709.5,29699.75,29702.5,470
1789644780,29702,29706.5,29700,29703.25,370
1789644840,29703,29708.5,29699,29706.25,531
1789644900,29706.25,29715,29704,29706.5,975
1789644960,29706.75,29717,29706,29716,554
1789645020,29716,29720.25,29712.25,29715,558
1789645080,29714.75,29717,29711.25,29715.75,402
1789645140,29716,29720.75,29716,29720.25,384
1789645200,29720,29730,29718.25,29729.25,975
1789645260,29728.75,29737,29725.25,29734.5,1199
1789645320,29734,29737.5,29728.75,29737,882
1789645380,29737.25,29741,29734.5,29734.75,744
1789645440,29734.75,29740,29731.75,29735.25,679
1789645500,29735,29739,29732.5,29734.5,629
1789645560,29734.75,29744,29731,29742.5,730
1789645620,29742.75,29743,29735.75,29737.5,574
1789645680,29737,29743,29736.75,29739.75,612
1789645740,29739.25,29744.75,29735.25,29740.5,775
1789645800,29741,29745.75,29731.25,29737.5,1026
1789645860,29738,29740.5,29734.75,29737.25,508
1789645920,29736.75,29745.5,29735.5,29743.75,763
1789645980,29743.75,29744.25,29732.25,29735.75,824
1789646040,29735.75,29740.5,29734.5,29737.75,445
1789646100,29738,29741,29735.75,29736,430
1789646160,29736.5,29736.5,29726.75,29731.75,770
1789646220,29732,29733.25,29727.25,29730.25,503
1789646280,29730.25,29738.75,29727.75,29738,532
1789646340,29737.75,29743.75,29734.25,29743.5,812
1789646400,29743.25,29746,29735.25,29745.5,873
1789646460,29745.25,29746.25,29736.75,29738.25,481
1789646520,29738.75,29741,29734.5,29737.75,445
1789646580,29737.75,29740,29733.75,29737,427
1789646640,29737.5,29740,29728.75,29728.75,530
1789646700,29729.5,29732.75,29718.75,29720.25,1006
1789646760,29720.5,29723,29717,29719,671
1789646820,29719.75,29726,29718.75,29725.25,455
1789646880,29725.75,29728.25,29720.25,29723.25,376
1789646940,29723.5,29742,29722.25,29741,800
1789647000,29740.5,29744.25,29737.75,29740,611
1789647060,29739.75,29740.5,29734.75,29737.75,535
1789647120,29738.25,29740.25,29734.5,29738,357
1789647180,29738,29738,29732,29734.5,353
1789647240,29734.25,29741,29732.25,29740.25,298
1789647300,29740,29741.75,29733,29737.25,316
1789647360,29737.25,29741,29734.25,29737,332
1789647420,29736.75,29742,29736.75,29740.75,241
1789647480,29740.25,29741.25,29736.75,29740.25,302
1789647540,29740,29740,29735.25,29738.25,343
1789647600,29738,29738.75,29729.25,29733,454
1789647660,29732,29738.5,29732,29737.5,286
1789647720,29738,29742.75,29737.5,29739.75,315
1789647780,29740,29745.25,29737.25,29744.25,354
1789647840,29743.75,29753.25,29743.75,29747.25,1278
1789647900,29747,29751.5,29745,29747.25,408
1789647960,29746.75,29749.5,29743,29748.25,392
1789648020,29748.25,29750,29746,29749,330
1789648080,29749.5,29751.5,29744.75,29744.75,405
1789648140,29745.25,29748.5,29742,29747.5,515
1789648200,29747.25,29750.5,29744,29747.25,444
1789648260,29747.25,29747.5,29734.75,29735,697
1789648320,29735.25,29739,29723.5,29724.5,1026
1789648380,29724.25,29726,29717.5,29719.25,736
1789648440,29718.75,29725.5,29716.5,29725,674
1789648500,29725.5,29726.75,29722.25,29726.25,492
1789648560,29726.25,29732.5,29722.25,29731.5,542
1789648620,29731.5,29733.25,29726,29731.75,528
1789648680,29731.5,29734.75,29727.25,29734.25,363
1789648740,29734.25,29734.5,29727.25,29729.75,460
1789648800,29729,29734.75,29724.75,29734.75,417
1789648860,29734.5,29737.5,29732.5,29734.75,357
1789648920,29735.25,29739.75,29734.5,29739.25,372
1789648980,29739.5,29743.5,29736.25,29743.25,451
1789649040,29743.25,29746.75,29740.5,29746.75,634
1789649100,29746.25,29749.5,29743.25,29744.75,716
1789649160,29744.5,29744.75,29740.5,29743.75,383
1789649220,29743.75,29749.5,29743.25,29747,621
1789649280,29746.75,29749.25,29742.5,29742.75,465
1789649340,29742.5,29746.75,29739.75,29743.25,370
1789649400,29742.75,29744.25,29740.25,29740.5,262
1789649460,29740.5,29745,29739.75,29741,270
1789649520,29742,29746.75,29741.75,29745.25,314
1789649580,29745,29747.25,29742.75,29745.5,309
1789649640,29745.25,29746.5,29741,29742,318
1789649700,29742,29743.75,29715,29721.75,3458
1789649760,29721.25,29726.25,29715.25,29721.5,1476
1789649820,29721,29722,29704.25,29719.5,1293
1789649880,29719.75,29732.75,29718,29731,943
1789649940,29731,29743.75,29730.75,29741.5,768
1789650000,29741.25,29759,29738.5,29755.5,1644
1789650060,29755,29758,29749.5,29757.25,856
1789650120,29757.75,29758.25,29746.75,29748,958
1789650180,29747.5,29747.75,29739.5,29747.25,823
1789650240,29747,29754.25,29745,29753.75,580
1789650300,29754.25,29757.25,29750.5,29753.25,526
1789650360,29754,29762.5,29752.25,29758.5,849
1789650420,29758.25,29762.5,29756.25,29760.75,377
1789650480,29761.5,29761.75,29748,29749.5,661
1789650540,29748.75,29750.75,29745.5,29747.75,472
1789650600,29747.75,29748.5,29738,29742.25,700
1789650660,29741.75,29747,29740.5,29741.5,384
1789650720,29741.75,29743,29734.25,29735.5,503
1789650780,29735.5,29742.5,29735.5,29736.25,477
1789650840,29736.5,29741,29730,29732.25,594
1789650900,29732.5,29737.75,29731,29735.25,463
1789650960,29734.75,29737.75,29733,29736.5,326
1789651020,29736,29739.5,29733.5,29739,474
1789651080,29738.5,29739,29734.5,29736.75,344
1789651140,29736.5,29743.5,29735.75,29738.75,447
1789651200,29739.25,29743.25,29732.25,29733,487
1789651260,29732.75,29733,29722,29724.25,1002
1789651320,29723.75,29733,29723.5,29729,536
1789651380,29729,29734.75,29726.5,29728,475
1789651440,29728,29734.25,29722.5,29725.5,520
1789651500,29725.75,29730.25,29724.5,29729.25,311
1789651560,29729,29729,29721.25,29725.75,312
1789651620,29726,29734.25,29726,29732,368
1789651680,29732,29732.25,29724,29725.25,287
1789651740,29725,29727,29722,29726,379
1789651800,29726.75,29728.75,29717.25,29720.25,723
1789651860,29718.75,29723,29717.5,29720.25,444
1789651920,29720,29727.5,29719.75,29727,344
1789651980,29726.5,29729.75,29724.75,29727.5,375
1789652040,29727.25,29733.25,29727.25,29732.25,470
1789652100,29731.75,29736.25,29730.25,29733.75,365
1789652160,29733.25,29733.25,29725.75,29731,389
1789652220,29730.5,29734,29723.75,29724.5,265
1789652280,29724.25,29729,29723.75,29725.25,395
1789652340,29726,29728.25,29723.25,29723.75,279
1789652400,29723.5,29731,29723.5,29727,382
1789652460,29727.25,29736.75,29727.25,29733.75,373
1789652520,29733.5,29738.75,29731.5,29737.75,503
1789652580,29737.75,29737.75,29735,29735.75,231
1789652640,29735.75,29738,29734.5,29737.5,257
1789652700,29737,29740,29735.25,29737.5,226
1789652760,29737.25,29744.5,29737.25,29743.75,388
1789652820,29743.75,29747.25,29740.75,29741.25,464
1789652880,29741.25,29742,29738.5,29739.25,219
1789652940,29739.25,29741.5,29737.75,29738.25,322
1789653000,29738.25,29738.75,29728.75,29729.5,549
1789653060,29730,29734.75,29728.5,29733.75,397
1789653120,29734,29734.75,29728.25,29729,278
1789653180,29729,29732.25,29727.5,29730.5,297
1789653240,29731.25,29732.5,29729.25,29730.75,248
1789653300,29731.25,29733.5,29730,29731,257
1789653360,29731.25,29733,29729.75,29732.25,210
1789653420,29732,29739,29731.75,29734.25,748
1789653480,29734.25,29741.5,29734.25,29739.5,384
1789653540,29739.25,29743,29737,29742.5,287
1789653600,29742.5,29743,29737,29737.75,350
1789653660,29737.5,29738.75,29734.75,29738.75,290
1789653720,29738.5,29740.75,29733.75,29734.25,405
1789653780,29734.25,29744,29733,29743.25,384
1789653840,29742.75,29744,29740,29741,399
1789653900,29741.5,29747.5,29740.75,29743,514
1789653960,29743.75,29745,29736.25,29737.75,409
1789654020,29738,29739,29730.25,29731.25,457
1789654080,29731.5,29732.25,29728,29729.75,318
1789654140,29729.75,29730.75,29724.5,29728.25,465
1789654200,29728,29729,29724.5,29728.75,520
1789654260,29728.5,29732.25,29725,29725.5,464
1789654320,29725.5,29732.25,29725.5,29731,243
1789654380,29731,29733,29726.75,29730.5,388
1789654440,29730.5,29734,29729.75,29729.75,355
1789654500,29730,29737.25,29729.75,29737,390
1789654560,29736.75,29740,29729.75,29730,561
1789654620,29730,29731.25,29725.25,29725.5,533
1789654680,29726,29726.75,29720.5,29726,536
1789654740,29726.25,29737,29726,29735.75,598
1789654800,29735.5,29738.5,29733,29733.5,404
1789654860,29733.75,29735,29728.5,29729.25,334
1789654920,29729,29731.75,29726.25,29730.75,414
1789654980,29731,29731,29728,29729.5,219
1789655040,29730,29730.5,29722.75,29724.25,536
1789655100,29724.25,29729.75,29723.25,29726,399
1789655160,29725.75,29729.25,29725.75,29728.25,281
1789655220,29728.5,29731.25,29727.75,29728.5,295
1789655280,29729.25,29730,29725.5,29729.25,278
1789655340,29729.75,29730.25,29726.25,29726.25,258
1789655400,29726.75,29734.25,29726.75,29729.75,560
1789655460,29729.75,29731.75,29725.75,29725.75,452
1789655520,29725.75,29730.25,29724.25,29724.75,359
1789655580,29725.25,29727.5,29724,29724.5,305
1789655640,29724.25,29725,29720.75,29721.75,406
1789655700,29722,29723,29718.25,29720,584
1789655760,29719.75,29721,29709,29709,1025
1789655820,29709,29715.5,29709,29714.25,515
1789655880,29714.25,29714.25,29710.25,29711,380
1789655940,29710.75,29713,29708.25,29709.75,455
1789656000,29709.5,29713.25,29705,29713,718
1789656060,29712.75,29716.5,29711.25,29712,544
1789656120,29712,29713.75,29708.5,29711.75,730
1789656180,29711.75,29714.75,29711.25,29712,302
1789656240,29712,29718,29711.5,29717,425
1789656300,29716.5,29722,29715,29719,551
1789656360,29718.5,29720.25,29716.5,29718.5,357
1789656420,29718,29719.25,29716.25,29719,368
1789656480,29719.5,29725.75,29718.75,29724.5,511
1789656540,29724.75,29728.5,29721,29721.5,530
1789656600,29721,29724,29720.75,29723.5,295
1789656660,29724.25,29726,29722.25,29725.25,395
1789656720,29725,29726,29717.75,29718,373
1789656780,29718,29720.25,29716,29718.75,398
1789656840,29718.5,29721.25,29716.5,29720.5,259
1789656900,29720.5,29725,29718,29718.25,447
1789656960,29718.25,29719.5,29715,29717.75,385
1789657020,29718.25,29723.25,29717.5,29722.25,518
1789657080,29722.25,29724,29719.25,29721.75,288
1789657140,29721.75,29723,29719.25,29722,289
1789657200,29722,29733.5,29720,29733,874
1789657260,29732.5,29732.5,29727.75,29729.5,471
1789657320,29730,29730.5,29725.25,29730,372
1789657380,29730.25,29733,29728.5,29731.25,374
1789657440,29731,29736.75,29730.75,29735,516
1789657500,29735.25,29746,29735.25,29745.25,995
1789657560,29745,29751,29741.75,29749.25,910
1789657620,29749.25,29749.5,29743.5,29747,506
1789657680,29746.75,29747.5,29743.25,29744,417
1789657740,29743.75,29744.25,29735.25,29739.25,755
1789657800,29739.5,29741.25,29736.5,29739,442
1789657860,29739,29740.25,29734.5,29737.75,390
1789657920,29737.5,29740,29735.25,29739.25,445
1789657980,29739,29744.75,29737.75,29744.5,459
1789658040,29745,29746,29739.5,29740,412
1789658100,29740.25,29742.5,29739.25,29740.5,361
1789658160,29740.75,29741.75,29736.75,29739,453
1789658220,29739,29741,29737.5,29740.5,346
1789658280,29740.25,29746,29739.75,29744.75,330
1789658340,29744.75,29746.5,29742.5,29743.75,360
1789658400,29744,29746,29743,29745,299
1789658460,29745.25,29746.25,29742,29743,453
1789658520,29743,29743.25,29740,29740.25,250
1789658580,29741,29741.75,29738.5,29740.5,356
1789658640,29740.5,29740.75,29734,29735.25,482
1789658700,29735,29739,29732.5,29738.5,548
1789658760,29738.5,29738.5,29731.5,29732.25,390
1789658820,29732.5,29733.5,29728.25,29731.25,565
1789658880,29731.5,29734.75,29730.5,29733.75,327
1789658940,29733.5,29734,29730.75,29732,399
1789659000,29732,29747,29730.75,29746.5,939
1789659060,29746.25,29754,29745,29752,923
1789659120,29751.5,29753,29748,29752,547
1789659180,29751.75,29752.5,29749,29750.5,484
1789659240,29750.75,29753,29747.5,29752.75,412
1789659300,29752.25,29757.75,29752,29754.5,641
1789659360,29755,29760.5,29754.25,29756.25,699
1789659420,29756.25,29759.75,29755.75,29758.5,481
1789659480,29758.25,29760.75,29755.75,29757.75,556
1789659540,29757.75,29758.5,29755,29758,370
1789659600,29758.25,29759.5,29753.75,29754.75,614
1789659660,29754.5,29757.75,29750.75,29751.75,664
1789659720,29751.75,29753.25,29746.5,29752.25,702
1789659780,29752.5,29758,29752.5,29757,547
1789659840,29757.25,29770,29757,29763.25,1135
1789659900,29763.5,29765.5,29755.75,29759.75,991
1789659960,29759.5,29761.25,29750.75,29752,625
1789660020,29752,29754.25,29749.5,29753.5,607
1789660080,29753,29755.5,29751,29754.5,505
1789660140,29755,29757,29752,29753.5,633
1789660200,29754,29769,29753.5,29767,1956
1789660260,29767.25,29783,29766.25,29781,1630
1789660320,29781,29781.75,29773.75,29780,1165
1789660380,29779.75,29791.5,29777.25,29788.25,1695
1789660440,29788.5,29793.25,29768.25,29769.25,2403
1789660500,29769.75,29775.25,29762,29769,2058
1789660560,29768.5,29773.5,29767.25,29773.5,1425
1789660620,29773,29775,29766.5,29767.5,1520
1789660680,29767.25,29768.25,29756,29758.75,2460
1789660740,29759,29759.5,29731.5,29745,11494
1789660800,29745,29748.25,29736.5,29739.5,2842
1789660860,29739.25,29745.5,29734.25,29741.75,1192
1789660920,29741.25,29744,29738.75,29742.5,714
1789660980,29742.5,29744.25,29739.5,29739.75,553
1789661040,29740,29741.25,29737,29737.25,490
1789661100,29737.5,29744.5,29737,29744.5,566
1789661160,29744.25,29744.75,29735.5,29739,462
1789661220,29739.25,29744.5,29738.5,29743.5,269
1789661280,29743.5,29744.75,29740.25,29740.25,245
1789661340,29740.5,29743.75,29737,29743.5,529
1789661400,29743.25,29744.5,29739.5,29740.75,380
1789661460,29740.75,29742.5,29738.25,29738.75,313
1789661520,29739,29739.75,29733.5,29733.75,336
1789661580,29733.75,29735.75,29731.25,29731.5,289
1789661640,29731.5,29732.25,29723.5,29724.75,699
1789661700,29724.25,29728.25,29722.5,29724,348
1789661760,29724.25,29726.25,29716.75,29718.25,583
1789661820,29718,29721.75,29716,29721,230
1789661880,29721,29724.5,29720,29721.25,167
1789661940,29721,29723.25,29716.5,29716.75,119
1789662000,29716.5,29719.5,29715.75,29716.25,168
1789662060,29715.75,29719.5,29715,29717,105
1789662120,29716.5,29719,29715.25,29718.5,98
1789662180,29717.75,29719.5,29716.5,29716.5,101
1789662240,29716.25,29718.75,29715,29718,253
1789662300,29718,29718,29715.5,29717.75,97
1789662360,29717.5,29718.5,29715,29715.75,94
1789662420,29716.25,29718,29715,29717.75,116
1789662480,29717.5,29719,29715.25,29716.75,124
1789662540,29716.5,29717.5,29715,29715,47
1789662600,29715.25,29717,29714.5,29714.75,55
1789662660,29714.5,29717.25,29714.5,29716.75,55
1789662720,29716.5,29717.75,29715.5,29716.75,92
1789662780,29716.75,29718,29716.25,29718,36
1789662840,29718,29718.5,29715.25,29717.75,74
1789662900,29717.5,29720.5,29716.25,29716.25,214
1789662960,29716.75,29720.5,29716.75,29720,78
1789663020,29719.75,29722.25,29719.75,29720.75,123
1789663080,29720.5,29722,29719,29719.25,127
1789663140,29719,29721.25,29719,29720.25,56
1789663200,29720,29721.75,29719.75,29720.75,58
1789663260,29720.25,29721,29719.5,29720,55
1789663320,29719.75,29720.5,29717,29717,84
1789663380,29716.5,29717.25,29714.75,29716,87
1789663440,29715.75,29716.5,29714.5,29715.5,75
1789663500,29715.75,29716.5,29714.5,29714.5,134
1789663560,29714.5,29717.5,29714.25,29717,76
1789663620,29717.25,29718,29716.75,29717.25,65
1789663680,29717.5,29720,29717.25,29719.75,80
1789663740,29720.25,29720.25,29715.5,29716.5,127
1789663800,29716.25,29716.75,29712.5,29712.75,117
1789663860,29712.75,29718.5,29712.75,29718,136
1789663920,29718.5,29720,29718.25,29718.75,73
1789663980,29719.25,29721.25,29719.25,29720.75,45
1789664040,29722,29723,29719.75,29721,58
1789664100,29720.5,29722.25,29720,29722,72
1789664160,29721.75,29723.75,29720.5,29723.25,67
1789664220,29722.5,29725.75,29722.5,29723.25,118
1789664280,29722.75,29725.5,29722.5,29723.25,38
1789664340,29723.25,29723.25,29717.25,29720.5,85
1789668000,29723.75,29728.5,29713.5,29717,407
1789668060,29717.5,29718.75,29711.5,29718.5,167
1789668120,29716.5,29716.75,29708.5,29708.5,139
1789668180,29709,29709.75,29706.75,29708.75,60
1789668240,29709,29710,29707,29707,27
1789668300,29707.75,29711.5,29704.25,29709.25,157
1789668360,29710,29710,29706.25,29708.25,32
1789668420,29706.5,29706.5,29701.5,29703.5,110
1789668480,29704,29704.5,29696.25,29698.5,223
1789668540,29698.5,29700,29696.5,29699.25,45
1789668600,29700.25,29702,29699,29699.25,112
1789668660,29699.75,29701.75,29699.25,29701.5,82
1789668720,29700.5,29705,29699.25,29702.75,53
1789668780,29702.75,29703.75,29700.75,29703.25,46
1789668840,29703.5,29706.75,29703.5,29704.25,53
1789668900,29704.25,29705.25,29701.25,29701.25,22
1789668960,29701.25,29702.5,29695.25,29697,85
1789669020,29697.75,29698.75,29690,29694,133
1789669080,29694.75,29700,29694.75,29699,71
1789669140,29700,29700,29697.75,29699,40
1789669200,29699.75,29702.25,29690.75,29694.5,143
1789669260,29695.5,29696.25,29692.75,29695,38
1789669320,29695.25,29695.25,29692,29692.5,43
1789669380,29693,29693.75,29689.5,29691.25,78
1789669440,29691.25,29694,29691.25,29694,21
1789669500,29694,29696.75,29691.5,29691.75,69
1789669560,29692.5,29694,29688.25,29690,71
1789669620,29689.25,29690.75,29688.25,29689.25,58
1789669680,29690.25,29691,29686.5,29686.75,112
1789669740,29686.5,29686.5,29680.75,29683.25,177
1789669800,29682.75,29683.75,29679.5,29681.75,66
1789669860,29681.25,29684,29680.25,29683.5,130
1789669920,29683.25,29684,29679.75,29679.75,54
1789669980,29680,29680,29674.5,29675,121
1789670040,29675.5,29678.5,29675.5,29678.5,56
1789670100,29677.75,29678,29676.5,29676.5,24
1789670160,29677.25,29687.25,29677.25,29682.5,213
1789670220,29682.25,29684.75,29680.75,29684.5,85
1789670280,29683.5,29684.25,29680.75,29683,48
1789670340,29681.75,29686,29679.75,29681.75,219
1789670400,29681.5,29683.75,29677.5,29678,83
1789670460,29677.75,29682,29677.25,29681.25,61
1789670520,29681.25,29681.25,29676,29678,91
1789670580,29678.75,29679.75,29677,29679.25,35
1789670640,29679,29682,29678,29681.25,29
1789670700,29681.75,29683.25,29680.75,29683.25,23
1789670760,29683,29683,29679.25,29683,60
1789670820,29682.25,29683.75,29680,29680.5,60
1789670880,29681,29683.25,29680.75,29681.75,48
1789670940,29682.25,29683.5,29681.5,29683.5,25
1789671000,29683.25,29683.25,29678.75,29681,45
1789671060,29680.5,29680.5,29677,29679.5,61
1789671120,29679.5,29681,29679.5,29680,25
1789671180,29680,29680.25,29675.75,29677.5,76
1789671240,29678.25,29678.75,29674,29674.5,106
1789671300,29675.5,29683.75,29674.25,29681,107
1789671360,29681.25,29683.25,29679.5,29682.5,24
1789671420,29683,29684,29681.25,29684,28
1789671480,29684,29688.25,29684,29687,123
1789671540,29686.5,29689,29685.25,29687.5,75
1789671600,29686.75,29693,29686.75,29691.25,131
1789671660,29690.75,29696.5,29690.25,29692.75,170
1789671720,29692.75,29694.25,29692,29694.25,42
1789671780,29694.5,29697.75,29694,29695.75,164
1789671840,29695.75,29700.75,29695.5,29698,211
1789671900,29698,29708,29698,29704.5,205
1789671960,29704.5,29706.75,29703.75,29705,75
1789672020,29704.75,29706,29704,29704,49
1789672080,29704,29707,29704,29705.25,46
1789672140,29705.25,29707.75,29704.75,29706.75,59
1789672200,29706.5,29712,29706.5,29709.75,197
1789672260,29710.5,29711.75,29702,29704.5,115
1789672320,29703.5,29704.5,29701.5,29701.75,71
1789672380,29701.5,29702.75,29692,29695,190
1789672440,29695.75,29696,29692.75,29693,52
1789672500,29693,29696.75,29690.75,29692.75,115
1789672560,29693.25,29694.5,29686,29687.5,122
1789672620,29688.75,29693,29687.75,29692.5,79
1789672680,29692.25,29694.5,29692.25,29694.5,40
1789672740,29694,29697,29694,29694.5,20
1789672800,29694,29697.25,29694,29696,42
1789672860,29696.75,29698.75,29694.75,29694.75,37
1789672920,29694.5,29698.5,29694.5,29698.5,23
1789672980,29698.25,29703.75,29698.25,29699.75,101
1789673040,29700.5,29701,29697.75,29697.75,26
1789673100,29698.5,29699.5,29694,29694,51
1789673160,29694.5,29695.5,29690.5,29691.5,53
1789673220,29690.75,29693,29689,29692.5,83
1789673280,29691.75,29693,29690.5,29692,24
1789673340,29691.5,29691.5,29688.75,29690,18
1789673400,29690.25,29695,29687.5,29693.25,82
1789673460,29694,29694,29690.25,29691.75,37
1789673520,29692.5,29694.25,29691.75,29693.25,15
1789673580,29693,29696,29691.5,29696,22
1789673640,29696.25,29697.5,29694.75,29696.75,23
1789673700,29696,29697.25,29695.5,29695.5,12
1789673760,29695.25,29695.5,29693.5,29695.25,29
1789673820,29695.75,29701.25,29695.75,29699.25,48
1789673880,29698,29700,29695,29698.5,31
1789673940,29698,29699.5,29696.5,29698,17
1789674000,29698.5,29700.5,29697.75,29698.5,28
1789674060,29699.75,29704,29698.25,29702,68
1789674120,29701.75,29705,29701.75,29702.25,35
1789674180,29702,29703,29693.75,29695.5,71
1789674240,29696.25,29699.25,29695,29698.5,51
1789674300,29697.5,29702,29690,29696.5,130
1789674360,29695.5,29696.75,29692.25,29695.75,60
1789674420,29697.5,29702.25,29693.75,29695.25,45
1789674480,29695.25,29697.5,29692.25,29692.5,58
1789674540,29693.5,29698.75,29693.5,29698.25,23
1789674600,29697.5,29698.5,29695.5,29696,28
1789674660,29696.75,29699.25,29695.25,29697.25,31
1789674720,29695.5,29699,29695.5,29697.75,25
1789674780,29697.25,29700.25,29697.25,29698.5,50
1789674840,29699.25,29702,29699.25,29699.5,26
1789674900,29699.5,29701.75,29696.5,29698,36
1789674960,29698.75,29701.25,29698.5,29699.5,23
1789675020,29699.25,29699.25,29696.5,29699,32
1789675080,29698,29698.25,29695.25,29697,23
1789675140,29697.75,29700,29696.5,29696.5,40
1789675200,29697.25,29701,29688,29691.25,337
1789675260,29691.25,29706.5,29689.75,29705.5,252
1789675320,29706,29708,29697.5,29701,117
1789675380,29701.25,29706.5,29695,29700.5,90
1789675440,29699.5,29703,29696.5,29699.75,61
1789675500,29695,29698.5,29686.5,29692.75,136
1789675560,29693.75,29700,29692,29697,126
1789675620,29696.5,29696.5,29678.75,29684.25,232
1789675680,29685.25,29693.5,29683.75,29687.25,145
1789675740,29688.5,29693.75,29688.5,29691,142
1789675800,29690.75,29693.25,29684.25,29685.5,83
1789675860,29684.5,29688.75,29681.25,29684.75,138
1789675920,29684.75,29686,29676,29679,109
1789675980,29679,29688,29678.75,29686,128
1789676040,29686.25,29698.5,29685.75,29698.25,126
1789676100,29698.75,29701.5,29693.5,29696,135
1789676160,29695.75,29698.75,29687.5,29690.25,163
1789676220,29690.75,29697,29690.75,29693.5,82
1789676280,29693.25,29701.5,29693.25,29700.25,56
1789676340,29699.75,29700,29694,29694.75,55
1789676400,29695.25,29695.5,29690.25,29690.25,28
1789676460,29691.25,29691.25,29686,29690.75,94
1789676520,29688.75,29693.25,29688.75,29691.25,24
1789676580,29691.25,29695,29689.5,29692.5,42
1789676640,29691.5,29696.75,29688.75,29695.25,62
1789676700,29695.5,29700.25,29694.5,29700.25,41
1789676760,29699.25,29700,29693.5,29698,84
1789676820,29698.25,29698.75,29693,29693.25,47
1789676880,29693.25,29693.25,29682.5,29684.25,199
1789676940,29684.75,29687.75,29682.25,29686.75,60
1789677000,29687.5,29696.5,29687.5,29694,68
1789677060,29692.25,29695.75,29690.5,29692.25,61
1789677120,29690.75,29696.5,29690,29695.75,46
1789677180,29696.25,29696.25,29691.75,29692,26
1789677240,29691.5,29697.25,29691.5,29695.25,49
1789677300,29694.75,29695.5,29692.25,29693,27
1789677360,29693,29693.75,29685,29686.75,95
1789677420,29687.75,29691.5,29686.25,29686.75,46
1789677480,29687,29688,29680,29680.5,120
1789677540,29680.75,29682,29671.75,29672.25,268
1789677600,29672,29673,29663.75,29667.75,410
1789677660,29668,29672,29667.25,29668,105
1789677720,29668.25,29669,29662.25,29666.5,145
1789677780,29666.5,29675.5,29666.5,29674,183
1789677840,29674.5,29685.75,29674.5,29680.75,179
1789677900,29680,29683,29674.25,29676.5,77
1789677960,29677.75,29680.5,29674.25,29678.25,80
1789678020,29679,29680.25,29669.5,29670.25,100
1789678080,29671,29672.25,29666.25,29667.75,87
1789678140,29668.25,29670.25,29664.5,29665,64
1789678200,29665,29668.25,29660.5,29666,199
1789678260,29665,29668.25,29663.75,29665.5,54
1789678320,29665.75,29667.75,29664.5,29667.5,69
1789678380,29668.75,29670.5,29667.25,29668.25,52
1789678440,29667.75,29670,29666.75,29668.25,32
1789678500,29669.5,29669.5,29665.25,29668.5,29
1789678560,29668.75,29669.25,29665.75,29667,45
1789678620,29667.25,29668,29665,29668,44
1789678680,29667.5,29668.25,29665.75,29668,29
1789678740,29668.75,29669.25,29664.75,29666.5,70
1789678800,29665.75,29682.25,29665,29665.25,279
1789678860,29668.5,29670.5,29658.25,29662.75,235
1789678920,29663.5,29666.5,29662,29663,53
1789678980,29662.25,29663.75,29659.25,29663.5,79
1789679040,29663.75,29665,29659,29659.5,55
1789679100,29660.75,29669,29660,29666.75,103
1789679160,29667.25,29676,29663.5,29671.75,135
1789679220,29671,29674.5,29670.25,29674.5,85
1789679280,29674.75,29675,29665.75,29668.75,87
1789679340,29669,29671.25,29665.75,29665.75,42
1789679400,29666.25,29669.25,29664.25,29668.25,70
1789679460,29669.25,29670,29663.25,29669.75,85
1789679520,29670.25,29670.25,29663.5,29667.75,57
1789679580,29667.75,29667.75,29659.75,29663.25,99
1789679640,29662.75,29667.75,29661.75,29662,44
1789679700,29661.5,29661.5,29656,29657.5,157
1789679760,29658,29659.25,29648,29652.75,414
1789679820,29653.5,29659.25,29653,29657.25,132
1789679880,29657,29657,29651.75,29653,135
1789679940,29653.75,29660.75,29650.5,29659,119
1789680000,29659.25,29663,29655,29661.25,98
1789680060,29660,29664.5,29658,29661.75,79
1789680120,29661.25,29661.5,29654.25,29656.75,43
1789680180,29656.75,29658.75,29652.5,29654.25,51
1789680240,29653,29658.75,29653,29657.25,45
1789680300,29657.75,29658.75,29651,29652.5,36
1789680360,29652.25,29653.5,29649.25,29652.25,78
1789680420,29651.5,29655.5,29649.5,29654.75,64
1789680480,29653.75,29656.75,29652.25,29656.5,21
1789680540,29656.25,29660.25,29656.25,29657.5,55
1789680600,29657.25,29663.5,29656,29659.75,151
1789680660,29658.75,29660,29654.25,29654.75,60
1789680720,29655.25,29656.75,29652,29656.75,63
1789680780,29654.5,29658,29653.5,29654,37
1789680840,29654.75,29661.75,29654,29660.25,52
1789680900,29658.75,29662.75,29655,29662.5,68
1789680960,29661.75,29667.25,29661.25,29664.75,147
1789681020,29664.75,29667.25,29664.25,29665.75,55
1789681080,29666.25,29668,29662,29665,48
1789681140,29664.25,29666.75,29661.5,29662.25,83
1789681200,29661.5,29669,29660.5,29668,94
1789681260,29667.75,29674.5,29666.75,29674,156
1789681320,29673,29677.5,29670.5,29671.75,160
1789681380,29672.75,29674,29672,29672.25,41
1789681440,29672.5,29672.75,29663,29664.5,96
1789681500,29665,29673,29664.5,29672.5,86
1789681560,29672.75,29673.75,29670.5,29673,56
1789681620,29673.5,29675.5,29672.25,29675.25,59
1789681680,29675.25,29681,29673.75,29679.5,176
1789681740,29680.25,29683,29679.75,29680.25,87
1789681800,29680.5,29680.75,29671.5,29671.5,136
1789681860,29672,29675.25,29669.5,29673.5,77
1789681920,29673.5,29679.25,29671.25,29678,89
1789681980,29677.75,29679,29676,29678,55
1789682040,29678,29679.5,29676.5,29677.5,29
1789682100,29678.75,29678.75,29671.75,29674.5,73
1789682160,29675.5,29677.25,29673.75,29675.25,66
1789682220,29675.25,29679.75,29675.25,29677.75,83
1789682280,29680,29680.5,29678,29679,35
1789682340,29680.5,29680.5,29678,29678,41
1789682400,29679.75,29682.5,29678,29678,112
1789682460,29678.5,29684,29676.5,29684,78
1789682520,29683.75,29683.75,29679.75,29679.75,54
1789682580,29681,29682.5,29677.25,29677.75,42
1789682640,29677.5,29680,29676,29676.5,36
1789682700,29676.5,29679,29676.25,29676.75,35
1789682760,29678.75,29678.75,29671,29672.5,81
1789682820,29673.25,29674.5,29672.25,29673,49
1789682880,29672.75,29674.5,29670.5,29671,39
1789682940,29670.75,29672.75,29670.25,29671.25,38
1789683000,29670.75,29671,29663,29666.75,149
1789683060,29667.5,29671,29666.25,29666.25,41
1789683120,29667.5,29670,29665.25,29668.75,43
1789683180,29667.5,29671,29666.5,29671,26
1789683240,29670.75,29676.25,29669.25,29673.75,87
1789683300,29674.5,29676.25,29671.5,29674.5,40
1789683360,29674,29678.5,29673.75,29677.75,65
1789683420,29676,29677.25,29674,29674,42
1789683480,29674.5,29679,29674.5,29678.75,21
1789683540,29678,29681.75,29676.75,29681,53
1789683600,29681,29685.75,29680,29683.25,111
1789683660,29682.5,29687.75,29681,29683,155
1789683720,29683.5,29683.5,29680,29681,45
1789683780,29680.25,29691.25,29680.25,29690,126
1789683840,29690,29692.25,29688,29690,120
1789683900,29690.5,29691.25,29687.5,29688,44
1789683960,29687.75,29690.25,29686.75,29686.75,66
1789684020,29686.25,29687.25,29681.25,29687.25,83
1789684080,29687.25,29688.25,29683.75,29686.25,52
1789684140,29687.25,29689.75,29686.5,29687.75,40
1789684200,29688,29690,29685.25,29688.75,98
1789684260,29686,29690.75,29684,29685,47
1789684320,29685,29687.5,29685,29686.25,58
1789684380,29687,29689.75,29686,29688,63
1789684440,29690.25,29692.25,29690,29691.25,63
1789684500,29691.75,29693.25,29688.5,29690.75,65
1789684560,29690,29691.25,29688.75,29691.25,22
1789684620,29689.5,29689.75,29686.75,29687.75,29
1789684680,29687,29687,29683.75,29685.25,47
1789684740,29685.75,29688.75,29685.75,29687,31
1789684800,29686.5,29688.75,29686.5,29688.75,31
1789684860,29689.25,29692.75,29688.5,29692.75,45
1789684920,29692.75,29698.25,29691.5,29698.25,127
1789684980,29697.5,29698,29695,29695.5,67
1789685040,29694.75,29697.5,29692,29693.5,57
1789685100,29693,29698.75,29692,29696.25,83
1789685160,29694.75,29698,29694.75,29698,30
1789685220,29697.5,29699.5,29696.5,29698.75,40
1789685280,29698.25,29698.75,29696.75,29697.25,26
1789685340,29697,29698.5,29695.25,29698.25,42
1789685400,29698.25,29704,29698.25,29701,185
1789685460,29700.5,29701,29697.75,29699.25,38
1789685520,29699.25,29700.5,29694.5,29695.25,89
1789685580,29695.5,29700.25,29695,29695,87
1789685640,29695.25,29703,29689.75,29695.25,268
1789685700,29694.25,29701.75,29691.25,29699.25,149
1789685760,29699.5,29702.75,29693,29696,98
1789685820,29696.5,29697.25,29691,29692.75,69
1789685880,29692.25,29693.25,29687.25,29692.5,81
1789685940,29692.5,29695.25,29691.75,29692.75,62
1789686000,29693.75,29694,29689,29692.5,151
1789686060,29692.25,29696,29690.75,29694.5,53
1789686120,29693.5,29700,29693.25,29698.5,117
1789686180,29697.75,29700.25,29697.75,29700.25,19
1789686240,29700.75,29709,29699.25,29709,207
1789686300,29709,29713.5,29708,29711.25,230
1789686360,29712.25,29714,29710.75,29713,128
1789686420,29713.5,29720.5,29712.25,29720,238
1789686480,29719.75,29729,29719.75,29726.25,273
1789686540,29726,29728,29721,29725.25,139
1789686600,29725.5,29730,29725,29728.25,231
1789686660,29728.25,29731.75,29725.75,29729.75,371
1789686720,29729.75,29735,29729.5,29735,311
1789686780,29733.75,29737.5,29731.75,29734.75,361
1789686840,29734.25,29738,29730,29737,209
1789686900,29737.5,29737.75,29730.25,29731.75,115
1789686960,29732,29733.25,29730.25,29730.25,73
1789687020,29731.75,29732,29726,29726.25,167
1789687080,29725.5,29727,29719.5,29724.75,212
1789687140,29724.75,29729.25,29724.25,29727.75,74
1789687200,29729,29737.25,29728.75,29736,132
1789687260,29736,29738.5,29734.75,29738,138
1789687320,29737.5,29738,29732.75,29735.75,107
1789687380,29735.75,29736.5,29729.5,29731,80
1789687440,29731,29733.5,29730.75,29731.25,66
1789687500,29732.5,29733.75,29730,29733,61
1789687560,29732.25,29737.5,29730,29735.5,63
1789687620,29736.75,29736.75,29734,29734,15
1789687680,29734.75,29737.75,29734.5,29737,38
1789687740,29737.25,29737.25,29732.5,29733.5,54
1789687800,29734,29736,29732,29733.5,86
1789687860,29733.5,29733.75,29729.25,29731.25,67
1789687920,29729,29731.25,29727.25,29731.25,116
1789687980,29732,29739,29732,29737.75,90
1789688040,29737.25,29739.25,29734.5,29737.25,80
1789688100,29737.75,29742,29737.5,29741.25,198
1789688160,29740.75,29747,29740.25,29745,365
1789688220,29744.25,29745.75,29742.25,29744.5,87
1789688280,29744,29744.75,29740.25,29741.75,86
1789688340,29742,29745,29738.5,29743.25,126
1789688400,29742.25,29746.75,29742.25,29745.75,55
1789688460,29746,29747,29744.5,29746,49
1789688520,29746.25,29748,29745,29747.25,88
1789688580,29748,29748.25,29746,29746.75,57
1789688640,29747.5,29748.25,29745.75,29747.75,71
1789688700,29748,29759.5,29747.75,29756,367
1789688760,29755.5,29760,29755.5,29757,90
1789688820,29756.75,29762,29756.5,29759.5,187
1789688880,29759.25,29761.5,29756.75,29760.5,62
1789688940,29760,29763.75,29760,29762.25,187
1789689000,29761.5,29764.75,29761,29764.25,60
1789689060,29763.5,29764.25,29757.25,29758.75,129
1789689120,29758,29758,29754.25,29757.25,121
1789689180,29757.5,29758.5,29754.25,29755.5,45
1789689240,29755.25,29757.5,29754.5,29756.75,46
1789689300,29756.75,29756.75,29753.25,29755.25,55
1789689360,29756.25,29758.5,29755.5,29756.5,33
1789689420,29756.75,29757.5,29754,29754,63
1789689480,29753.25,29753.75,29749.75,29752.25,111
1789689540,29752.25,29755,29751.75,29755,40
1789689600,29754.75,29761.75,29754.75,29757.75,152
1789689660,29756.75,29760,29756,29758.75,84
1789689720,29759.5,29763,29759.25,29762.75,47
1789689780,29762.25,29762.25,29758.5,29761.75,49
1789689840,29762,29768,29760.75,29766.25,287
1789689900,29766.25,29767.5,29765,29767.5,66
1789689960,29767,29767,29761.75,29764.5,66
1789690020,29764.5,29768,29764.25,29766.75,69
1789690080,29767,29767.5,29763.25,29764,33
1789690140,29762.75,29764.5,29762,29762.75,29
1789690200,29763.25,29767,29763.25,29766,58
1789690260,29764.5,29767.5,29763.5,29766.5,36
1789690320,29766.75,29768.75,29766.75,29767.25,61
1789690380,29768,29768.5,29766.75,29768.25,41
1789690440,29767.75,29768.25,29763.25,29768.25,95
1789690500,29767.75,29773.5,29767,29767,242
1789690560,29767,29771,29763.5,29770.75,106
1789690620,29770.75,29770.75,29766.75,29769,51
1789690680,29768.5,29768.75,29760.75,29763,85
1789690740,29764,29768.25,29763,29766.5,102
1789690800,29767,29767.5,29760.75,29761.25,39
1789690860,29760.75,29764.5,29760,29763.25,67
1789690920,29763.25,29764.75,29761.75,29764.5,48
1789690980,29764.25,29764.25,29759,29762,64
1789691040,29762.25,29762.5,29759.75,29760,70
1789691100,29760.25,29761.5,29755,29760.75,144
1789691160,29760.75,29766.5,29760.75,29765.75,76
1789691220,29765.25,29771.5,29762.25,29771,99
1789691280,29770.75,29771.75,29768.25,29768.75,73
1789691340,29769.75,29772.75,29769.5,29772.25,55
1789691400,29773,29777.75,29772.25,29774,301
1789691460,29773.25,29779,29772.75,29777.75,89
1789691520,29778.75,29779.75,29777.25,29778,90
1789691580,29778.5,29779.5,29777.5,29779,84
1789691640,29777.75,29778.5,29770.75,29772.5,111
1789691700,29773.25,29774.75,29772.25,29773.25,48
1789691760,29772.75,29772.75,29769,29770,30
1789691820,29770.75,29773,29768,29768.5,67
1789691880,29769.25,29769.25,29766.5,29767.75,30
1789691940,29768.75,29769.75,29767.75,29768.75,36
1789692000,29770.25,29771.5,29766.5,29769.25,51
1789692060,29769.5,29773.75,29769.5,29773.5,69
1789692120,29772.5,29784.5,29772.5,29784,354
1789692180,29783.75,29801,29782,29797.25,563
1789692240,29797,29797,29791,29795,198
1789692300,29795.5,29796.75,29792,29792.75,151
1789692360,29792.5,29794.5,29789.25,29794.5,77
1789692420,29794,29794,29786,29787.5,153
1789692480,29788,29790.5,29788,29790,40
1789692540,29790.5,29793.25,29789.5,29791.25,106
1789692600,29790.75,29802,29790.5,29796.5,233
1789692660,29796.25,29801.75,29796.25,29799.75,61
1789692720,29799.5,29809.5,29799.5,29809,266
1789692780,29809.25,29809.25,29806.5,29808.5,123
1789692840,29808.75,29808.75,29803.75,29804.75,126
1789692900,29804,29809.25,29802.5,29806,145
1789692960,29806.5,29812.75,29806.5,29812,159
1789693020,29812,29812.75,29810,29810,79
1789693080,29810,29810.5,29807,29808.75,75
1789693140,29807.5,29811.25,29807,29810.5,65
1789693200,29810.25,29810.25,29805.75,29809,107
1789693260,29808.5,29810.25,29805,29806.75,102
1789693320,29807.5,29809.75,29806.5,29806.5,39
1789693380,29806.5,29812,29806.5,29809.75,59
1789693440,29810,29812,29808,29811.5,51
1789693500,29811.5,29812,29806,29806,81
1789693560,29806,29808,29803.25,29805.25,84
1789693620,29804.75,29811,29804.75,29809.75,66
1789693680,29808.5,29808.5,29805.5,29806.75,20
1789693740,29805.75,29807,29803,29805.5,37
1789693800,29806,29810,29805.75,29810,62
1789693860,29810.25,29814.75,29808.25,29813.25,154
1789693920,29812.75,29813.75,29808,29810,90
1789693980,29810,29812,29806.75,29807,63
1789694040,29807.25,29811.5,29806.5,29810.75,85
1789694100,29811,29812.5,29810.25,29811.5,61
1789694160,29811,29815.5,29810.5,29813,131
1789694220,29814,29814.75,29811.5,29813.75,40
1789694280,29814.75,29815.5,29812.75,29813.75,38
1789694340,29813.75,29814.25,29813,29814.25,29
1789694400,29814.25,29815.25,29812.75,29813,47
1789694460,29813.25,29818,29812.5,29816,274
1789694520,29816.75,29817.75,29815,29816.25,39
1789694580,29816.25,29818.75,29815.75,29817.25,83
1789694640,29817.5,29823.5,29817.5,29821.25,202
1789694700,29821.5,29827.25,29821.25,29822,240
1789694760,29821.75,29822.25,29809.5,29814.25,230
1789694820,29815,29815.25,29806.75,29809.5,215
1789694880,29809.25,29810.5,29807.75,29810.25,67
1789694940,29810.25,29820.5,29809.5,29814.5,206
1789695000,29815.5,29825.25,29812,29823.75,159
1789695060,29824.25,29825.75,29816,29820.5,123
1789695120,29821,29825,29821,29823.25,70
1789695180,29823,29828.5,29823,29823.5,255
1789695240,29823.5,29825.75,29823.25,29824.75,42
1789695300,29824.25,29826,29822.75,29824,81
1789695360,29823.5,29828.5,29821.25,29827,89
1789695420,29827.5,29831.25,29823.5,29831.25,191
1789695480,29830,29840,29829,29837.5,526
1789695540,29837.25,29842.5,29837,29839.25,198
1789695600,29840.5,29843.5,29839.5,29842.25,154
1789695660,29842,29844.5,29837,29838,165
1789695720,29838.25,29840.5,29835,29839.75,80
1789695780,29840.5,29846.5,29839.75,29844.5,272
1789695840,29844.5,29854,29842.5,29854,375
1789695900,29853.5,29859.25,29849.5,29849.5,298
1789695960,29850.5,29852.75,29844.5,29845.75,220
1789696020,29846,29852,29837.25,29843.25,273
1789696080,29843,29851.75,29839.75,29851.25,215
1789696140,29849,29851.5,29840.75,29840.75,168
1789696200,29840.5,29851.75,29840,29851.75,254
1789696260,29851.5,29854,29845,29847.5,140
1789696320,29847.75,29849,29839.25,29842,101
1789696380,29842.25,29847.5,29842.25,29844.75,80
1789696440,29845.5,29847.5,29839,29842.75,118
1789696500,29841.75,29844.25,29839.75,29842,72
1789696560,29841.25,29843.5,29838.75,29840.25,109
1789696620,29839.5,29843.25,29838.25,29841.5,101
1789696680,29841.25,29843.25,29838.5,29841.75,135
1789696740,29843.5,29849.25,29842.75,29846,174
1789696800,29846.25,29858.5,29845,29853.75,314
1789696860,29853.75,29862.75,29853.25,29862.5,246
1789696920,29862.75,29870,29857,29868.75,367
1789696980,29870.25,29870.75,29865.75,29868.75,224
1789697040,29868,29869.5,29862.75,29867.75,124
1789697100,29869,29870,29862.5,29866.25,162
1789697160,29866.25,29871.25,29865,29865,149
1789697220,29865.25,29869.75,29864.5,29869.75,156
1789697280,29870,29872.5,29869,29870.5,160
1789697340,29870.25,29872,29868.75,29870.5,102
1789697400,29870.5,29874,29864,29873,213
1789697460,29873,29877.5,29873,29875,173
1789697520,29875.25,29880.25,29873,29878.25,180
1789697580,29877,29881.5,29877,29880.5,97
1789697640,29880.5,29885.5,29880,29882.75,202
1789697700,29882.75,29890,29882.25,29883.75,275
1789697760,29884,29886.75,29882.25,29883.75,153
1789697820,29883.75,29883.75,29876.75,29880.75,311
1789697880,29880.25,29881,29871.5,29876.75,358
1789697940,29878.5,29884.75,29878.5,29879.75,201
1789698000,29879.75,29879.75,29874,29875.75,121
1789698060,29875.5,29883.25,29874.5,29880.25,109
1789698120,29881.25,29892,29880.25,29889.5,183
1789698180,29888.75,29897.25,29888.5,29893.5,236
1789698240,29894,29894.75,29891.25,29892.25,139
1789698300,29892.25,29897,29891.75,29894.5,195
1789698360,29894.25,29895,29890.25,29893.75,119
1789698420,29893.5,29896.75,29892,29895.25,84
1789698480,29895.25,29897,29892.75,29894.75,50
1789698540,29894,29895.5,29882.75,29885,244
1789698600,29885.25,29894,29884.25,29893.25,185
1789698660,29893.5,29897,29892,29896.5,144
1789698720,29896.5,29904.75,29894.5,29903.5,786
1789698780,29904.75,29913,29904.75,29907,529
1789698840,29907.25,29908.25,29904,29905.25,143
1789698900,29905.5,29912,29905,29909.75,147
1789698960,29909,29909,29902.25,29902.75,81
1789699020,29903.25,29909.75,29901.25,29909.25,106
1789699080,29909.75,29918.5,29908.75,29915.25,377
1789699140,29916.75,29919,29913,29918,148
1789699200,29917.5,29917.5,29911.25,29913.75,109
1789699260,29914.25,29918.25,29912.5,29913.5,99
1789699320,29914,29914,29901.25,29906,149
1789699380,29905.5,29907,29902.25,29905,61
1789699440,29905.75,29907,29899.75,29905.5,172
1789699500,29906,29908.5,29901.75,29906,118
1789699560,29906.25,29912.5,29905.5,29907.75,82
1789699620,29908.25,29911.5,29902,29904,115
1789699680,29904.5,29909.5,29904.5,29907.75,79
1789699740,29906.75,29908.25,29905.5,29907,41
1789699800,29907.5,29908.75,29906.25,29908.25,41
1789699860,29908.75,29910.75,29906.75,29910.5,66
1789699920,29910.75,29913,29906,29911.75,91
1789699980,29910.75,29910.75,29905.25,29907.5,89
1789700040,29908,29911,29906.25,29907,59
1789700100,29909,29910.5,29908,29908.5,48
1789700160,29908.5,29914,29908.25,29912.75,98
1789700220,29911.5,29916.5,29908.75,29916,107
1789700280,29915.75,29921.5,29914.25,29919.5,134
1789700340,29919,29920.75,29916,29916,105
1789700400,29916.25,29922.25,29913.5,29920.25,248
1789700460,29921.25,29926,29919.25,29923,212
1789700520,29922.5,29922.5,29910.75,29918.75,195
1789700580,29918.75,29921.25,29916,29918.25,165
1789700640,29919.5,29925,29917,29923.5,195
1789700700,29922.75,29922.75,29918.25,29919.25,129
1789700760,29919,29920.25,29915.25,29918.25,60
1789700820,29918.5,29921.75,29916.5,29919.25,85
1789700880,29919.5,29926,29919,29923.75,159
1789700940,29923,29926.5,29920,29925,100
1789701000,29925,29936.75,29923,29934.25,361
1789701060,29933.25,29936.75,29928,29935,154
1789701120,29935.5,29937.5,29930.25,29936,141
1789701180,29936,29938.5,29927.75,29929.5,111
1789701240,29929.5,29930.75,29920.75,29921.5,127
1789701300,29922,29926,29920,29923,105
1789701360,29922,29933,29919.5,29930.5,87
1789701420,29929.75,29933.5,29927.25,29930.75,83
1789701480,29931.75,29936.75,29931.5,29933.5,69
1789701540,29933.25,29935.75,29929,29932.5,86
1789701600,29933.25,29938,29932,29934.5,116
1789701660,29933,29935,29929,29931.25,139
1789701720,29932.25,29939.75,29930.75,29936.5,204
1789701780,29936.75,29947.5,29934.5,29943,418
1789701840,29943.75,29945.25,29937.25,29941.25,116
1789701900,29942,29953,29940.5,29951.25,221
1789701960,29951.75,29963.25,29951.25,29956.75,490
1789702020,29957.75,29959.75,29956.75,29959,108
1789702080,29958.5,29964.25,29955.75,29956.75,190
1789702140,29957.75,29962.25,29957.75,29960.25,247
1789702200,29961,29966.5,29961,29966.5,155
1789702260,29965.75,29966.75,29953.5,29954.5,179
1789702320,29954.25,29958,29952.5,29956.25,165
1789702380,29956.5,29957.5,29954.75,29955,82
1789702440,29955,29960,29953.25,29959,139
1789702500,29958.75,29959.5,29955.75,29957,87
1789702560,29956.75,29961,29953,29960.25,155
1789702620,29959.75,29961.25,29955,29957.5,119
1789702680,29957.25,29961,29952.25,29959.5,122
1789702740,29959.75,29962,29957,29959,85
1789702800,29959.75,29960,29950.5,29951.5,151
1789702860,29952.75,29953.5,29945.75,29949.5,188
1789702920,29949.75,29950,29937,29937,207
1789702980,29937.25,29943.5,29936.25,29940.5,243
1789703040,29940.5,29945,29938.75,29940.25,74
1789703100,29939.75,29942,29936.5,29938.5,158
1789703160,29938.75,29940.5,29933.25,29936,131
1789703220,29936,29943.5,29935.75,29941,174
1789703280,29941,29941,29935,29939.25,73
1789703340,29937.75,29945.75,29937.5,29945.5,120
1789703400,29945,29945,29939.5,29940.75,144
1789703460,29941,29943,29938,29942.25,108
1789703520,29942,29946.25,29939.5,29943,105
1789703580,29943.25,29951.75,29942,29948,183
1789703640,29947.5,29950.75,29944.75,29948.25,70
1789703700,29947.5,29947.75,29938,29940,109
1789703760,29939.75,29940.75,29934.25,29936.25,183
1789703820,29936.5,29936.75,29930,29933.25,124
1789703880,29933.5,29935,29929.75,29932.5,100
1789703940,29932,29932,29924.25,29929.5,230
1789704000,29928.75,29937.75,29924.25,29931,353
1789704060,29931,29936,29922.75,29927.25,218
1789704120,29927.5,29940,29927.5,29939.75,176
1789704180,29939,29944,29935.25,29936,223
1789704240,29935.5,29940.25,29925.5,29927,312
1789704300,29927,29928.75,29921.25,29923.25,198
1789704360,29923.25,29928.5,29915.75,29917,307
1789704420,29917.25,29924.5,29914,29915.25,186
1789704480,29914.75,29918.5,29914.5,29916.75,149
1789704540,29916.75,29917,29905.5,29907.5,207
1789704600,29907.5,29920,29903.75,29914,285
1789704660,29914.75,29915.5,29907.25,29909.25,135
1789704720,29908.75,29913,29905,29908.5,209
1789704780,29909.25,29916.75,29905,29913,176
1789704840,29912.25,29914.75,29910.75,29913.25,48
1789704900,29912,29915.75,29907.5,29914,96
1789704960,29913,29916,29909.25,29916,73
1789705020,29915.75,29920,29915.75,29919.5,93
1789705080,29919.25,29921,29916.5,29917.25,63
1789705140,29917,29921,29914,29919.5,120
1789705200,29919.25,29931.5,29919,29928.75,297
1789705260,29928,29929.5,29920.75,29925.75,188
1789705320,29925.75,29925.75,29917,29917.75,116
1789705380,29918,29923.25,29915,29915.25,194
1789705440,29915,29920,29912.25,29916.5,138
1789705500,29917.5,29921.5,29917,29920.25,81
1789705560,29918.25,29918.5,29912,29918.5,104
1789705620,29918.25,29919,29911.75,29914.25,93
1789705680,29913.25,29914.75,29904.75,29905.75,128
1789705740,29906.5,29906.5,29895.75,29897.5,315
1789705800,29896.75,29900,29892,29898.75,271
1789705860,29899.25,29906,29899,29905,109
1789705920,29905.5,29909,29899,29908.25,133
1789705980,29908,29911.5,29905.5,29911,74
1789706040,29910.25,29913,29907.5,29913,48
1789706100,29912.75,29917.5,29910.5,29910.5,151
1789706160,29910.5,29914.25,29910,29911,118
1789706220,29910.25,29911,29905.75,29906.75,92
1789706280,29906.75,29911.5,29901.75,29903,140
1789706340,29903.25,29908,29903.25,29906,50
1789706400,29904.75,29906.75,29899.5,29906.75,112
1789706460,29905.75,29907.5,29903,29903.5,79
1789706520,29905.25,29906.75,29901.25,29902,39
1789706580,29900.75,29907.25,29900.5,29906.25,104
1789706640,29906.75,29913.25,29905.5,29912.25,127
1789706700,29912.5,29919.75,29911.5,29913.5,145
1789706760,29911.75,29913.75,29910,29912.5,34
1789706820,29911,29915,29910.25,29912.5,74
1789706880,29914.5,29916,29908.75,29911,94
1789706940,29910.5,29913,29904,29908.5,110
1789707000,29908.5,29915,29908.5,29913,32
1789707060,29912.75,29913,29909.75,29912,89
1789707120,29911,29912.5,29904,29907.5,153
1789707180,29907.25,29910,29904.25,29904.25,70
1789707240,29904.25,29907,29896,29896,184
1789707300,29896.75,29900,29894.5,29899.25,109
1789707360,29898.75,29901.25,29894.5,29900.75,60
1789707420,29901,29901.75,29898,29899.25,80
1789707480,29896,29896.25,29892,29894.5,93
1789707540,29894.25,29896.75,29891.25,29892.75,66
1789707600,29893.25,29894.25,29888,29892.75,168
1789707660,29893.25,29893.5,29881,29881.25,283
1789707720,29881.75,29885.25,29880,29884,134
1789707780,29884.5,29889,29883.75,29888.25,124
1789707840,29887.75,29888.25,29884.75,29884.75,77
1789707900,29884.5,29893,29881.5,29891.25,98
1789707960,29892,29893.75,29887,29887,69
1789708020,29887.75,29889.25,29885.5,29886,91
1789708080,29885.25,29895,29885,29893.25,71
1789708140,29893.25,29893.5,29887,29888,48
1789708200,29888,29892,29883.25,29892,59
1789708260,29891.25,29895.5,29889.25,29894.75,44
1789708320,29893.25,29893.25,29887.25,29887.5,41
1789708380,29888,29890,29887,29888,25
1789708440,29887.25,29888.75,29881.25,29884,59
1789708500,29883.25,29886.75,29881.25,29886.75,21
1789708560,29886.75,29889.75,29884.5,29889.25,39
1789708620,29887.25,29893,29885.25,29890.75,60
1789708680,29890.75,29890.75,29886,29888.25,51
1789708740,29888,29894.5,29887,29894,52
1789708800,29894.75,29896.5,29892,29894.75,96
1789708860,29894.25,29895.25,29891.25,29893.75,41
1789708920,29892.5,29899,29891.5,29894.5,123
1789708980,29894.75,29896.5,29891,29893.25,33
1789709040,29890.75,29892.25,29886.75,29887.75,41
1789709100,29888,29891,29884,29888.5,76
1789709160,29887.5,29887.5,29878.25,29879,73
1789709220,29879.5,29880,29875.5,29876.25,116
1789709280,29876.25,29878.25,29870.5,29876,141
1789709340,29876,29876,29872.75,29873,68
1789709400,29873.25,29874,29862.75,29867.75,252
1789709460,29866.75,29868.5,29863.25,29863.5,59
1789709520,29863.75,29872,29863.25,29872,116
1789709580,29871.75,29873.75,29865.75,29867.75,206
1789709640,29867.5,29868.25,29863.25,29866,67
1789709700,29865.75,29870,29865.25,29867.5,69
1789709760,29868.25,29872.25,29862.75,29864.75,79
1789709820,29862.5,29864.5,29859,29861,131
1789709880,29861,29861,29852.5,29853.5,171
1789709940,29852.25,29856,29847.5,29848,232
1789710000,29847.75,29853,29844.75,29846,222
1789710060,29846.75,29849,29843,29846,118
1789710120,29846,29848.25,29843,29848.25,109
1789710180,29847.75,29853.25,29846.25,29847,154
1789710240,29846.75,29849.5,29837.25,29837.25,175
1789710300,29838.25,29846,29836,29846,170
1789710360,29844.75,29850.5,29844.75,29849,160
1789710420,29849.25,29852,29846.5,29847.75,124
1789710480,29848.25,29848.75,29841.25,29843.75,103
1789710540,29843.5,29848,29843.5,29845,68
1789710600,29844,29852,29841.75,29850.25,119
1789710660,29850,29857.5,29848.75,29853.25,158
1789710720,29853,29853.75,29849.5,29851.25,54
1789710780,29850,29852.25,29847,29848.5,48
1789710840,29848,29851,29843.75,29848.75,69
1789710900,29849.75,29849.75,29845.75,29848.25,40
1789710960,29847.75,29849,29846,29846.75,43
1789711020,29846.5,29850.5,29844.25,29850.5,71
1789711080,29848.25,29850.25,29845.5,29849.5,66
1789711140,29849.75,29853.25,29838.5,29839,169
1789711200,29838.25,29847.75,29838.25,29846.5,136
1789711260,29845.75,29846.25,29839,29840.75,112
1789711320,29841.75,29845.75,29841.75,29843.75,37
1789711380,29843.75,29849.75,29842.75,29849.75,88
1789711440,29850,29850.75,29842.5,29847.75,96
1789711500,29847,29852.25,29844,29844,135
1789711560,29844.5,29850.25,29843.25,29849.5,66
1789711620,29850,29855,29846.5,29852.75,135
1789711680,29852.25,29853.75,29847.75,29851,183
1789711740,29852.25,29854,29851,29851.75,29
1789711800,29852,29856.75,29848.75,29854.25,87
1789711860,29853.5,29853.5,29846.5,29849.25,63
1789711920,29848.5,29851.75,29847,29851,45
1789711980,29850.25,29851.75,29847.75,29851.75,47
1789712040,29851.75,29859.75,29850.25,29858.25,93
1789712100,29857.25,29863.25,29856.25,29861.25,154
1789712160,29861,29864,29859.25,29862.5,130
1789712220,29862.25,29867.5,29861.75,29866,272
1789712280,29866,29871.75,29864.5,29867.5,247
1789712340,29867,29868.5,29862.75,29867.25,109
1789712400,29867,29872.75,29865.25,29869,83
1789712460,29869.25,29871.75,29866.25,29869.25,68
1789712520,29868.75,29875,29868.75,29873.5,108
1789712580,29873.25,29874.25,29869.5,29873.75,73
1789712640,29874.25,29875.5,29870,29871.5,91
1789712700,29871.25,29871.75,29868,29868,60
1789712760,29868.75,29872,29866.75,29871.5,158
1789712820,29872.5,29873,29868.25,29872,150
1789712880,29872.75,29877.25,29871,29875.5,109
1789712940,29875,29878.25,29874.25,29877.75,42
1789713000,29876.5,29887.25,29875.5,29882.5,425
1789713060,29882,29886.75,29879.75,29886,116
1789713120,29885.25,29887.5,29884,29887.25,122
1789713180,29886.75,29890.25,29885,29888,140
1789713240,29887.75,29888.5,29885.25,29885.25,84
1789713300,29886,29888,29884.5,29887.25,48
1789713360,29887.5,29893.75,29887.5,29892,178
1789713420,29891.25,29901,29891,29898.75,168
1789713480,29898.75,29903.25,29896,29898,170
1789713540,29898.25,29899.25,29894.5,29896.75,196
1789713600,29896.5,29898.5,29895.5,29897.25,43
1789713660,29896.75,29899.75,29894,29895.25,90
1789713720,29894,29895.25,29887.5,29888.25,163
1789713780,29888.5,29895.75,29888,29891.75,79
1789713840,29891.5,29893,29889.75,29892.25,71
1789713900,29892.25,29892.5,29885.5,29885.5,76
1789713960,29885.75,29887,29878,29880.5,142
1789714020,29880.25,29882,29877.5,29877.5,42
1789714080,29877.25,29879.75,29876.75,29877,61
1789714140,29876.75,29880.25,29876.25,29879.75,73
1789714200,29880,29881,29875.5,29875.5,55
1789714260,29876.75,29879,29875.75,29878.5,43
1789714320,29878.5,29879.75,29875,29877.75,24
1789714380,29877.75,29878.5,29876.25,29878,10
1789714440,29879.25,29884,29872.25,29878.25,198
1789714500,29878.25,29879.5,29875.75,29875.75,57
1789714560,29876.25,29882.25,29875.25,29881.75,65
1789714620,29880.75,29882.5,29877.25,29878.75,61
1789714680,29879.25,29879.25,29874.5,29877.25,62
1789714740,29877.5,29879.5,29876.25,29877.25,63
1789714800,29877.25,29879.25,29860.75,29868.25,346
1789714860,29868.5,29885,29866,29877.75,304
1789714920,29878,29884.25,29876.5,29877.25,192
1789714980,29877.5,29888.25,29877,29887.25,158
1789715040,29888,29898.75,29887.5,29897.75,257
1789715100,29896.75,29897,29848.75,29850.5,987
1789715160,29850.25,29863.25,29842,29858.5,552
1789715220,29859.25,29861.25,29853.25,29859.5,225
1789715280,29860.75,29867,29859,29862,177
1789715340,29861,29867,29857.25,29867,121
1789715400,29866.5,29871,29863.5,29868.75,154
1789715460,29868.5,29872.5,29861.25,29864.5,81
1789715520,29865.25,29868.75,29861.75,29864.75,66
1789715580,29864,29864,29846.75,29849.25,135
1789715640,29846.75,29859.25,29844.25,29856.25,138
1789715700,29855,29856.25,29848.75,29849.5,87
1789715760,29851,29851,29840.5,29841.5,150
1789715820,29841.25,29841.75,29828.25,29835.5,329
1789715880,29835.5,29840.25,29833.25,29834.5,179
1789715940,29835,29838.25,29831,29836,107
1789716000,29836.25,29836.5,29825.25,29827.75,155
1789716060,29828.5,29839.5,29827.75,29834.25,177
1789716120,29835,29845.75,29835,29845.75,121
1789716180,29845,29845,29836,29840,104
1789716240,29839.25,29840.75,29831.75,29834.25,88
1789716300,29834.25,29838.25,29832.5,29832.5,56
1789716360,29833,29839,29832.75,29836.5,56
1789716420,29835.75,29837,29830.5,29831.75,86
1789716480,29835.5,29838.5,29831,29836.75,67
1789716540,29836.5,29837,29828,29829.75,253
1789716600,29830.5,29837.25,29829.75,29836.25,82
1789716660,29836.5,29850.75,29836.5,29850,176
1789716720,29849.75,29853.25,29848.5,29853.25,115
1789716780,29853.75,29854.25,29849.25,29849.5,124
1789716840,29849.25,29852.25,29842.5,29847,150
1789716900,29847,29847.75,29841,29846,95
1789716960,29846,29858.5,29846,29858,121
1789717020,29857.25,29858.75,29851.75,29853.75,128
1789717080,29853.5,29853.75,29842.5,29842.5,96
1789717140,29844,29848,29843.25,29844.5,51
1789717200,29845.5,29845.5,29839,29844,62
1789717260,29843.5,29844.75,29842,29843.75,57
1789717320,29844.25,29844.75,29832,29832,182
1789717380,29832.75,29836.75,29830.75,29831,129
1789717440,29830.75,29835,29827.25,29831,166
1789717500,29831.75,29833,29826.25,29826.25,93
1789717560,29827.25,29833.5,29822.5,29832.5,157
1789717620,29832.5,29835.25,29830,29834.5,73
1789717680,29834.5,29837.75,29833.5,29836.25,94
1789717740,29836.5,29838,29834.25,29834.75,71
1789717800,29833.5,29837.75,29831.75,29835.25,79
1789717860,29835.75,29837.5,29834.5,29836,45
1789717920,29835.75,29840,29834,29837,131
1789717980,29836,29844,29835.5,29844,105
1789718040,29843.5,29845.5,29840.25,29843,131
1789718100,29844,29847,29836.75,29836.75,137
1789718160,29836.5,29843.5,29834.5,29839,160
1789718220,29838.5,29844.25,29832.5,29833,175
1789718280,29833.75,29836,29828,29835,198
1789718340,29836,29839.5,29834,29838.75,71
1789718400,29839.75,29842.75,29823.25,29825.75,279
1789718460,29825.25,29829,29822,29826.75,157
1789718520,29827.5,29830.5,29816.75,29818.25,231
1789718580,29818.5,29821,29815,29820.5,245
1789718640,29821,29848.5,29815.5,29840,739
1789718700,29839.75,29853.5,29815,29819.25,826
1789718760,29818.75,29818.75,29810,29812,183
1789718820,29812,29814.25,29802.75,29803,384
1789718880,29803.5,29808.25,29798.25,29800.75,405
1789718940,29801.25,29802,29797.5,29798.75,296
1789719000,29799,29801.5,29796,29799.75,169
1789719060,29800,29802.25,29791,29792.25,245
1789719120,29793,29794,29787.5,29788.75,274
1789719180,29789.25,29792,29785,29790,188
1789719240,29791.25,29791.25,29785.25,29787.75,166
1789719300,29788,29790.25,29784.25,29786,151
1789719360,29785.75,29791.25,29780,29785.25,437
1789719420,29786,29786.75,29780.75,29783.25,164
1789719480,29787,29798.25,29779.25,29790.75,465
1789719540,29789.75,29790.25,29779,29779.25,231
1789719600,29779,29779,29767.75,29770,561
1789719660,29769.25,29779.25,29768.25,29777,247
1789719720,29777.25,29790.5,29777.25,29787.5,303
1789719780,29788,29788.75,29771,29772.5,385
1789719840,29772.75,29774,29769,29770.25,166
1789719900,29770,29775.5,29768.5,29774.5,114
1789719960,29774,29785.25,29773.5,29779,233
1789720020,29778.75,29780.5,29775.75,29780.5,155
1789720080,29780.25,29786.75,29778.5,29784,195
1789720140,29783.5,29784.25,29775,29775,169
1789720200,29774,29782.5,29773.5,29781.25,201
1789720260,29780.75,29784.25,29771.5,29774.25,298
1789720320,29774.75,29783.75,29772.25,29780.5,176
1789720380,29780,29795.75,29777.75,29790.75,453
1789720440,29791.5,29796.25,29784.25,29791.25,418
1789720500,29790.75,29793,29785.75,29791,236
1789720560,29790,29795.25,29787.75,29791.75,210
1789720620,29791,29791,29774.25,29779,560
1789720680,29779,29790.25,29778.5,29787.75,244
1789720740,29787.75,29788.25,29784.25,29785.25,113
1789720800,29785.25,29788.75,29783.75,29784.75,148
1789720860,29784.75,29789,29779.75,29789,185
1789720920,29788.75,29794,29785,29792,233
1789720980,29792.75,29793.5,29788.75,29790.25,124
1789721040,29790,29790.75,29787,29790,61
1789721100,29789.25,29791.25,29787.5,29789,86
1789721160,29788.25,29793.75,29787.5,29790,156
1789721220,29789.5,29795.5,29786,29790,206
1789721280,29790.75,29790.75,29786.5,29790.5,103
1789721340,29791,29791.25,29785.5,29786.25,113
1789721400,29786,29789.5,29783.5,29787.25,117
1789721460,29788,29794.5,29786,29791.75,113
1789721520,29791.5,29791.75,29785.5,29788,86
1789721580,29787.75,29788.75,29785.5,29787.5,69
1789721640,29787.75,29787.75,29784.25,29785.5,89
1789721700,29785.5,29787.75,29783,29784.25,136
1789721760,29784.5,29784.5,29777.75,29782.5,200
1789721820,29782,29782.75,29774.75,29780.25,198
1789721880,29779.75,29780.5,29770,29773,199
1789721940,29773.5,29776.75,29770,29776.5,191
1789722000,29776.25,29776.75,29768.25,29773.25,412
1789722060,29773.25,29783.5,29771.5,29772.25,308
1789722120,29772,29776.25,29764.25,29766.75,535
1789722180,29766.75,29772,29765.75,29772,208
1789722240,29771.5,29775.25,29770.25,29771.75,216
1789722300,29772,29776.5,29770.75,29775.5,180
1789722360,29775.75,29782,29775.25,29776.25,208
1789722420,29775.5,29779.5,29774,29779.5,170
1789722480,29778,29788.5,29778,29786.75,398
1789722540,29786.75,29788,29782,29786,194
1789722600,29785.75,29789.75,29784,29785,271
1789722660,29786.5,29790.75,29785.75,29788.25,174
1789722720,29787.5,29789.75,29783,29784.25,129
1789722780,29783.75,29788,29783,29785.25,213
1789722840,29786.5,29788.5,29785.5,29786.25,139
1789722900,29786.75,29788.25,29785.25,29785.75,145
1789722960,29785.75,29792.75,29785.5,29792,353
1789723020,29792.5,29794,29790.25,29791.75,329
1789723080,29791.25,29796.25,29788.5,29789.75,380
1789723140,29789.25,29794.25,29788,29793.5,183
1789723200,29793.25,29794.25,29790.5,29791.75,261
1789723260,29791.5,29793,29786.75,29791.75,230
1789723320,29791.75,29794.25,29786,29787,313
1789723380,29787.25,29787.25,29780.75,29781.5,339
1789723440,29781.75,29784,29768.5,29768.75,585
1789723500,29768.75,29768.75,29751.75,29760.5,1431
1789723560,29760.5,29760.5,29751,29754.75,754
1789723620,29755.5,29793.25,29744.75,29788.75,2385
1789723680,29787.25,29809,29787.25,29796.5,2583
1789723740,29796.5,29819.5,29791.25,29814.25,2889
1789723800,29814,29832.5,29803.5,29814,6455
1789723860,29814,29842,29812,29841,3492
1789723920,29840.5,29840.5,29808.75,29811.75,3148
1789723980,29812,29821.75,29801.5,29815,2300
1789724040,29815,29823.75,29804.25,29810.75,1738
1789724100,29811.25,29818.25,29798,29815.5,3328
1789724160,29816.5,29837.25,29811,29832.75,2139
1789724220,29832.75,29838.25,29822.5,29837.75,1464
1789724280,29837.25,29837.25,29823.75,29829,1385
1789724340,29830,29839.75,29829.25,29836.25,1234
1789724400,29835.75,29844.75,29826.25,29829,1880
1789724460,29829,29844.25,29823.75,29840.75,1699
1789724520,29840.5,29840.5,29829,29830,1181
1789724580,29830.75,29832.75,29802.75,29805.5,1847
1789724640,29805.25,29817.25,29802.25,29816.75,1559
1789724700,29817.5,29836.75,29811,29833.75,2043
1789724760,29834,29838.25,29825.5,29825.75,1280
1789724820,29826.25,29826.75,29808,29809.25,1410
1789724880,29809.5,29812.75,29796.5,29798.75,1704
1789724940,29798.25,29806.25,29791.25,29795.25,1372
1789725000,29795.25,29795.5,29785,29792,1585
1789725060,29791.75,29795.75,29781.75,29795,1434
1789725120,29795.25,29805,29788.75,29804.75,1437
1789725180,29804.5,29805.75,29788,29793.75,1231
1789725240,29793.75,29799,29778.75,29782.75,1601
1789725300,29782.75,29789.5,29770,29784.75,1698
1789725360,29785.75,29788.75,29776,29778.75,921
1789725420,29778.5,29783.75,29768.75,29777.25,1203
1789725480,29778.25,29787.75,29773.25,29773.75,979
1789725540,29773.5,29779.25,29765.75,29776.75,1207
1789725600,29776.25,29783.75,29764,29775,1969
1789725660,29775.5,29783.25,29751,29751,2054
1789725720,29752,29753.25,29729.75,29732.5,2641
1789725780,29733,29738.25,29727.5,29730.25,1886
1789725840,29729,29737.25,29723.25,29728.25,1669
1789725900,29728.25,29739,29714.5,29738,2507
1789725960,29738.25,29747.5,29734.5,29741.5,1898
1789726020,29741.75,29741.75,29715.5,29720.25,1954
1789726080,29719.5,29726,29711.75,29722.5,1501
1789726140,29723.5,29740.75,29717.5,29740.25,1388
1789726200,29739.75,29754.5,29738.75,29754.25,1845
1789726260,29754.5,29756.25,29745.5,29754.5,1572
1789726320,29755.25,29755.75,29739,29744.25,1546
1789726380,29744.75,29747.25,29724.5,29731.75,2202
1789726440,29732,29734.25,29717,29719.25,1333
1789726500,29719.25,29726.75,29714.25,29717.25,1606
1789726560,29717.25,29719,29692.75,29698.5,2733
1789726620,29698.25,29716.25,29695,29713.5,1876
1789726680,29713.25,29724,29712.25,29723,1459
1789726740,29723.5,29726.25,29716.75,29725.25,1098
1789726800,29724.75,29729.5,29717.25,29722,1422
1789726860,29721.75,29732.25,29717.25,29728,1065
1789726920,29728,29747.75,29726.75,29745.5,2050
1789726980,29745,29746.75,29733.75,29745.25,1090
1789727040,29745.75,29745.75,29730.5,29732.5,1306
1789727100,29732.75,29738.75,29724.75,29731.5,1144
1789727160,29731,29736.5,29725.75,29726,766
1789727220,29726.75,29740,29724.25,29737,916
1789727280,29737.25,29745.5,29733.75,29734,1008
1789727340,29735,29736.25,29727.75,29728.75,725
1789727400,29728.25,29738.25,29724.25,29728.25,1371
1789727460,29728,29731.5,29717.5,29720.25,1129
1789727520,29720.75,29726,29716.25,29720.25,975
1789727580,29720.75,29725.75,29712.25,29723.25,932
1789727640,29723.25,29728,29717.5,29725.75,801
1789727700,29726.75,29731.25,29720.75,29724,798
1789727760,29724.25,29725,29710.5,29714.75,1040
1789727820,29715.25,29729.75,29713,29725.25,856
1789727880,29725.25,29733,29724.25,29732.25,695
1789727940,29732.25,29752.25,29729.5,29734.5,2570
1789728000,29734.25,29736.5,29730,29733.5,736
1789728060,29733.75,29736.75,29723.75,29727.5,951
1789728120,29728.75,29730.25,29702.75,29711.5,1402
1789728180,29712.25,29713.25,29704.25,29711,846
1789728240,29711.25,29716.25,29707.25,29714.25,668
1789728300,29715,29715.25,29707,29712.25,730
1789728360,29711.75,29729.5,29711.5,29725.75,1270
1789728420,29724.5,29735.75,29722.5,29728,916
1789728480,29728,29732.5,29724.5,29732,560
1789728540,29731.75,29744,29731,29742.5,1042
1789728600,29742.25,29750.25,29735,29749.25,1248
1789728660,29749.5,29759,29746.25,29755.5,1741
1789728720,29756.25,29766.75,29754.5,29761.25,1541
1789728780,29761.5,29765.5,29758.25,29763.75,935
1789728840,29764,29766,29757,29763.5,943
1789728900,29764,29767.25,29754.5,29755.25,1104
1789728960,29756,29760,29752.25,29756.25,774
1789729020,29756,29756.75,29751.25,29753.5,860
1789729080,29753,29756.75,29747.5,29751.25,845
1789729140,29751.5,29759.75,29750.75,29758.25,819
1789729200,29758.25,29765,29753,29756.5,1061
1789729260,29756,29758.25,29745.5,29746,844
1789729320,29746.75,29746.75,29736.25,29744.75,1043
1789729380,29745.5,29756.5,29741.25,29754.75,997
1789729440,29755.25,29757.25,29748.25,29751.25,587
1789729500,29751.25,29764.25,29746.25,29763.5,828
1789729560,29763.5,29772.5,29755.5,29764.5,1064
1789729620,29765.25,29768.75,29761.75,29766,621
1789729680,29765.75,29766.75,29757.5,29763.75,559
1789729740,29764,29764.75,29749.25,29749.75,660
1789729800,29750.25,29754,29746,29752.5,706
1789729860,29753.25,29754.25,29735.75,29736.75,1048
1789729920,29737.25,29739.5,29732.5,29734,1034
1789729980,29734,29740,29725,29737.75,1263
1789730040,29737.25,29738.75,29727.5,29729.5,493
1789730100,29730.25,29735.75,29725.75,29732,673
1789730160,29731.5,29735.75,29722.25,29725.5,648
1789730220,29726,29734.5,29723,29725.25,577
1789730280,29726,29730,29720.25,29724.25,708
1789730340,29724.25,29735.25,29723.5,29731,608
1789730400,29731.75,29737.5,29727.75,29737.25,648
1789730460,29737.75,29738.25,29731.25,29731.25,550
1789730520,29731.75,29735.5,29725.5,29730.25,580
1789730580,29730.75,29742.25,29730.75,29739.5,911
1789730640,29739.5,29743.25,29736.5,29738.75,572
1789730700,29738.75,29747.25,29738,29746,643
1789730760,29746,29754.5,29745.75,29750.25,897
1789730820,29750.5,29751.25,29744.75,29747.75,545
1789730880,29748,29752.5,29745.75,29750.25,445
1789730940,29749.5,29751.5,29743,29749.25,620
1789731000,29749.5,29755.5,29731.5,29737,2008
1789731060,29737.25,29739.25,29730.25,29733.25,1227
1789731120,29732.75,29738,29727.75,29738,784
1789731180,29738.5,29741.5,29730.5,29735,667
1789731240,29734.75,29737,29728.75,29735.5,652
1789731300,29735.75,29739.75,29733,29738.5,531
1789731360,29738.5,29744,29733.75,29740,709
1789731420,29740.5,29741.5,29736,29736.75,526
1789731480,29736.25,29737.75,29728.25,29730.25,704
1789731540,29730.25,29731.25,29721,29725.75,803
1789731600,29725.5,29725.75,29714.75,29714.75,1022
1789731660,29715,29723.5,29710.25,29720.75,1026
1789731720,29720.5,29723.75,29716.25,29722.75,620
1789731780,29723.25,29727.75,29722.25,29724,544
1789731840,29725,29726,29718.25,29723.5,459
1789731900,29723.75,29727,29712.25,29712.25,598
1789731960,29712.75,29721,29712.25,29718.75,618
1789732020,29718.5,29721,29715.75,29721,378
1789732080,29720.75,29726,29719.25,29723.75,398
1789732140,29723.75,29723.75,29718.25,29719.5,333
1789732200,29720,29729.75,29717,29729.75,615
1789732260,29729.75,29730.5,29722,29722.5,574
1789732320,29722,29723,29715,29722.75,558
1789732380,29723,29723.75,29710,29710.5,673
1789732440,29710.75,29714.25,29708,29710.25,645
1789732500,29710.75,29713.75,29708.5,29710.75,510
1789732560,29710.75,29719.5,29710.5,29717.25,708
1789732620,29717.25,29720.5,29710.75,29710.75,558
1789732680,29711,29713,29705,29706,692
1789732740,29705.25,29710,29702.75,29708.5,665
1789732800,29709,29709.75,29699.25,29703.25,924
1789732860,29703.25,29707,29701,29703.5,526
1789732920,29703.75,29709.75,29700.75,29707.5,567
1789732980,29707.75,29711,29702.75,29706.5,570
1789733040,29706.25,29707.25,29702.25,29705.75,399
1789733100,29706.5,29712,29705.75,29711.5,503
1789733160,29711,29716,29711,29715,616
1789733220,29715.25,29723,29714.5,29722.5,580
1789733280,29722.75,29724.25,29710,29710.5,645
1789733340,29711.25,29715.5,29711.25,29714.25,529
1789733400,29714.25,29716.75,29712,29714,404
1789733460,29714,29715.75,29710.25,29712,329
1789733520,29712.5,29719,29712.5,29718.25,387
1789733580,29718,29718.75,29709.25,29709.5,388
1789733640,29709.75,29714.5,29709,29709,384
1789733700,29709.25,29711.25,29706.25,29706.5,550
1789733760,29707,29712.75,29704.25,29707.25,625
1789733820,29707.25,29713.75,29707.25,29710.25,360
1789733880,29710,29722.75,29710,29717.75,794
1789733940,29718.25,29721.25,29716.75,29721,330
1789734000,29721,29722,29713.75,29716.5,472
1789734060,29716.5,29719.25,29711.25,29716,373
1789734120,29716,29716.5,29709.5,29710.25,330
1789734180,29710.75,29711.25,29675.25,29677.5,2647
1789734240,29678,29678.5,29669,29672.75,1336
1789734300,29672.75,29673,29659.25,29671.75,1460
1789734360,29671.5,29676,29668.5,29669.75,1037
1789734420,29669.5,29685,29669.5,29684,847
1789734480,29684.25,29702.25,29680.75,29691,2654
1789734540,29690.75,29705.25,29688.25,29699.75,1078
1789734600,29700,29711.25,29692.5,29709,1239
1789734660,29709.5,29710,29696.25,29698,675
1789734720,29698,29704,29695.25,29702,488
1789734780,29702.25,29718.25,29699.5,29714.5,1257
1789734840,29714.5,29721,29711,29713.75,1065
1789734900,29714.75,29719.5,29711.5,29715.5,544
1789734960,29715.25,29719,29708.5,29708.75,474
1789735020,29709.25,29712,29704.25,29705,696
1789735080,29704.75,29708.5,29697.25,29702,945
1789735140,29701.75,29712,29701,29708.75,464
1789735200,29708.25,29710.75,29705.5,29706.75,313
1789735260,29707.25,29712.25,29702.25,29703,452
1789735320,29703.75,29716.5,29702,29715.5,569
1789735380,29715.25,29716.75,29710,29714.5,347
1789735440,29713.5,29722.5,29712.75,29716,635
1789735500,29716.5,29718.75,29713.25,29717.5,435
1789735560,29717.75,29720,29709,29709.5,344
1789735620,29709.25,29715.75,29701,29712.25,798
1789735680,29712.25,29712.5,29705.75,29706,324
1789735740,29706,29715.25,29705,29714,495
1789735800,29713.75,29719.25,29713.75,29715.25,412
1789735860,29716,29723.25,29714.75,29721.5,417
1789735920,29721.5,29728,29720.75,29724,808
1789735980,29724.5,29730.25,29724.5,29728.5,427
1789736040,29728.5,29730.5,29725.75,29727.75,504
1789736100,29728.25,29731.25,29725.5,29729.5,464
1789736160,29730.25,29731,29724,29727.25,412
1789736220,29727,29730,29726.25,29728.25,263
1789736280,29728.25,29735,29724,29725.75,924
1789736340,29725.75,29728,29722,29727.5,625
1789736400,29728,29729,29719.75,29724.5,562
1789736460,29724.5,29729.5,29724,29726.5,368
1789736520,29726.75,29731,29725.75,29728,339
1789736580,29728.5,29735.75,29727.5,29734.5,551
1789736640,29734.5,29734.5,29729.25,29731.5,384
1789736700,29731.25,29742,29730.75,29738,793
1789736760,29737.75,29741.75,29735,29736.5,537
1789736820,29736.25,29740,29735,29738.75,351
1789736880,29739,29743.25,29736.5,29737,534
1789736940,29736.75,29739.25,29732.75,29736.75,470
1789737000,29736.75,29738.5,29728.75,29729.5,685
1789737060,29729.75,29731.5,29727,29731.5,517
1789737120,29731.75,29731.75,29725.5,29729.75,470
1789737180,29730.25,29739.5,29729.75,29738.75,514
1789737240,29738.75,29741.75,29738.5,29741.25,506
1789737300,29741.5,29749,29739.25,29748.5,611
1789737360,29748,29748.25,29740,29743.25,552
1789737420,29743,29749.25,29742,29748.25,424
1789737480,29748,29748.75,29741.25,29742.75,299
1789737540,29742.75,29746.25,29741,29746,333
1789737600,29746.25,29747.25,29740.5,29741.25,275
1789737660,29741,29743.75,29741,29741.5,270
1789737720,29741.75,29746.25,29738,29745.75,502
1789737780,29745.5,29746.75,29743.5,29746.5,355
1789737840,29746.5,29748.25,29744.75,29747.75,306
1789737900,29747.5,29750.75,29746.25,29749.75,467
1789737960,29749.75,29751.25,29746.75,29749.5,440
1789738020,29749.25,29751.5,29747.25,29749.75,462
1789738080,29749.75,29751.25,29743.75,29744,464
1789738140,29744.25,29745.25,29740.25,29741.75,372
1789738200,29741.5,29741.75,29732.5,29735,615
1789738260,29734.75,29738,29733,29737.25,411
1789738320,29736.25,29739,29735.25,29738.25,244
1789738380,29738,29738.25,29731.75,29735,367
1789738440,29734.5,29742,29734,29741,476
1789738500,29741.25,29749.25,29741.25,29748,592
1789738560,29748.25,29754.75,29748.25,29752.5,712
1789738620,29752,29756,29750,29751,441
1789738680,29751.25,29753,29748.5,29752.5,341
1789738740,29753,29755.75,29752,29755.5,264
1789738800,29754.75,29756.75,29753,29756,332
1789738860,29756,29757.75,29752.75,29755.5,334
1789738920,29756,29757,29752.5,29754.75,327
1789738980,29754.75,29757,29753.5,29755,293
1789739040,29755.75,29762.5,29755.75,29762,735
1789739100,29761.75,29763,29759.5,29760,433
1789739160,29760.5,29763,29759,29762,365
1789739220,29762,29764.75,29761.75,29762.25,328
1789739280,29762.5,29764.25,29757.25,29758.5,408
1789739340,29758,29759.75,29757,29758.25,327
1789739400,29758.25,29760.75,29756.5,29760.25,424
1789739460,29760,29765.5,29760,29763.75,378
1789739520,29763.5,29766.75,29762,29766,322
1789739580,29765.75,29765.75,29761.5,29762,455
1789739640,29762.25,29764.25,29760.75,29762,187
1789739700,29762,29764.5,29759.75,29763.75,386
1789739760,29763.5,29766,29763.25,29765.5,296
1789739820,29765.5,29768,29764,29764.5,367
1789739880,29764.25,29764.75,29761,29764.25,329
1789739940,29764.25,29766.75,29763,29763.25,304
1789740000,29763,29765.5,29756.75,29757,706
1789740060,29757.5,29768.75,29756,29763.5,669
1789740120,29763.5,29764.25,29760.5,29761.5,286
1789740180,29761.5,29762.75,29759.75,29762.75,192
1789740240,29762.5,29764,29760.25,29761.5,256
1789740300,29761.75,29763.5,29760.25,29763,297
1789740360,29763,29763.25,29757.75,29758,282
1789740420,29757.5,29760.25,29756,29759.75,347
1789740480,29760,29763,29758.25,29758.25,291
1789740540,29758.75,29759,29755.25,29758.25,264
1789740600,29757.75,29760,29755.75,29758.5,303
1789740660,29758,29758.25,29750.75,29755,563
1789740720,29755,29755,29748,29753.5,545
1789740780,29754,29756.5,29751.25,29754.75,477
1789740840,29755,29755,29752,29753.75,271
1789740900,29753.25,29756.5,29753,29755.75,364
1789740960,29756,29763,29756,29761,462
1789741020,29761,29761.5,29755.75,29757.25,308
1789741080,29757.5,29761.75,29757,29760.25,298
1789741140,29760.5,29764.75,29759.75,29764.5,388
1789741200,29764.25,29770.5,29764,29769,587
1789741260,29769,29777,29768.75,29774.75,1092
1789741320,29774.75,29787.25,29772.75,29784,1264
1789741380,29783.75,29788,29777.5,29780,926
1789741440,29779.25,29779.5,29774.5,29776.25,600
1789741500,29776.25,29778.75,29773,29774.5,452
1789741560,29774.75,29777.5,29772.75,29773,233
1789741620,29773,29781.5,29771.75,29777.75,480
1789741680,29777.75,29778.25,29771.25,29774.25,348
1789741740,29774.75,29781.25,29774,29780.75,263
1789741800,29780.5,29782,29776,29776.75,600
1789741860,29776.75,29778.75,29775.5,29777.75,242
1789741920,29777.5,29778.75,29776.75,29778,202
1789741980,29777.5,29780,29774.5,29779.5,319
1789742040,29779.75,29785.5,29777.25,29785,345
1789742100,29784.75,29785.75,29780.75,29785.25,435
1789742160,29785,29785.5,29779.5,29781.5,422
1789742220,29781.25,29781.25,29776.25,29779.75,383
1789742280,29780,29780,29773.25,29776,356
1789742340,29775.75,29781.5,29775.75,29780,230
1789742400,29780,29780.75,29777.25,29780,206
1789742460,29780,29782.75,29778.75,29781.5,233
1789742520,29781,29784.5,29781,29783.75,389
1789742580,29783.75,29789,29783,29787.75,480
1789742640,29787.25,29792.5,29786.25,29790.75,679
1789742700,29791.25,29802,29790.5,29801,909
1789742760,29801.25,29818,29798.75,29815.25,1701
1789742820,29815.25,29823,29814.25,29819.5,1030
1789742880,29819.25,29824.5,29817,29821.5,702
1789742940,29821.25,29823,29817.5,29819.5,617
1789743000,29819.25,29826,29818.75,29821.25,771
1789743060,29821,29826.25,29821,29823.25,603
1789743120,29823.25,29830.75,29822.75,29828.75,678
1789743180,29828.25,29847.75,29827.75,29843.25,1660
1789743240,29843,29849.5,29836.25,29837.25,1291
1789743300,29837.5,29838,29828.75,29835.25,982
1789743360,29835,29837.5,29830.25,29831,479
1789743420,29831,29837.5,29830.25,29835.75,478
1789743480,29835.5,29837.75,29832,29833.5,882
1789743540,29833.25,29834.25,29826.5,29832,853
1789743600,29832.25,29839.5,29830,29836.25,906
1789743660,29836.5,29838.25,29829.75,29832,534
1789743720,29832.5,29834.25,29830.75,29832.75,351
1789743780,29833,29839,29830.75,29838.5,432
1789743840,29838.25,29848.25,29838,29844.5,1012
1789743900,29845,29847,29842,29847,659
1789743960,29846.5,29852.25,29840.25,29841,934
1789744020,29840.75,29841.25,29832.25,29833.5,673
1789744080,29833.5,29839.5,29831.25,29831.25,423
1789744140,29831.5,29837.5,29831,29837.5,297
1789744200,29837.5,29839.75,29834.75,29834.75,325
1789744260,29835.25,29840.5,29834,29840,326
1789744320,29840.25,29844.75,29836.5,29844,467
1789744380,29844,29844,29833.5,29835.25,616
1789744440,29834.25,29837.25,29830,29835,662
1789744500,29834.75,29836.5,29832,29835.5,312
1789744560,29835,29838,29832.75,29835.5,341
1789744620,29836.25,29839,29832.75,29837.25,319
1789744680,29837,29840.5,29836.25,29837.75,328
1789744740,29837.75,29840,29834,29837.75,420
1789744800,29837.75,29838.5,29832.25,29838,431
1789744860,29837.75,29846,29837.5,29840.5,623
1789744920,29841,29841.75,29838,29838.75,284
1789744980,29839.25,29843,29839,29841.5,793
1789745040,29841.25,29844,29836.75,29840.25,547
1789745100,29840.75,29842.25,29835.25,29836.25,361
1789745160,29836,29837.25,29833.25,29836.5,351
1789745220,29836.5,29840,29835.5,29838.75,267
1789745280,29838.75,29839.75,29835.75,29838.75,327
1789745340,29838.75,29839.5,29829.25,29831.25,650
1789745400,29831.5,29834,29822.75,29827.75,1004
1789745460,29827.5,29830.75,29824.25,29824.75,552
1789745520,29824.5,29828.75,29824.5,29825.5,366
1789745580,29825.5,29827.75,29823.5,29826,380
1789745640,29826,29827.25,29823.75,29826,437
1789745700,29825.5,29829.75,29824.25,29825.75,415
1789745760,29825.5,29832,29825.5,29831,420
1789745820,29830.75,29840.5,29830,29839.25,885
1789745880,29838.75,29842.25,29838.25,29841.25,515
1789745940,29841.25,29843.75,29838,29840.25,573
1789746000,29840.5,29842.75,29836.75,29840,668
1789746060,29840,29845.25,29839.25,29843.75,632
1789746120,29843.5,29847.5,29841,29843.25,542
1789746180,29843.25,29849.5,29842.5,29848.25,566
1789746240,29848,29853.25,29847.25,29852.25,542
1789746300,29852.75,29857.25,29850,29854.75,1234
1789746360,29854.5,29858.25,29852.25,29857.25,765
1789746420,29857,29868,29856.5,29862.25,1190
1789746480,29861.75,29865.75,29861.5,29865,587
1789746540,29865.5,29873,29865.5,29872.75,1128
1789746600,29872.25,29888.75,29866.75,29876,3457
1789746660,29875.75,29878.75,29864,29864.75,1428
1789746720,29865.5,29871.75,29862.25,29867.5,1371
1789746780,29867.5,29872.75,29866,29871,921
1789746840,29870.5,29878,29864.75,29877.5,2023
1789746900,29877.75,29928,29877.5,29907.5,4600
1789746960,29907.25,29913.25,29905.75,29910.25,1587
1789747020,29909.75,29937.75,29908.5,29937.25,2476
1789747080,29937,29937,29916.25,29918.5,3782
1789747140,29918.25,29923.75,29910.25,29916.5,12572
1789747200,29916.25,29932.25,29912.25,29930.5,4283
1789747260,29930.25,29934.75,29923.25,29932.25,1626
1789747320,29932.25,29951.25,29931.25,29942,1827
1789747380,29942,29952.75,29937.75,29948.25,972
1789747440,29948.25,29951,29945,29947,686
1789747500,29947,29951,29942,29949.5,749
1789747560,29949.75,29950,29941.75,29944.5,413
1789747620,29944.25,29948.25,29942.5,29946.25,351
1789747680,29946.5,29949.25,29943.5,29944.25,383
1789747740,29944.5,29945.5,29939.25,29944.75,719
1789747800,29944.5,29980.5,29944.5,29980.25,1482
1789747860,29980,29989.25,29976.5,29985.75,1141
1789747920,29985.75,29993.25,29976.5,29980.75,738
1789747980,29981,29982.5,29975.25,29975.75,471
1789748040,29976.25,29977,29968.75,29970,410
1789748100,29970.5,29975.25,29966.5,29972.25,403
1789748160,29972,29972.75,29968,29970.5,260
1789748220,29970.5,29974.75,29969.75,29973.75,261
1789748280,29975,29975,29966,29967.5,186
1789748340,29968,29969.5,29965,29966,210
1789748400,29966.75,29973,29966.25,29967.5,302
1789748460,29968.5,29968.5,29962.5,29963.75,332
1789748520,29964.25,29966.5,29961.25,29962,365
1789748580,29962.75,29966,29962.5,29963.25,107
1789748640,29962.75,29966.75,29960.25,29964.75,138
1789748700,29964.25,29970.25,29964,29967.75,231
1789748760,29968,29969,29965.75,29965.75,89
1789748820,29965.5,29968.5,29965.25,29967.5,65
1789748880,29967.75,29969.75,29966.25,29969,92
1789748940,29969,29969.25,29965.5,29967.25,167
1789749000,29968.5,29969.75,29966.75,29967.75,132
1789749060,29968,29968,29963.75,29967,142
1789749120,29966.5,29966.5,29963.25,29964,129
1789749180,29963.75,29965.5,29963,29963.25,77
1789749240,29964.5,29974,29964.5,29966.25,329
1789749300,29966,29966.75,29961.5,29962.25,94
1789749360,29962,29964.5,29961.5,29964.5,42
1789749420,29963.5,29963.5,29958,29958.5,144
1789749480,29958.75,29959.5,29956.5,29958.75,104
1789749540,29959,29967.75,29958,29966.25,243
1789749600,29966.5,29973.75,29966.5,29971.75,141
1789749660,29972,29975.75,29971.5,29973.75,181
1789749720,29973.75,29974.25,29968.25,29973.25,159
1789749780,29972,29974.75,29971.25,29974,66
1789749840,29973.5,29975.25,29972,29974.75,89
1789749900,29974.25,29981.25,29973.5,29980.25,181
1789749960,29980.5,29986.5,29980,29985,193
1789750020,29984.5,29986,29979.25,29981,222
1789750080,29980.5,29982.25,29977.25,29978.25,97
1789750140,29978.25,29980.75,29976.75,29977.75,112
1789750200,29977.25,29980,29976.75,29980,109
1789750260,29980,29981.75,29977.25,29977.25,81
1789750320,29977.5,29978,29970.75,29972.5,191
1789750380,29971.5,29971.5,29965,29965,131
1789750440,29965.75,29965.75,29958.25,29959.25,131
1789750500,29959.75,29962,29959.5,29959.5,114
1789750560,29959.5,29960,29957.5,29957.75,91
1789750620,29957.5,29958.25,29955.25,29957.25,164
1789750680,29957,29957.5,29953,29955,163
1789750740,29954.25,29955.5,29950,29955,200
1789927200,29938,29944.5,29926,29929.75,674
1789927260,29928.5,29932.75,29904,29908.5,599
1789927320,29911,29926.25,29905.5,29917.75,445
1789927380,29918.5,29919.75,29909.25,29909.25,173
1789927440,29910,29930.75,29910,29925,286
1789927500,29926.25,29948.75,29925.5,29942.5,488
1789927560,29941.75,29945.25,29940,29940.75,145
1789927620,29940.25,29944.75,29938.25,29942.25,117
1789927680,29942.25,29944.5,29940,29943.25,124
1789927740,29944,29947,29942,29946.25,75
1789927800,29946.5,29949.75,29945,29948.5,88
1789927860,29948.5,29952.5,29946.75,29951.75,240
1789927920,29952.25,29970,29951.25,29967.5,456
1789927980,29967,29979,29965.5,29977.75,386
1789928040,29977,30004.5,29976.25,29996.5,613
1789928100,29997,29997.25,29979.25,29992.5,387
1789928160,29992.25,30007.75,29991,30000.5,485
1789928220,30000.25,30003.25,29987.75,29988,260
1789928280,29987.75,29990.5,29984.75,29990.25,176
1789928340,29989.75,29990.25,29985.75,29988,74
1789928400,29987.5,29989.5,29981.25,29983,119
1789928460,29982.25,29985,29980.75,29981.75,88
1789928520,29983,29988.75,29982.75,29988.75,82
1789928580,29989,29997,29983.75,29986,194
1789928640,29984,29985.5,29979.5,29981.75,102
1789928700,29981,29993.5,29980.75,29990.25,182
1789928760,29990,29992.75,29987.5,29987.5,56
1789928820,29988,29989.25,29985.75,29986,74
1789928880,29986,29987.5,29981,29986.75,71
1789928940,29986.5,29991.75,29983,29990.25,94
1789929000,29989,29994.75,29987,29992.25,98
1789929060,29991.5,30002.75,29991.5,29996,222
1789929120,29994.75,29999,29992.75,29996.25,81
1789929180,29996.5,29997.5,29994.25,29995.75,52
1789929240,29995.5,30000.25,29993.5,30000.25,336
1789929300,30001,30019.5,30000.25,30018,461
1789929360,30015.75,30026.75,30014.75,30022.75,382
1789929420,30022.25,30024.5,30013,30013.75,164
1789929480,30014,30016,30012,30014.25,138
1789929540,30014.75,30015.5,30004.5,30007.25,176
1789929600,30007.25,30012.5,30005.75,30012,129
1789929660,30012,30022.5,30012,30019.5,258
1789929720,30020.5,30023.25,30018.5,30019.25,64
1789929780,30018.25,30018.25,30011.5,30014.5,105
1789929840,30014.25,30014.75,30005.75,30007.5,69
1789929900,30009,30011,30006.25,30009.75,74
1789929960,30009.5,30010.25,30008.75,30010.25,28
1789930020,30010.75,30015.75,30010.5,30014.5,75
1789930080,30015.5,30015.5,30004,30006.75,147
1789930140,30006,30010,29996,30006.25,270
1789930200,30006.5,30008,30003.5,30006.5,48
1789930260,30006.5,30008,30005.25,30007.75,42
1789930320,30007.75,30009.25,30003.25,30003.25,71
1789930380,30004,30005,30001.5,30002.5,75
1789930440,30002,30006.5,30001.75,30006.5,74
1789930500,30007,30011.75,30007,30011,84
1789930560,30012,30028.75,30010.75,30021.75,339
1789930620,30021.75,30025.75,30017,30024.25,177
1789930680,30024.75,30032.25,30024.25,30028.5,199
1789930740,30029.25,30034,30025,30025.25,168
1789930800,30025,30029.25,30021.75,30028,100
1789930860,30027.75,30027.75,30020.5,30020.5,90
1789930920,30020.25,30023.5,30016.25,30022.5,140
1789930980,30021.75,30023,30018,30019,40
1789931040,30018.25,30018.75,30013.75,30016.5,90
1789931100,30017.5,30023,30017.5,30019.75,74
1789931160,30019.75,30020.25,30016.5,30017,44
1789931220,30018.25,30020,30015.75,30018.5,25
1789931280,30018.75,30018.75,30014.75,30016.5,23
1789931340,30017.25,30019.75,30017.25,30019.75,15
1789931400,30018.25,30020.25,30015,30018,162
1789931460,30018,30018,30016.75,30017.75,14
1789931520,30017.75,30022,30017.75,30021,22
1789931580,30022.25,30023.25,30019,30020.75,60
1789931640,30019,30020,30017.5,30019.75,14
1789931700,30020.5,30020.5,30013.75,30014,69
1789931760,30014.5,30018.75,30014.25,30016.75,93
1789931820,30015.75,30017.75,30015,30017.25,21
1789931880,30017.5,30021,30015.75,30018.5,60
1789931940,30016.5,30017.5,30014.5,30017.5,26
1789932000,30017.5,30017.5,30014.5,30016.75,35
1789932060,30016,30016,30011.25,30014.75,105
1789932120,30015.25,30017.5,30015.25,30016.5,23
1789932180,30017.25,30018.5,30012.75,30013.25,54
1789932240,30015.25,30018.25,30014.5,30018.25,29
1789932300,30019,30019.25,30017,30018.5,44
1789932360,30018.5,30027.25,30017.5,30020.5,134
1789932420,30020,30026.25,30019.25,30026.25,152
1789932480,30026.25,30031,30026,30028.75,101
1789932540,30028.5,30029.5,30025.25,30027,51
1789932600,30026.25,30031.75,30024,30028.75,124
1789932660,30029.75,30030.25,30027.75,30028,44
1789932720,30028.75,30029,30023.25,30026,44
1789932780,30025.25,30027,30025,30027,50
1789932840,30026.25,30028.25,30025,30027,50
1789932900,30027.5,30027.75,30026,30027.25,9
1789932960,30027.5,30030,30026.5,30030,16
1789933020,30030.75,30036.5,30030.5,30035,166
1789933080,30034.25,30034.25,30031.5,30032.75,30
1789933140,30032.5,30038,30032,30033,165
1789933200,30033.5,30033.75,30029,30031,82
1789933260,30030.5,30033.25,30030.25,30033,24
1789933320,30033.25,30040.25,30032.25,30037,185
1789933380,30037.5,30037.5,30035,30036.25,58
1789933440,30037,30039,30034,30036,66
1789933500,30035.25,30035.25,30029.75,30032.75,88
1789933560,30029.75,30033.75,30027.5,30027.5,86
1789933620,30028.25,30031,30026.75,30027.75,47
1789933680,30027.5,30033.5,30027.25,30032.25,60
1789933740,30034,30039.75,30027,30030.75,230
1789933800,30030.75,30030.75,30024.75,30028.25,106
1789933860,30027.5,30030.5,30025.25,30029,32
1789933920,30028.5,30029.25,30026.5,30027.25,27
1789933980,30028,30029,30027.75,30028.75,20
1789934040,30029.25,30029.5,30021.5,30024.75,165
1789934100,30024.25,30030.75,30023.75,30029.75,61
1789934160,30030.25,30036.75,30030,30031.25,71
1789934220,30030.25,30030.25,30025.5,30028.75,47
1789934280,30029.25,30030,30025.75,30026,31
1789934340,30029.25,30030.25,30028.5,30029.5,20
1789934400,30029.5,30037,30026,30031.5,231
1789934460,30031.25,30038.5,30028.5,30036.25,135
1789934520,30037.5,30055,30032.5,30052,453
1789934580,30052.75,30053,30046.75,30050.5,147
1789934640,30050.75,30052,30046.75,30048.5,84
1789934700,30049.25,30065.25,30049.25,30057,406
1789934760,30057.75,30059.5,30049.25,30051.75,163
1789934820,30051.5,30051.5,30040.25,30045.75,317
1789934880,30047.25,30050,30042.75,30050,139
1789934940,30049.75,30049.75,30044.25,30047.5,83
1789935000,30047.5,30047.75,30042,30042.5,55
1789935060,30041.75,30042,30035.5,30039.75,156
1789935120,30039.75,30045.75,30036.75,30044.5,145
1789935180,30044.5,30045.25,30037.75,30041.5,82
1789935240,30039.5,30045,30039.5,30043.25,30
1789935300,30041.25,30045.75,30035.25,30041.5,172
1789935360,30040.25,30045,30036,30039.75,72
1789935420,30037.75,30037.75,30023.75,30024.5,253
1789935480,30024.25,30025.75,30018,30020.75,304
1789935540,30021.25,30026.5,30021.25,30024,122
1789935600,30024.25,30027,30021.5,30027,109
1789935660,30027,30042,30024.75,30037.5,224
1789935720,30037.75,30059.75,30037.75,30059,361
1789935780,30058.75,30067.25,30057.75,30062,305
1789935840,30061.5,30069.25,30060,30066,216
1789935900,30065.25,30067.5,30061,30064,132
1789935960,30065,30066.25,30061.25,30064.25,75
1789936020,30066,30079.25,30065.25,30077.75,303
1789936080,30077.5,30077.75,30071.75,30071.75,74
1789936140,30071.25,30071.25,30067,30067,126
1789936200,30067,30077,30067,30075.25,121
1789936260,30077,30082,30076,30080.75,121
1789936320,30080.75,30083,30077.25,30080.25,99
1789936380,30080,30089,30077.75,30085,247
1789936440,30085.5,30090.5,30083.25,30087,167
1789936500,30088.75,30089,30084.5,30088,88
1789936560,30088.25,30091.75,30084.5,30086.75,149
1789936620,30087,30091.25,30086.25,30088,63
1789936680,30087.5,30088.25,30082.75,30084,121
1789936740,30084,30091.5,30082.5,30090.25,194
1789936800,30089.5,30090.5,30082.25,30086,143
1789936860,30086,30086,30078.75,30081.75,140
1789936920,30082,30083.75,30078.75,30080.75,78
1789936980,30082.75,30085,30078.75,30079.5,52
1789937040,30079.5,30081.25,30071,30074.75,180
1789937100,30074,30078.5,30074,30077.5,61
1789937160,30077,30078.25,30070.75,30075.25,94
1789937220,30076.75,30079.25,30075.75,30077.75,102
1789937280,30077.5,30081.25,30076.5,30080.25,112
1789937340,30078.75,30082.25,30076.25,30077.75,111
1789937400,30078.25,30086,30077,30083.25,113
1789937460,30083.5,30087.25,30080.5,30083.5,144
1789937520,30083.25,30087.25,30082,30084.75,84
1789937580,30084.25,30086.25,30082.25,30083.5,36
1789937640,30083.25,30084.25,30078.25,30078.75,79
1789937700,30079,30084.25,30078.25,30081.5,101
1789937760,30080.25,30084,30076.25,30080.5,75
1789937820,30081.75,30083.25,30080.75,30083,42
1789937880,30084,30087.25,30083.75,30084.5,78
1789937940,30084.25,30097.25,30084,30095.5,497
1789938000,30095.5,30105,30094.75,30099.5,554
1789938060,30100.75,30102,30088.5,30100.75,409
1789938120,30100.25,30105.75,30097.75,30103.5,281
1789938180,30104.5,30104.5,30098.75,30101.25,148
1789938240,30100.25,30106.5,30099.5,30104.75,126
1789938300,30105.75,30113.25,30102,30112.25,271
1789938360,30113,30114.5,30109,30113,241
1789938420,30114,30117.25,30112.5,30116.25,164
1789938480,30116.75,30123.75,30115.25,30121.25,310
1789938540,30121,30122.75,30116.5,30117,209
1789938600,30118.25,30119.25,30115,30116.5,111
1789938660,30116.5,30120,30107.5,30118.25,375
1789938720,30118.5,30130.5,30111.5,30118.5,499
1789938780,30117.5,30120,30113.5,30113.5,96
1789938840,30114,30115.5,30105.25,30115.25,142
1789938900,30115.5,30115.5,30109.25,30113.75,98
1789938960,30113.5,30115.5,30109.75,30114.75,57
1789939020,30114.25,30118.5,30111.5,30113.5,98
1789939080,30112.75,30113.25,30106.75,30110.5,71
1789939140,30110.75,30111.5,30107,30111,42
1789939200,30111,30115.25,30108.75,30114.5,65
1789939260,30115.5,30115.5,30112.25,30114,92
1789939320,30114.5,30114.5,30106.75,30109.25,95
1789939380,30109.75,30109.75,30104.5,30108.5,112
1789939440,30109.25,30111.5,30108.75,30111.25,62
1789939500,30111.75,30117.25,30111.25,30115.5,122
1789939560,30114.5,30120.25,30114.5,30119.25,92
1789939620,30119.5,30119.5,30115,30116.5,61
1789939680,30118,30126.25,30117.25,30122.75,167
1789939740,30123.25,30128,30110.75,30111,288
1789939800,30110.75,30119,30107.75,30115.5,124
1789939860,30115.5,30117,30111.75,30112.75,82
1789939920,30110.75,30118.5,30110.25,30117.5,62
1789939980,30118.5,30120.75,30115.5,30119.25,115
1789940040,30118.75,30120.75,30117.75,30118.75,58
1789940100,30119.5,30119.5,30115,30116.25,42
1789940160,30114.5,30116.5,30111,30112.25,65
1789940220,30112.5,30113,30108.25,30110.75,92
1789940280,30111.5,30113,30109.75,30112.25,72
1789940340,30112,30114.75,30109.5,30113.25,104
1789940400,30114.75,30118.25,30114,30117.25,86
1789940460,30117,30120,30115.75,30116.25,53
1789940520,30115.75,30116.5,30108.75,30110.75,116
1789940580,30110.75,30111.25,30109,30110.25,37
1789940640,30110.75,30114.25,30109.75,30113.75,26
1789940700,30114,30114,30108,30108.75,55
1789940760,30109.25,30111,30106,30108,225
1789940820,30108,30108.25,30094.25,30097.5,448
1789940880,30097.75,30098.25,30089.75,30092.75,149
1789940940,30093.75,30096.75,30088.5,30092.25,181
1789941000,30092.25,30098,30083.5,30084.75,281
1789941060,30084.75,30091,30084.25,30090.5,175
1789941120,30090.75,30095.25,30087.75,30094.5,140
1789941180,30094.5,30099.25,30094,30096.75,132
1789941240,30095.5,30098,30091.75,30092.75,106
1789941300,30093,30094.25,30087.5,30088.75,99
1789941360,30088.75,30090,30085,30087.75,100
1789941420,30087.75,30091,30085.5,30089,56
1789941480,30090,30091,30073.75,30074.5,454
1789941540,30075,30075.25,30069.5,30071,219
1789941600,30070.5,30072.5,30065,30068,255
1789941660,30068.5,30073,30064.5,30065,142
1789941720,30064.75,30078,30063.5,30075.5,170
1789941780,30075,30082,30074.75,30077.75,137
1789941840,30077.75,30084.75,30076.25,30079,132
1789941900,30079,30081.75,30072.5,30074.75,122
1789941960,30074.75,30075,30071,30073.75,108
1789942020,30073.75,30073.75,30070.5,30073,50
1789942080,30073,30079.5,30073,30079.5,119
1789942140,30078.75,30082.5,30078.25,30081.25,57
1789942200,30080.75,30081.25,30075.5,30075.5,46
1789942260,30075.5,30084.75,30075,30081,86
1789942320,30080.75,30083.5,30080,30081.25,50
1789942380,30081.25,30084,30079,30081.75,55
1789942440,30080,30080,30076.75,30079.75,36
1789942500,30078.75,30080,30076.25,30078.75,31
1789942560,30077.75,30082.5,30072,30079.75,117
1789942620,30080,30082,30075.5,30077,80
1789942680,30076,30077.25,30073.75,30075.25,60
1789942740,30075,30079.5,30075,30077.25,40
1789942800,30076.25,30082.5,30074,30079.25,139
1789942860,30078.25,30078.25,30074.5,30075.75,52
1789942920,30076,30082,30076,30081.5,52
1789942980,30081.25,30082.5,30078.75,30082,91
1789943040,30082,30082,30073.25,30080.5,267
1789943100,30080.5,30084.25,30079.75,30083,75
1789943160,30082.5,30089,30080.75,30086.25,230
1789943220,30086.25,30089.5,30083,30086,256
1789943280,30085.75,30089,30084.25,30087.75,47
1789943340,30087.5,30089.5,30086.5,30088.75,44
1789943400,30088,30088,30078.25,30082.25,172
1789943460,30081.75,30081.75,30069.5,30070.75,218
1789943520,30071.25,30072.75,30068.5,30069.25,123
1789943580,30068.5,30073.5,30068,30072.5,71
1789943640,30073,30075,30072,30073.25,72
1789943700,30073,30080.5,30073,30077.75,70
1789943760,30077.75,30081,30077.75,30079,45
1789943820,30079,30080.5,30075.75,30075.75,51
1789943880,30076,30081.75,30076,30080.75,42
1789943940,30080.25,30081.75,30078.5,30078.75,50
1789944000,30078.75,30079.25,30073.5,30076.5,71
1789944060,30076.75,30078,30074.25,30077,15
1789944120,30078,30084,30078,30083.5,74
1789944180,30083.75,30088,30081.75,30086,107
1789944240,30086,30086,30080,30082.75,42
1789944300,30082.5,30099.25,30079.75,30099,408
1789944360,30098.75,30101.75,30095,30098.25,223
1789944420,30097.75,30100,30097,30100,80
1789944480,30099,30100.75,30096.5,30100.75,58
1789944540,30100.5,30105,30098.5,30100.75,186
1789944600,30100.25,30102.5,30098.75,30100,54
1789944660,30100,30100.25,30090,30090,133
1789944720,30091.75,30093.75,30090.75,30091.75,87
1789944780,30091.5,30092,30089,30089,35
1789944840,30089,30089,30079.25,30085.5,204
1789944900,30084.75,30086.5,30083.75,30084.25,68
1789944960,30082,30084.5,30076,30076.5,172
1789945020,30076.75,30083,30076,30082,97
1789945080,30081.5,30082.75,30078,30078.5,50
1789945140,30079.25,30081.25,30077,30080,81
1789945200,30078.5,30083.5,30078.5,30082.5,14
1789945260,30082.75,30085,30080.25,30083.5,115
1789945320,30084.75,30087.75,30081.25,30085.5,118
1789945380,30086.25,30091.5,30085.75,30090.75,45
1789945440,30091.5,30100.75,30091.5,30099,245
1789945500,30098.25,30100.25,30097,30097.75,79
1789945560,30097,30099,30094,30094,97
1789945620,30094,30095,30092.25,30094,36
1789945680,30095,30099.25,30094.25,30096.75,44
1789945740,30095.75,30096.75,30093.75,30094.25,47
1789945800,30094.25,30099.5,30094,30098.75,36
1789945860,30098.5,30099,30090.75,30092,48
1789945920,30091.75,30091.75,30089.25,30090.75,63
1789945980,30090.75,30094.5,30090.5,30092.5,30
1789946040,30093.5,30094.75,30092.75,30093.5,29
1789946100,30093.5,30096.5,30092,30096.5,31
1789946160,30096.25,30103.25,30095.25,30102.75,81
1789946220,30101.75,30102.25,30099.5,30101.5,49
1789946280,30101.75,30104.75,30101,30101,63
1789946340,30100.5,30102.25,30100.5,30101.75,15
1789946400,30102.5,30104.5,30101.75,30102.5,114
1789946460,30102,30102,30098.5,30099,54
1789946520,30100.25,30101.5,30097.75,30099.75,40
1789946580,30099.5,30101.25,30099,30100,17
1789946640,30099.5,30100.5,30099,30099,11
1789946700,30100.25,30102.25,30100,30101.5,18
1789946760,30101.5,30103.75,30100.25,30103.25,22
1789946820,30102.5,30103,30099,30099.25,41
1789946880,30100,30100,30094.5,30095.5,59
1789946940,30096,30097,30092.25,30093.75,46
1789947000,30092.75,30094.75,30090.25,30092.5,94
1789947060,30091.5,30093,30087.5,30089.5,71
1789947120,30089.25,30090.75,30082.25,30084.5,212
1789947180,30083.5,30090.75,30083.5,30090.75,114
1789947240,30090.25,30091.5,30088.5,30091.25,56
1789947300,30091.5,30095.25,30089,30089.25,139
1789947360,30088.5,30090.5,30086,30089,84
1789947420,30088.25,30089.75,30083.75,30083.75,80
1789947480,30084.25,30090,30084,30089.75,35
1789947540,30090.25,30093.5,30089.75,30092.5,42
1789947600,30091.75,30093,30089.75,30090,25
1789947660,30089,30091.75,30088.25,30088.5,17
1789947720,30090,30091.25,30090,30091.25,10
1789947780,30092.75,30093,30091,30091.75,21
1789947840,30091.5,30095,30091.5,30094,81
1789947900,30094.5,30105.5,30094.5,30105.5,257
1789947960,30104.75,30107,30102.25,30103.25,95
1789948020,30103.75,30106.5,30102.5,30105.75,40
1789948080,30105,30105,30099,30100,80
1789948140,30100,30100,30094,30095.25,116
1789948200,30094,30094.25,30090.5,30092.75,103
1789948260,30092.75,30096.75,30092.75,30095.75,22
1789948320,30096.5,30100.5,30096.5,30099.75,28
1789948380,30099.5,30100,30097,30098.75,40
1789948440,30098.75,30099.75,30097.25,30097.25,13
1789948500,30096.75,30097,30091.75,30092.75,54
1789948560,30092.5,30093.25,30089.75,30092.25,55
1789948620,30092,30093,30090.75,30092.25,13
1789948680,30092,30092.25,30088.5,30090,53
1789948740,30089,30089.75,30086,30087,41
1789948800,30087.25,30093,30087.25,30093,63
1789948860,30091.75,30094.75,30090,30094.25,37
1789948920,30095,30095.75,30090.75,30093.75,40
1789948980,30092.75,30093,30089.75,30090,38
1789949040,30090,30091.5,30083.25,30084.75,80
1789949100,30083.75,30085.25,30078.5,30082,134
1789949160,30082.5,30083.5,30073.75,30074,119
1789949220,30073.5,30074.25,30071,30073.25,113
1789949280,30073,30087.5,30073,30086,231
1789949340,30085,30085.25,30079.25,30081,81
1789949400,30081.25,30081.5,30079,30079,46
1789949460,30078.75,30078.75,30072.5,30074.25,55
1789949520,30075.25,30081.25,30075.25,30078,118
1789949580,30077.75,30082.75,30077.25,30081.5,37
1789949640,30082,30084.5,30080.25,30082,25
1789949700,30082.75,30085,30082,30084,35
1789949760,30083.75,30094.5,30083.75,30093.5,140
1789949820,30094.25,30095.25,30091.75,30093.5,50
1789949880,30093.25,30098.25,30092.5,30097.75,62
1789949940,30098,30099.75,30096.5,30098,78
1789950000,30098,30100.75,30096.25,30098.25,91
1789950060,30097.25,30099.25,30096.75,30097.75,26
1789950120,30096.75,30099,30096,30096,35
1789950180,30096.25,30096.25,30088,30092.25,102
1789950240,30092.5,30094,30092,30094,16
1789950300,30094.5,30096.25,30093.75,30095,24
1789950360,30094.25,30097,30092.75,30097,40
1789950420,30097.5,30097.5,30095.25,30096.25,16
1789950480,30095.25,30095.5,30094.5,30095.5,7
1789950540,30095.75,30095.75,30093.75,30094,10
1789950600,30093.25,30094.5,30086,30086.75,70
1789950660,30085,30086.25,30081.5,30083.75,73
1789950720,30085,30087,30083.5,30085.75,51
1789950780,30085.5,30087,30085.5,30086.25,22
1789950840,30086.25,30087.25,30085.25,30086.5,30
1789950900,30087,30087,30080.5,30081.5,48
1789950960,30083.75,30084.5,30082.25,30083.75,23
1789951020,30082,30085,30082,30084.5,27
1789951080,30083.25,30083.25,30082.5,30082.5,6
1789951140,30083,30085.75,30082.5,30085.5,32
1789951200,30085,30092.5,30084.75,30090.25,53
1789951260,30091.5,30092.25,30089.75,30091.5,18
1789951320,30092,30092.25,30090.5,30092,33
1789951380,30091.5,30092.25,30088.5,30089.25,36
1789951440,30088.75,30091,30088.5,30088.5,13
1789951500,30087.75,30091.75,30087.5,30090.75,27
1789951560,30089.25,30092,30089.25,30092,18
1789951620,30091.75,30092,30090.25,30091.25,7
1789951680,30090.75,30096,30090.75,30094,49
1789951740,30094.75,30098,30093.75,30093.75,41
1789951800,30093.75,30095,30093,30095,24
1789951860,30094.25,30094.75,30092.75,30094.75,29
1789951920,30096,30096.5,30092.25,30092.25,31
1789951980,30092.5,30095,30091,30091.5,63
1789952040,30091.5,30094,30091.25,30091.5,19
1789952100,30092.5,30092.5,30089,30090.25,23
1789952160,30090.75,30096.25,30090.5,30096.25,35
1789952220,30096.25,30096.25,30094,30094,26
1789952280,30093,30093.5,30089,30089.25,43
1789952340,30089.5,30091.5,30089.5,30090,33
1789952400,30090.25,30090.75,30086.5,30087.5,42
1789952460,30087.25,30090,30086.75,30088.75,36
1789952520,30089,30089,30084.25,30088.5,31
1789952580,30088.5,30089.75,30086,30086,16
1789952640,30086,30087.75,30083.75,30084,17
1789952700,30083.5,30085,30081,30083.5,41
1789952760,30084.25,30084.5,30082.5,30084,22
1789952820,30084,30085.5,30083.25,30083.25,11
1789952880,30084,30086,30082.25,30083.75,33
1789952940,30083,30084.25,30080,30083.5,38
1789953000,30083,30086,30082,30082.75,37
1789953060,30082,30085,30082,30084.5,17
1789953120,30085.25,30085.25,30082,30083.75,17
1789953180,30084.25,30084.25,30081,30082.25,22
1789953240,30082.5,30084.25,30080.25,30081.75,37
1789953300,30082,30082.75,30079.25,30081.25,55
1789953360,30080.5,30083,30079.25,30080.75,51
1789953420,30081.25,30081.25,30077.5,30077.5,62
1789953480,30077,30079.25,30075.25,30079.25,66
1789953540,30079.5,30082.75,30077.75,30079.25,72
1789953600,30079.5,30081.5,30079.25,30081.5,27
1789953660,30081.5,30084.25,30079.75,30080.5,44
1789953720,30081.5,30085.75,30081.5,30085.5,35
1789953780,30085.5,30088.5,30084,30087.5,42
1789953840,30086.5,30089.25,30085.75,30088,33
1789953900,30088.25,30088.25,30082,30083.75,38
1789953960,30085,30086,30083.25,30084.25,35
1789954020,30084.5,30085.25,30082,30082,15
1789954080,30082.5,30082.5,30078.75,30078.75,63
1789954140,30079.5,30083.25,30079.5,30081.75,27
1789954200,30081.25,30087,30081,30083.25,53
1789954260,30083.5,30094,30083.5,30093.75,139
1789954320,30093.25,30094.5,30079.5,30082.25,100
1789954380,30082,30086,30077.5,30085.5,80
1789954440,30085.5,30090.75,30085.25,30089.25,52
1789954500,30089.25,30090.75,30083.5,30089.75,38
1789954560,30089.5,30096,30089.5,30093,92
1789954620,30092.75,30098.25,30091.25,30097,98
1789954680,30097.5,30103,30096.5,30102.5,98
1789954740,30102.5,30102.5,30092,30095.5,114
1789954800,30096,30111.75,30095.5,30109,397
1789954860,30109.5,30109.75,30097.75,30099.25,206
1789954920,30100,30102.25,30095.5,30097.75,84
1789954980,30099,30100,30097.75,30097.75,27
1789955040,30098,30100.25,30097.5,30098.5,28
1789955100,30097.5,30101.5,30095.75,30098,68
1789955160,30098,30102.5,30096.75,30098.5,71
1789955220,30098.25,30098.25,30093.25,30096,60
1789955280,30094.75,30095,30084,30084.75,171
1789955340,30085,30088.25,30084.25,30085,87
1789955400,30085.25,30087.5,30082.5,30085,42
1789955460,30087,30088,30083.75,30086.75,30
1789955520,30086.5,30090.5,30086,30090.5,37
1789955580,30090.5,30097.25,30089.5,30095.5,42
1789955640,30095,30095,30088.75,30091.25,50
1789955700,30089.25,30091.5,30088.5,30089,30
1789955760,30090.25,30092,30089.25,30091.5,22
1789955820,30090.75,30093,30087.25,30090.25,52
1789955880,30090.5,30092,30089.5,30090.75,24
1789955940,30090.5,30092.25,30089.75,30090.75,47
1789956000,30090.5,30105.5,30090.5,30105,248
1789956060,30104.5,30106,30100.75,30105.75,95
1789956120,30104.5,30106.25,30103,30103,83
1789956180,30104.25,30105.75,30102.25,30104.25,102
1789956240,30104.75,30108.5,30102,30108,102
1789956300,30107.5,30108.5,30104.75,30106.75,109
1789956360,30106.75,30109.5,30103.75,30106.5,143
1789956420,30108,30110.25,30105,30109,85
1789956480,30109.5,30111,30104,30110.5,63
1789956540,30110.25,30115,30109,30114,116
1789956600,30113.5,30115.75,30112,30113.75,111
1789956660,30114.75,30115.5,30112,30113.75,73
1789956720,30114,30121.5,30108,30111.25,304
1789956780,30111.25,30111.5,30107,30110.5,82
1789956840,30110,30113.5,30106,30113.25,133
1789956900,30112,30115.25,30108.25,30114.75,126
1789956960,30114.75,30120.5,30113.75,30119.25,101
1789957020,30119.75,30122.5,30118.25,30120.5,123
1789957080,30120.25,30123,30117.75,30123,100
1789957140,30123,30125,30113,30116.25,249
1789957200,30116,30118.5,30113,30114,70
1789957260,30114,30118.5,30110.25,30117.5,124
1789957320,30117.75,30118,30110.75,30112.25,103
1789957380,30113,30114,30110.75,30111.75,55
1789957440,30112.5,30113.25,30108.75,30111.5,68
1789957500,30112,30115.25,30110,30114.5,118
1789957560,30115.5,30115.5,30107,30108.75,94
1789957620,30109,30110.75,30108,30110.25,28
1789957680,30111.25,30112.75,30102.75,30105.75,104
1789957740,30106,30108.25,30105.5,30108,66
1789957800,30108.25,30112,30106.5,30108,71
1789957860,30108.75,30114.5,30108.75,30110.25,47
1789957920,30109.75,30112.5,30108.5,30112,59
1789957980,30111.25,30113.25,30109.75,30113.25,31
1789958040,30113.25,30120.25,30113.25,30120.25,56
1789958100,30119.75,30120,30115,30116,53
1789958160,30118,30122.75,30118,30121.25,91
1789958220,30122,30123,30120,30122.5,40
1789958280,30123.5,30123.5,30118.5,30121,79
1789958340,30121,30122,30118.75,30122,60
1789958400,30121.5,30123.75,30120.25,30121.25,43
1789958460,30121.5,30121.75,30118.75,30119.75,31
1789958520,30119.75,30121.25,30117,30118,53
1789958580,30118.25,30119,30117.25,30118.5,33
1789958640,30118,30121,30118,30121,23
1789958700,30121.25,30125.75,30120.75,30124.5,86
1789958760,30124.75,30129.5,30124.75,30128.25,180
1789958820,30128.25,30134.75,30127.25,30133.75,262
1789958880,30133,30135.25,30131,30135.25,142
1789958940,30134.75,30136.5,30133.5,30135,117
1789959000,30134.75,30136,30128,30128,128
1789959060,30128.25,30134,30127.75,30129.75,109
1789959120,30129.5,30133,30127.75,30130.75,81
1789959180,30131,30132,30121.25,30124,147
1789959240,30124,30125.5,30117.25,30124.75,167
1789959300,30125,30131.5,30124.25,30130.75,73
1789959360,30131.25,30134.5,30128.25,30133,70
1789959420,30133.75,30134.75,30132.25,30134.25,61
1789959480,30133.5,30136.5,30131.5,30135.5,77
1789959540,30135.75,30144.5,30132.75,30141.5,438
1789959600,30142,30146.5,30137.5,30139.5,494
1789959660,30141,30141,30131.75,30135.25,191
1789959720,30135.25,30139.75,30134.5,30137.75,138
1789959780,30137.75,30156.75,30137,30155.25,415
1789959840,30156,30162,30153.75,30160,316
1789959900,30159.5,30160.25,30148.25,30156.5,230
1789959960,30157,30158.5,30150,30151.5,96
1789960020,30152,30155,30149.5,30152.75,156
1789960080,30154,30157.75,30150,30151,113
1789960140,30151.5,30161.5,30149.75,30155.75,201
1789960200,30156.75,30156.75,30140.75,30142,179
1789960260,30141,30143.25,30137.25,30140.25,136
1789960320,30140.5,30142.5,30135.25,30136.5,215
1789960380,30135.75,30147.5,30135.75,30143.25,138
1789960440,30142.5,30155.25,30141.5,30153,158
1789960500,30153.25,30155.75,30148.5,30148.75,141
1789960560,30149.75,30152.25,30146,30152.25,162
1789960620,30151.25,30154,30146.25,30150,200
1789960680,30151,30154,30147,30151.25,95
1789960740,30152,30154,30150.25,30150.25,80
1789960800,30151.75,30152,30144.25,30144.75,119
1789960860,30145,30146.5,30142.75,30145,82
1789960920,30143.5,30143.5,30138,30138.75,103
1789960980,30138.5,30138.75,30132,30132.75,172
1789961040,30132,30136,30130.25,30135.5,78
1789961100,30135.5,30135.75,30129.5,30129.75,67
1789961160,30130.25,30133.25,30126,30129.5,106
1789961220,30128.25,30141.5,30128,30140,155
1789961280,30139,30142.25,30136,30138,135
1789961340,30138.25,30150.75,30138.25,30148,263
1789961400,30149.25,30154.25,30146.75,30150,115
1789961460,30149.75,30154.75,30149,30154.25,130
1789961520,30155,30155.25,30145,30147.25,140
1789961580,30146,30151,30142.75,30149.5,107
1789961640,30148.5,30150,30145,30147,97
1789961700,30147.5,30148,30146,30148,49
1789961760,30145.25,30147.75,30145,30147.5,30
1789961820,30148.5,30154,30147,30151.5,126
1789961880,30151.5,30157,30151.25,30152.75,71
1789961940,30153,30153.25,30145.5,30152.75,149
1789962000,30151.5,30151.75,30144.75,30146.25,69
1789962060,30146.25,30148.5,30141.25,30142.25,154
1789962120,30142.75,30150.25,30142.75,30148.75,143
1789962180,30149.25,30149.75,30138.25,30139.75,111
1789962240,30139.5,30146.75,30139.25,30144.75,86
1789962300,30144.5,30150.25,30142,30147.5,165
1789962360,30148,30149.5,30140.5,30141,110
1789962420,30142.25,30148.75,30140,30146.75,62
1789962480,30146.25,30151.5,30145,30151.25,77
1789962540,30151.5,30152,30145,30150.25,86
1789962600,30150.75,30167.5,30149.75,30161,482
1789962660,30161.25,30171.5,30160,30169.75,248
1789962720,30170.25,30173.25,30168.75,30171,151
1789962780,30171,30175,30169.75,30173.75,114
1789962840,30174.5,30178,30173.5,30177.75,116
1789962900,30177.25,30182.5,30177.25,30180.5,184
1789962960,30180.75,30182.75,30178.5,30181.5,141
1789963020,30182.5,30186.25,30180.75,30186.25,137
1789963080,30185.5,30188.25,30181.5,30183.75,155
1789963140,30183.5,30183.5,30177.5,30178.75,95
1789963200,30178.5,30192.75,30172.5,30191.25,446
1789963260,30191.75,30195.75,30189.5,30195.75,192
1789963320,30196,30203.75,30194.25,30201.25,412
1789963380,30200.75,30214,30199,30209,408
1789963440,30209.5,30211,30201,30202.25,200
1789963500,30202.25,30204,30184.75,30186.5,257
1789963560,30187,30204.75,30186.25,30201,321
1789963620,30202.25,30202.25,30194,30194.5,135
1789963680,30197,30202.25,30196.5,30200,138
1789963740,30199.5,30208.75,30195.25,30207.5,241
1789963800,30208,30211.25,30205.5,30208.5,214
1789963860,30207.5,30210.5,30206,30208.25,112
1789963920,30208.75,30215,30208,30214,197
1789963980,30213.5,30214,30202.25,30203.25,198
1789964040,30204.5,30206,30202.5,30204.5,93
1789964100,30205.25,30208.25,30203.75,30203.75,51
1789964160,30205,30207,30203.5,30206,50
1789964220,30204.75,30205.25,30202.75,30202.75,32
1789964280,30202,30202,30197.5,30197.75,97
1789964340,30197.5,30203.25,30195.75,30197.75,138
1789964400,30198,30201.5,30191.25,30199,141
1789964460,30198.25,30200.75,30195,30200.5,88
1789964520,30200.5,30207,30196.25,30206.5,151
1789964580,30207,30212.25,30206,30208.25,108
1789964640,30209,30211.25,30207.25,30209.5,79
1789964700,30209.5,30214,30202.5,30203.5,204
1789964760,30203.5,30205.25,30199.25,30203,249
1789964820,30203.5,30206.25,30202,30205.25,42
1789964880,30204.5,30210,30204.5,30208.5,41
1789964940,30207.5,30208.75,30198.25,30198.75,120
1789965000,30198.75,30207.75,30197.5,30206.5,126
1789965060,30207,30215.25,30205.5,30211.25,136
1789965120,30214,30230.25,30211,30229.25,398
1789965180,30229.5,30231,30226.75,30227.25,119
1789965240,30227,30228,30221.75,30223.5,225
1789965300,30224.5,30225.75,30221,30224.75,74
1789965360,30224,30229.75,30221,30224.5,151
1789965420,30223.25,30225,30219.25,30222,114
1789965480,30221.25,30228,30220,30224,103
1789965540,30225.75,30226.25,30222.25,30225.5,68
1789965600,30225,30226.75,30220.75,30223.5,65
1789965660,30224,30234.75,30223.5,30233,147
1789965720,30232.5,30233.5,30229.5,30231,74
1789965780,30231.5,30237.5,30231.5,30233.25,156
1789965840,30233,30234.25,30230.75,30234.25,123
1789965900,30232.75,30233,30228,30230.25,158
1789965960,30231.5,30233.25,30228,30229.5,65
1789966020,30230,30234,30222,30227.75,131
1789966080,30227,30232.25,30226,30232.25,67
1789966140,30231.5,30235,30230.75,30230.75,64
1789966200,30230,30232.25,30224.5,30229,69
1789966260,30229.75,30231.5,30227.25,30227.25,33
1789966320,30228.25,30229.5,30226,30229.5,48
1789966380,30229.75,30234.5,30229.75,30233,90
1789966440,30233.75,30236.5,30226,30227.75,227
1789966500,30228.25,30231.25,30224.75,30231,63
1789966560,30230.75,30232.25,30226.5,30227.75,90
1789966620,30229,30234.5,30227.25,30232,82
1789966680,30231.75,30235.25,30231,30232.5,66
1789966740,30235.25,30237.75,30232.5,30234.5,132
1789966800,30234.75,30235.5,30229.25,30233.25,109
1789966860,30233.5,30235.25,30230,30234.75,58
1789966920,30233.75,30237,30231.5,30233.5,56
1789966980,30234.5,30237.5,30230.25,30236.75,52
1789967040,30237,30237,30229.25,30231,118
1789967100,30229.5,30233.5,30228.5,30232.75,38
1789967160,30235,30239.75,30233.75,30237,85
1789967220,30237.5,30243,30237.5,30243,129
1789967280,30242.75,30249.75,30242.75,30247.25,227
1789967340,30247.25,30249,30240.25,30240.25,97
1789967400,30241,30245.25,30237.75,30237.75,135
1789967460,30239.5,30242.25,30230.25,30241,251
1789967520,30240.75,30243,30240,30243,33
1789967580,30241.5,30242.5,30236.25,30239.75,58
1789967640,30239.75,30243,30239,30241,65
1789967700,30239,30248,30238.25,30245.5,120
1789967760,30245.25,30246,30239.5,30241,62
1789967820,30240,30240,30234,30239.25,82
1789967880,30238.25,30240.75,30234,30234.75,55
1789967940,30235,30236,30233,30236,64
1789968000,30236.5,30237.25,30233.25,30233.75,42
1789968060,30232.5,30237.25,30232.5,30236.75,62
1789968120,30237.5,30247.5,30237,30246.75,104
1789968180,30247.75,30249.5,30244,30247,117
1789968240,30247.5,30248,30244.75,30247.25,31
1789968300,30245.75,30250,30242.75,30247,126
1789968360,30245.75,30256.25,30245.75,30254,217
1789968420,30254.5,30262.5,30253.75,30260.25,262
1789968480,30260.25,30261,30253.25,30254,128
1789968540,30254.25,30254.5,30247.75,30247.75,77
1789968600,30247,30248.5,30243.75,30247.5,126
1789968660,30248,30249,30241,30241.75,86
1789968720,30242.25,30246.5,30239.75,30245.5,158
1789968780,30246,30248.5,30243.75,30246.25,45
1789968840,30246,30250.75,30246,30249,58
1789968900,30250,30252.25,30248,30251.75,86
1789968960,30252.5,30254.75,30249,30249.75,53
1789969020,30250,30253,30249.5,30252.75,37
1789969080,30251.5,30255.75,30251.5,30253.25,33
1789969140,30253.75,30255.5,30252,30254.25,21
1789969200,30254,30254.5,30251.25,30251.5,55
1789969260,30252.75,30259.75,30252.75,30257.5,98
1789969320,30257,30257.25,30254.25,30254.25,23
1789969380,30256.5,30257.75,30256,30257,15
1789969440,30257.5,30260,30256.25,30257.75,54
1789969500,30258,30258.75,30255.5,30257.25,52
1789969560,30257.5,30258.75,30254.5,30256.25,85
1789969620,30257.25,30259,30256.5,30257.5,55
1789969680,30257.5,30264,30257,30262.5,155
1789969740,30262.75,30262.75,30253.25,30254.75,162
1789969800,30255,30259.25,30255,30257,72
1789969860,30255.75,30259.75,30255.25,30256.25,40
1789969920,30255.75,30258.25,30253.5,30254.5,80
1789969980,30253.5,30256,30251,30253,117
1789970040,30253,30257.5,30250.75,30254.25,111
1789970100,30253.5,30253.5,30249,30251.25,88
1789970160,30250.5,30250.75,30245.25,30246.25,108
1789970220,30245.75,30247.5,30235,30237.25,215
1789970280,30236.75,30238,30233,30234.75,169
1789970340,30235,30239.5,30233.5,30234.25,204
1789970400,30234,30238.75,30232.75,30235.75,137
1789970460,30234.75,30247,30233.5,30246,176
1789970520,30244.5,30247,30241.25,30246.25,58
1789970580,30246.25,30247.5,30244,30245.5,54
1789970640,30245.5,30246,30241.75,30246,90
1789970700,30245.5,30247.75,30242.75,30243.5,60
1789970760,30244.25,30245,30239.5,30241,93
1789970820,30241.25,30244.75,30238,30243.25,76
1789970880,30244.5,30245.5,30241.5,30241.75,53
1789970940,30242.5,30247.5,30241.75,30247.25,81
1789971000,30246.75,30246.75,30244.75,30245.75,52
1789971060,30245.5,30246.25,30244.25,30245,39
1789971120,30245,30245,30242.75,30242.75,30
1789971180,30242.25,30242.5,30238.5,30240.75,118
1789971240,30241.25,30246.5,30241,30246.5,46
1789971300,30246.75,30253.75,30246.75,30253,214
1789971360,30252.25,30252.5,30248.5,30250.25,39
1789971420,30250.5,30252.5,30247.75,30247.75,40
1789971480,30246.5,30248,30242.25,30245,177
1789971540,30245.25,30248.5,30244.5,30246,66
1789971600,30245.25,30246.75,30243.75,30246.75,85
1789971660,30247.25,30247.25,30245.75,30246,25
1789971720,30245,30245.25,30242.75,30244.5,38
1789971780,30244.75,30245.5,30239,30240.25,81
1789971840,30241,30242.5,30239.75,30240,30
1789971900,30240.25,30242.75,30239.25,30239.25,51
1789971960,30240.25,30246,30240.25,30246,48
1789972020,30245.75,30251.25,30245.75,30250.5,46
1789972080,30249.5,30251.75,30249.25,30249.75,26
1789972140,30248,30248,30243.75,30245.75,16
1789972200,30247,30250.5,30237,30250,262
1789972260,30249.75,30256,30247.75,30254.25,179
1789972320,30255,30255.75,30251.75,30253.75,63
1789972380,30252.75,30259.75,30252,30258.75,110
1789972440,30259.25,30261,30257.5,30259.5,125
1789972500,30258.75,30262.25,30248.75,30248.75,153
1789972560,30248.75,30253.5,30246.5,30253.25,127
1789972620,30253.5,30255.25,30252.25,30254.5,58
1789972680,30255.5,30258.5,30254.75,30257.75,41
1789972740,30258.5,30266.75,30258,30261,231
1789972800,30258.5,30259.5,30254.5,30257.25,73
1789972860,30257,30257,30251.75,30254,44
1789972920,30253.5,30254,30251,30252.75,51
1789972980,30251,30252.75,30250,30251.75,54
1789973040,30251.25,30254.75,30250.5,30252.25,62
1789973100,30251,30253.5,30249.5,30251.75,34
1789973160,30252.25,30259,30252.25,30254,31
1789973220,30253.25,30256.25,30250.5,30256,49
1789973280,30254.75,30255,30249.25,30249.5,57
1789973340,30251,30251.25,30247.5,30248.75,27
1789973400,30249,30252,30249,30250.75,41
1789973460,30248.75,30250.25,30247.75,30250.25,38
1789973520,30249.25,30252,30248,30248,33
1789973580,30249.25,30254.5,30248.25,30253.75,26
1789973640,30253.5,30255.75,30250.25,30254.75,66
1789973700,30255.25,30255.5,30246.75,30246.75,55
1789973760,30246.25,30250.75,30246,30248,87
1789973820,30248.25,30249.5,30242,30243.75,99
1789973880,30243.75,30245.5,30241.5,30243,84
1789973940,30243.5,30243.5,30239.25,30241.5,119
1789974000,30241.25,30245,30233.25,30241.25,372
1789974060,30241.25,30251.75,30241.25,30247.5,193
1789974120,30248,30248.5,30240.25,30243.25,93
1789974180,30244,30249,30244,30246.5,47
1789974240,30246.75,30246.75,30235.5,30236,69
1789974300,30235.75,30237.75,30233,30234.25,125
1789974360,30234.75,30236.75,30229.75,30231.25,101
1789974420,30231.5,30234,30227.25,30228.25,150
1789974480,30228.5,30229.5,30222.75,30226,179
1789974540,30226,30231,30225.5,30229,91
1789974600,30229.25,30229.25,30225.25,30226,64
1789974660,30226.75,30228,30223.75,30225.75,97
1789974720,30226.25,30230.5,30225.5,30230.25,55
1789974780,30230.75,30233.25,30230.5,30232.25,69
1789974840,30232.25,30238.25,30231.5,30232.5,116
1789974900,30232.25,30242.25,30232.25,30241,96
1789974960,30239.75,30239.75,30234.5,30237.5,85
1789975020,30236.75,30237.25,30233.25,30237.25,52
1789975080,30236.75,30236.75,30233.75,30236,64
1789975140,30236.75,30239.75,30235,30239.75,31
1789975200,30238.75,30238.75,30231.25,30232.75,69
1789975260,30232.75,30234.25,30231.25,30233.75,44
1789975320,30233.5,30234.25,30230.5,30232.75,59
1789975380,30232.75,30232.75,30223.75,30224,123
1789975440,30224,30227,30222,30223.5,115
1789975500,30223.25,30227,30221,30221,78
1789975560,30221.5,30223.75,30216,30221.5,167
1789975620,30221.75,30226,30221.75,30223.25,83
1789975680,30224.25,30227.75,30223.75,30226.5,36
1789975740,30226.75,30228.75,30223.5,30225.75,64
1789975800,30225.75,30229.75,30223,30228.25,84
1789975860,30227.25,30232,30224.5,30231.25,100
1789975920,30229.5,30232,30229.25,30231.25,66
1789975980,30231.25,30235.25,30227.25,30235.25,160
1789976040,30235.25,30242,30234.25,30234.25,189
1789976100,30235.5,30237.25,30232,30235.75,92
1789976160,30234.5,30234.75,30228,30229.5,74
1789976220,30228.5,30230,30220.75,30220.75,174
1789976280,30221.25,30225.75,30220.75,30225,138
1789976340,30225.5,30238.25,30225.5,30231.25,258
1789976400,30231,30234.5,30229.5,30232.25,73
1789976460,30233.5,30233.5,30227.25,30229,57
1789976520,30230.25,30233.5,30230,30231.75,41
1789976580,30230,30231,30225.75,30230,88
1789976640,30229.5,30241,30229.5,30240.75,116
1789976700,30241,30243.75,30238.5,30242.75,126
1789976760,30243,30243,30238.75,30239.5,93
1789976820,30239.25,30239.5,30233,30237.25,84
1789976880,30237,30239,30235.75,30238.5,29
1789976940,30238.5,30249.25,30238.5,30248.25,132
1789977000,30248,30250.5,30246.25,30250.5,81
1789977060,30249.75,30251.25,30246.75,30250.25,66
1789977120,30250.25,30257.25,30248.75,30257.25,179
1789977180,30256.5,30256.5,30249.75,30252,136
1789977240,30252.25,30257.75,30251.25,30254.5,149
1789977300,30255.25,30260.5,30253.5,30256.25,168
1789977360,30256.5,30257.5,30248,30250,93
1789977420,30250.75,30252.25,30243.75,30249.75,175
1789977480,30249.25,30249.25,30244.75,30246.25,43
1789977540,30246,30248.5,30245.5,30247,33
1789977600,30247.5,30255,30245.5,30249.5,154
1789977660,30249,30249.75,30246.75,30249.25,76
1789977720,30249.75,30255,30236,30246.75,430
1789977780,30247,30256.75,30243.75,30252.5,260
1789977840,30252.5,30268.75,30252.5,30267.75,564
1789977900,30268,30275,30264.25,30268.25,385
1789977960,30268.25,30275,30268,30273.25,250
1789978020,30273,30273.5,30262,30263.5,139
1789978080,30263,30266.75,30262.25,30264,84
1789978140,30264.25,30266.75,30260.75,30263.75,149
1789978200,30263.75,30265.5,30260,30263.5,150
1789978260,30262.75,30265.75,30260,30265,240
1789978320,30265.5,30265.5,30259.25,30263,263
1789978380,30262.5,30264.25,30259.25,30262.5,87
1789978440,30262.75,30262.75,30250.5,30252.25,303
1789978500,30251.75,30255.25,30250.75,30255,130
1789978560,30255,30257.5,30251.25,30251.75,109
1789978620,30251.25,30251.75,30243.25,30246.5,222
1789978680,30247,30257,30246.75,30257,79
1789978740,30257.75,30257.75,30252.5,30252.5,175
1789978800,30252.75,30255.25,30247.25,30254.75,115
1789978860,30255.25,30255.5,30245,30245.75,181
1789978920,30244.5,30244.5,30236.25,30242,245
1789978980,30242,30242.25,30237.25,30240.25,73
1789979040,30241.25,30241.5,30236.25,30237,81
1789979100,30235.75,30236.75,30233.75,30236.25,106
1789979160,30235.75,30238,30234,30236.25,101
1789979220,30236.75,30238.25,30230,30231.75,170
1789979280,30230.25,30231,30225.25,30229,359
1789979340,30228.75,30230.5,30225.5,30225.5,103
1789979400,30226.25,30234,30226,30231.5,154
1789979460,30232.25,30236,30224.25,30235.25,208
1789979520,30235.75,30236.5,30226.5,30233.25,147
1789979580,30232.75,30232.75,30229,30230,75
1789979640,30229,30230.5,30222.25,30229.5,130
1789979700,30230,30231,30227.5,30229,90
1789979760,30229.25,30232,30226.75,30228,146
1789979820,30228.25,30230,30225,30228.75,153
1789979880,30228.25,30235.75,30222.5,30233.5,384
1789979940,30233.5,30235,30231,30232,89
1789980000,30231.5,30234.25,30228.5,30232.25,119
1789980060,30232,30233.75,30226.75,30232.75,231
1789980120,30232.5,30240.25,30232,30238.5,138
1789980180,30239,30240,30236.75,30236.75,86
1789980240,30237.25,30257,30232.75,30254.25,795
1789980300,30254.25,30258.5,30248.75,30249.5,265
1789980360,30250.25,30250.5,30241,30244,224
1789980420,30243.75,30244,30238,30241,150
1789980480,30240.5,30241,30234,30239.5,116
1789980540,30238,30238.25,30233.25,30237,116
1789980600,30237.5,30240,30235.75,30239.5,101
1789980660,30239.25,30239.25,30237,30238.25,67
1789980720,30238.75,30242,30237.25,30240.5,127
1789980780,30242,30243.5,30238.25,30240.25,85
1789980840,30240.25,30240.25,30235.75,30237.25,76
1789980900,30237.25,30237.25,30230.25,30231.25,155
1789980960,30231.5,30233.25,30226,30226.5,170
1789981020,30227,30230,30226,30226.75,170
1789981080,30226.5,30231,30224.75,30230.25,135
1789981140,30230,30230.25,30224.25,30225.5,233
1789981200,30224.25,30225.75,30219.5,30222.25,323
1789981260,30224,30228,30221.75,30225.75,174
1789981320,30226,30235,30224.5,30233,137
1789981380,30233.5,30235,30228.25,30229,121
1789981440,30230.5,30236.5,30230,30233.25,121
1789981500,30232.5,30236.25,30227.5,30229.5,113
1789981560,30229,30230.75,30226.5,30230,101
1789981620,30230.25,30230.5,30224.25,30228.25,180
1789981680,30227.5,30230.25,30226.75,30227.25,128
1789981740,30229,30234.25,30228.5,30233.25,129
1789981800,30233.75,30238.25,30232,30234.25,226
1789981860,30233,30234.25,30225,30226.25,121
1789981920,30225.25,30230.75,30225.25,30230.75,105
1789981980,30230,30230.25,30223,30223.5,273
1789982040,30223,30225.5,30221.25,30223,174
1789982100,30224,30229.25,30223.75,30229.25,148
1789982160,30229.5,30230,30226,30226,122
1789982220,30226,30227.75,30222.25,30223.25,157
1789982280,30223.25,30226.25,30223.25,30224.75,75
1789982340,30225.5,30231,30225.5,30230.25,196
1789982400,30230.25,30230.75,30218,30219,342
1789982460,30219,30222,30218,30219.5,200
1789982520,30219.25,30219.5,30210.75,30211.75,397
1789982580,30212.25,30214.75,30208.25,30209.5,332
1789982640,30209.75,30211,30202.25,30203,357
1789982700,30203,30213.5,30203,30212.5,712
1789982760,30212.5,30227,30210.25,30218.75,994
1789982820,30218.75,30233,30213.75,30233,677
1789982880,30232.5,30232.5,30209,30210.25,826
1789982940,30209.25,30223.5,30208.75,30221.5,796
1789983000,30222,30260,30222,30253.25,5302
1789983060,30253.75,30255,30230,30253.75,3641
1789983120,30253.75,30260,30236.75,30238.25,2864
1789983180,30238,30240,30216.5,30224,2543
1789983240,30225.25,30252,30223.25,30252,2117
1789983300,30252.25,30260,30235.5,30256.75,3134
1789983360,30256.25,30264.25,30244.25,30264.25,2111
1789983420,30263.5,30296,30259.75,30291.75,4051
1789983480,30291.25,30293.5,30282.5,30292.5,1527
1789983540,30292.75,30303.25,30287,30296.5,2109
1789983600,30297,30310,30296.75,30307,2337
1789983660,30307.75,30312.5,30302.5,30308.25,1472
1789983720,30308.5,30316,30305.5,30315,1445
1789983780,30314.5,30329,30312,30323.25,2011
1789983840,30323.25,30340.5,30320.5,30339.75,1849
1789983900,30340.5,30366.75,30340,30366.75,3602
1789983960,30366.5,30370,30358.75,30365.75,1944
1789984020,30365.25,30366.25,30356.25,30358.25,1388
1789984080,30358,30371,30357.5,30364.5,1644
1789984140,30364.75,30366,30356.5,30359.25,1745
1789984200,30359,30361,30351.75,30357.25,1655
1789984260,30357.25,30375,30357.25,30371.75,2198
1789984320,30371.25,30396,30371.25,30392,3193
1789984380,30391.75,30399.5,30390.75,30399.25,1605
1789984440,30399,30408.5,30393.75,30407.75,2193
1789984500,30407.75,30408,30395.75,30402.75,1961
1789984560,30402.25,30409,30396,30398.5,1399
1789984620,30398.25,30418,30395.5,30417.75,1618
1789984680,30417.5,30423,30405.25,30409.75,1917
1789984740,30410,30419.5,30404.75,30416.5,1683
1789984800,30416.5,30430,30412,30418.5,2238
1789984860,30419,30437.75,30416.75,30429.75,2603
1789984920,30429.75,30430.25,30414.25,30423,1482
1789984980,30423,30424.75,30411,30413.75,1341
1789985040,30413.5,30421.75,30413.5,30417.5,1285
1789985100,30418,30419,30399.25,30410.25,2073
1789985160,30410.25,30410.25,30401.5,30403.25,1086
1789985220,30403.25,30409,30397,30403.5,1254
1789985280,30403.5,30416.5,30402.75,30415.25,1025
1789985340,30415.5,30420.25,30406.5,30408.5,1471
1789985400,30408.5,30429,30408.25,30421.25,1457
1789985460,30421,30428,30417.25,30425.75,1160
1789985520,30425.75,30434.75,30423.5,30432.5,1742
1789985580,30433,30444.75,30431.25,30442.5,1968
1789985640,30442.5,30444.25,30433.5,30436.75,1200
1789985700,30437.5,30454.25,30437.5,30453.75,2118
1789985760,30453.5,30470.5,30451.5,30467.75,2252
1789985820,30468,30469,30460.5,30463.75,1436
1789985880,30463.25,30471.75,30463,30468.5,1140
1789985940,30468.75,30469.75,30462.25,30468.75,919
1789986000,30469,30469.5,30457,30458.5,1080
1789986060,30458,30489.25,30455.75,30486.75,2212
1789986120,30486.75,30498.5,30485,30497.25,2187
1789986180,30497.25,30503,30491.75,30502.75,1576
1789986240,30502.25,30505,30498.25,30502.5,1634
1789986300,30502,30503,30493.5,30499.75,1321
1789986360,30500,30509.75,30497.75,30506.25,1315
1789986420,30506.75,30514,30504.5,30512.25,1404
1789986480,30512,30519.25,30511,30516.25,1431
1789986540,30516.5,30519.75,30512,30518,1594
1789986600,30518.25,30525,30510.25,30524.25,1481
1789986660,30524.25,30528.5,30514.5,30521.75,1754
1789986720,30521.5,30531.25,30519.75,30527,1548
1789986780,30527.25,30530.75,30523.25,30527.5,920
1789986840,30527.5,30529.5,30520.75,30524.25,853
1789986900,30524.25,30533,30524.25,30531,1124
1789986960,30531,30549,30529.25,30547.25,1763
1789987020,30547.5,30557.25,30545.5,30546.75,1822
1789987080,30546.75,30548,30531.75,30533,1533
1789987140,30533.25,30537.5,30525.25,30530.75,1531
1789987200,30531.5,30532.25,30522.75,30526.25,1483
1789987260,30526.25,30539,30517.75,30522,1913
1789987320,30521.75,30522.5,30510.75,30511.5,1241
1789987380,30511.5,30513.25,30500.5,30509.25,1722
1789987440,30508.75,30519,30504.5,30516.75,1334
1789987500,30517,30517.75,30504,30507.5,1467
1789987560,30508,30524.75,30507.5,30519.5,1693
1789987620,30520.25,30531.5,30517,30527,1952
1789987680,30526,30531.75,30522,30529.5,885
1789987740,30529.5,30530.75,30519,30519,663
1789987800,30519,30522.75,30506.75,30509.75,1286
1789987860,30509.75,30521.75,30508.5,30518.25,873
1789987920,30518.75,30524.5,30513,30518.25,755
1789987980,30517.5,30521,30506.5,30506.75,927
1789988040,30506.75,30529.25,30506.75,30527.75,1032
1789988100,30527.75,30528.25,30522,30524,570
1789988160,30524.25,30543.25,30519.5,30542.75,1559
1789988220,30542.5,30546.5,30538.5,30541.5,1403
1789988280,30541,30559.5,30539.5,30551,1725
1789988340,30551,30551.25,30544,30550.5,950
1789988400,30551,30561.25,30549,30556.5,1542
1789988460,30556.25,30560.75,30552,30556.75,1225
1789988520,30557,30559.75,30552,30558.25,779
1789988580,30557.5,30569.25,30556.75,30568.5,1706
1789988640,30569.25,30577.5,30567.5,30576,1732
1789988700,30576,30577.75,30568.5,30570,969
1789988760,30570.5,30571,30563.75,30565,1132
1789988820,30565.75,30573.25,30565.25,30571.25,864
1789988880,30571,30574,30567,30572.5,632
1789988940,30572.25,30579,30570.25,30575.25,818
1789989000,30576.25,30577,30569.25,30569.5,947
1789989060,30569.75,30572,30567,30571,634
1789989120,30571.5,30581,30568.75,30580,1039
1789989180,30580.25,30581,30571.5,30574.25,930
1789989240,30574.5,30576,30569.5,30575.5,906
1789989300,30575.75,30582,30575.75,30579.75,1036
1789989360,30580,30582.25,30572.5,30576.5,797
1789989420,30576.25,30578.75,30570.5,30578,1013
1789989480,30578.75,30582.25,30577.25,30579.25,682
1789989540,30578.75,30587.25,30577.5,30584.75,1003
1789989600,30584.75,30586.25,30575.25,30577.75,798
1789989660,30577.5,30582.5,30576.5,30580.5,646
1789989720,30580.25,30580.5,30571,30576,604
1789989780,30576,30576.75,30570.75,30574.5,574
1789989840,30574.25,30576.75,30571.75,30573.5,403
1789989900,30573.5,30581,30571,30576.25,596
1789989960,30576.25,30581.75,30575.5,30578.25,412
1789990020,30577.5,30587.5,30577.25,30581.75,681
1789990080,30581.5,30586.25,30578,30578.5,654
1789990140,30578,30586.75,30578,30584.5,626
1789990200,30585,30595,30584.5,30594.75,1195
1789990260,30594,30594.5,30588.75,30592.25,610
1789990320,30592.75,30594,30588.25,30590,521
1789990380,30590.25,30592,30587.25,30588.25,649
1789990440,30588.25,30591.25,30579.5,30582.5,816
1789990500,30582.25,30586.5,30580,30581.75,568
1789990560,30582.75,30597,30581.5,30592.25,1419
1789990620,30592.5,30598.25,30591,30596.5,621
1789990680,30596.5,30599.5,30593,30597.5,750
1789990740,30597.5,30610.5,30597.5,30608.25,1860
1789990800,30608.25,30610,30601,30603,942
1789990860,30603,30607.25,30598.5,30606.75,1206
1789990920,30606.5,30607.5,30600,30605.75,527
1789990980,30606,30611.25,30605.75,30608.5,563
1789991040,30608.75,30614.25,30608.25,30613.5,593
1789991100,30613.25,30623.75,30613.25,30620.5,1654
1789991160,30620.25,30625.75,30620,30624,1028
1789991220,30624.25,30632.25,30622.25,30631,1351
1789991280,30630.5,30630.75,30625.75,30627.5,677
1789991340,30627.5,30628.75,30623.5,30624.25,715
1789991400,30624.25,30639.25,30615.25,30621.5,2502
1789991460,30621.5,30623.75,30615.5,30616.75,776
1789991520,30616.75,30624.25,30616,30620.25,644
1789991580,30620.75,30624.25,30618.75,30621.5,433
1789991640,30621.5,30623,30612,30612.75,654
1789991700,30613.25,30616.75,30609.75,30615.75,904
1789991760,30615.5,30618,30611.75,30613,628
1789991820,30613,30613.75,30601.75,30606,860
1789991880,30605.75,30609.5,30601.5,30608.5,568
1789991940,30608.5,30611.75,30602.5,30609.75,563
1789992000,30610.25,30610.5,30601.5,30605.75,592
1789992060,30606.5,30608.75,30604.75,30608.25,398
1789992120,30608,30622.75,30608,30621,1004
1789992180,30621,30626.75,30620.5,30626.5,722
1789992240,30626,30632.75,30624.5,30630,971
1789992300,30630.5,30634.5,30627.25,30628.25,945
1789992360,30628.25,30631.25,30623.75,30624,657
1789992420,30624,30649.5,30619,30639,3295
1789992480,30639,30643.5,30636,30641.25,840
1789992540,30641.5,30655,30640.5,30652,1577
1789992600,30652,30659.25,30648.75,30658.75,1290
1789992660,30658.75,30661.25,30656,30657,866
1789992720,30657.25,30657.25,30646.75,30651.75,1025
1789992780,30651.75,30659.75,30649.75,30650,609
1789992840,30650,30653.5,30646.25,30652.5,539
1789992900,30653.5,30660.25,30653.5,30658.5,906
1789992960,30658,30662.75,30655.75,30659.5,641
1789993020,30659.25,30662.75,30651.75,30652.5,942
1789993080,30652.5,30656.25,30648,30652,735
1789993140,30652,30659.25,30651.5,30657.25,497
1789993200,30657.25,30667.25,30655.5,30658,1171
1789993260,30658,30663,30652.25,30663,681
1789993320,30662.75,30669,30661.5,30666.75,632
1789993380,30666.25,30669.75,30664,30669.75,435
1789993440,30669.5,30671,30665.25,30670.5,1072
1789993500,30670.25,30672.5,30668.25,30671.75,586
1789993560,30671.5,30677.5,30667.25,30675.25,761
1789993620,30674.75,30685.75,30674.75,30685.5,1061
1789993680,30685.25,30687.5,30682.25,30685.25,743
1789993740,30684.5,30685.25,30676.5,30678.25,667
1789993800,30677.75,30685.75,30676.5,30685.5,808
1789993860,30685.25,30693.5,30684.5,30692.5,867
1789993920,30692.25,30699.75,30690.25,30696.75,1266
1789993980,30696.5,30704.25,30695.75,30698.75,1278
1789994040,30698.75,30699.75,30691.5,30696,711
1789994100,30696,30699.5,30693.5,30695.5,501
1789994160,30695.25,30698.5,30690.5,30693.75,569
1789994220,30693.25,30694.75,30682.25,30683,760
1789994280,30682.75,30682.75,30674,30676.5,1106
1789994340,30676.5,30677,30665.75,30667,961
1789994400,30667.5,30678,30666.25,30676.75,891
1789994460,30677.25,30680.75,30669.25,30677.25,801
1789994520,30677,30683,30676,30679.5,574
1789994580,30679.25,30683.25,30678,30679,627
1789994640,30679,30680.5,30668.75,30670.25,867
1789994700,30670.25,30679.75,30669.75,30674.25,749
1789994760,30674.25,30680.5,30672,30677,566
1789994820,30677,30679,30673,30678.5,500
1789994880,30678.25,30681.25,30670.75,30677.5,532
1789994940,30677.5,30678.5,30674.25,30678.5,248
1789995000,30678.25,30682.5,30676.75,30679.25,445
1789995060,30678.75,30678.75,30671,30673.75,415
1789995120,30673.75,30674.75,30665,30671,681
1789995180,30671.25,30672.5,30666.75,30669,474
1789995240,30669.25,30675,30668.5,30674.25,380
1789995300,30674.5,30680,30673.5,30678.75,414
1789995360,30678.25,30679.75,30670,30671,597
1789995420,30670.75,30678,30670.75,30677,413
1789995480,30677.25,30678.5,30674.25,30676,322
1789995540,30675.5,30681.25,30675.25,30680.5,413
1789995600,30680.5,30684.25,30678.5,30683.25,666
1789995660,30683.5,30688.5,30682,30684,571
1789995720,30684.5,30685.5,30680,30681.75,410
1789995780,30681.75,30686,30680.5,30684,328
1789995840,30683.5,30687.5,30679.5,30685.25,396
1789995900,30685.75,30693.75,30685.75,30691.75,583
1789995960,30691.5,30693.5,30688.75,30689.25,434
1789996020,30689.5,30690.25,30681,30682.25,375
1789996080,30682,30682.75,30675.75,30679.75,738
1789996140,30679.75,30682,30676.5,30681.25,448
1789996200,30680.75,30682.25,30676.5,30678.5,381
1789996260,30678.75,30681.5,30676.25,30681.25,306
1789996320,30681.25,30689,30680.5,30688.5,603
1789996380,30688,30690.5,30687.5,30688.5,429
1789996440,30688,30694.25,30686,30689,619
1789996500,30689,30692.25,30686.75,30688,607
1789996560,30688.25,30689,30684,30684.5,443
1789996620,30684.25,30686,30680.25,30683.5,630
1789996680,30683.5,30689.75,30681.25,30688.25,532
1789996740,30688.5,30691,30686.25,30689,354
1789996800,30688.75,30693,30688.25,30691.25,422
1789996860,30691,30692.5,30687.75,30689,499
1789996920,30688.75,30689.5,30678.25,30680.75,619
1789996980,30680.25,30682.75,30671.5,30673.5,768
1789997040,30673.25,30673.75,30667.75,30670.5,698
1789997100,30670,30673.75,30669,30671.75,526
1789997160,30671.25,30675,30668,30668.5,503
1789997220,30668.5,30676.25,30664.25,30675.75,838
1789997280,30675.25,30681.75,30672,30681.75,544
1789997340,30681.25,30689.5,30681,30687.75,1234
1789997400,30688,30692,30685.25,30692,533
1789997460,30692.25,30695.75,30677.5,30684.5,1531
1789997520,30684.5,30684.5,30677.75,30681.75,472
1789997580,30682.5,30683.25,30676.75,30678.75,394
1789997640,30679,30679.25,30673.5,30675.25,428
1789997700,30675.25,30680,30670.75,30677,587
1789997760,30677,30681.25,30676.75,30679.25,487
1789997820,30679.5,30684.5,30674.25,30675.5,503
1789997880,30675.25,30681.5,30674.75,30680.75,289
1789997940,30680.75,30683.75,30677.5,30681,251
1789998000,30680.5,30684.25,30678,30682.25,359
1789998060,30682.5,30689,30682.5,30686.5,486
1789998120,30686.5,30700.25,30686.5,30697.75,801
1789998180,30697.75,30702.5,30694.5,30701.5,854
1789998240,30701.5,30716.5,30701.5,30714,1288
1789998300,30714.25,30723,30714,30721.25,1124
1789998360,30721,30724.5,30719.75,30720.25,900
1789998420,30720,30722,30710.25,30711.75,841
1789998480,30711.75,30714.25,30709.75,30710,418
1789998540,30710.25,30717.25,30708.25,30712.75,524
1789998600,30712.75,30716.5,30711,30711.25,274
1789998660,30711.75,30716,30711.75,30715,271
1789998720,30715.25,30719.25,30714.75,30719,301
1789998780,30718.5,30720.5,30717.25,30720.25,433
1789998840,30719.5,30723,30718.25,30718.5,469
1789998900,30718.75,30719.25,30712,30715.75,383
1789998960,30715.75,30719,30710.75,30711.75,582
1789999020,30711,30713.75,30709.25,30711.75,528
1789999080,30712.5,30717.75,30711.75,30714.25,373
1789999140,30714,30714.25,30710.5,30712.5,285
1789999200,30712.75,30716.25,30712.5,30715,631
1789999260,30714,30718,30713.25,30717.25,389
1789999320,30717.75,30722.5,30717.25,30721.25,551
1789999380,30721.25,30723.75,30716.75,30719,524
1789999440,30718.5,30724.25,30718.25,30724.25,429
1789999500,30724.25,30729,30724,30727.5,949
1789999560,30727.5,30729,30724.75,30729,346
1789999620,30728.5,30731.75,30726.75,30729.75,473
1789999680,30729,30731.75,30724.25,30727.5,505
1789999740,30727.5,30728.25,30721,30724.25,637
1789999800,30724.5,30728.5,30723.25,30723.75,521
1789999860,30723.75,30728,30719.75,30727.75,396
1789999920,30727.75,30728,30724.25,30725.5,260
1789999980,30726.25,30730.25,30725.25,30728.75,326
1790000040,30729,30736.75,30729,30730.25,1052
1790000100,30730.75,30738.5,30729.5,30737.5,669
1790000160,30738,30740,30732.75,30734,814
1790000220,30733,30738.25,30732.5,30736,428
1790000280,30735.5,30745,30735.5,30741.75,704
1790000340,30741.25,30742.25,30735.25,30739.5,609
1790000400,30739.5,30743,30738.75,30742,663
1790000460,30741.5,30748,30738.75,30744.5,623
1790000520,30744,30756.5,30744,30755.25,1139
1790000580,30755,30757,30752.25,30755.5,621
1790000640,30755.25,30756.75,30753.25,30754.75,484
1790000700,30754.75,30757.5,30750.25,30754.75,741
1790000760,30755.25,30755.75,30747.75,30750.5,658
1790000820,30750.25,30754.75,30750.25,30753.25,343
1790000880,30753,30759,30753,30756,567
1790000940,30755.5,30757.25,30751.75,30753.5,386
1790001000,30753.75,30755.5,30750.5,30753,736
1790001060,30752.75,30755,30744.5,30745.25,905
1790001120,30745,30747.5,30737,30740.25,757
1790001180,30740.75,30746.5,30737.5,30743,638
1790001240,30743.5,30743.75,30739.25,30743.25,485
1790001300,30743.25,30748.5,30739,30743.25,586
1790001360,30743,30751,30741.25,30749.5,592
1790001420,30749.5,30753.75,30748.25,30753.5,777
1790001480,30753.25,30759.75,30753.25,30757,796
1790001540,30757.5,30763,30757.5,30763,756
1790001600,30762.5,30765.5,30756.5,30760,843
1790001660,30760.25,30764,30757.25,30762.5,429
1790001720,30762.75,30767.5,30762.75,30763.75,668
1790001780,30764.25,30766.25,30760.5,30765,515
1790001840,30765,30766.25,30763.25,30765.25,439
1790001900,30765,30773.25,30765,30765.5,922
1790001960,30765.25,30766.25,30762,30764.25,481
1790002020,30764.75,30772,30763.75,30771.25,469
1790002080,30771.25,30774.75,30769.25,30773.75,603
1790002140,30773.75,30775,30769.5,30772.5,572
1790002200,30772.5,30785.5,30772.5,30781,1751
1790002260,30781.25,30785.75,30781,30785.75,687
1790002320,30785.5,30786,30780.25,30781.75,712
1790002380,30781,30795,30781,30795,1051
1790002440,30795,30797.25,30791.25,30792,972
1790002500,30792.25,30794.75,30788,30790,557
1790002560,30790,30792,30786.5,30790.25,592
1790002620,30790,30792.5,30786.75,30787.75,471
1790002680,30787.75,30790.25,30781.25,30782.5,886
1790002740,30782.5,30789,30780,30786.5,691
1790002800,30786.75,30797.5,30785,30786.25,1217
1790002860,30786,30790,30784.5,30788.75,707
1790002920,30788.75,30793.75,30786,30788.5,770
1790002980,30788.25,30788.5,30783.75,30784.5,570
1790003040,30784.75,30787.75,30777,30777.25,640
1790003100,30777.5,30781.25,30773.5,30773.5,751
1790003160,30773.5,30785,30773,30784.5,798
1790003220,30784.75,30786.75,30781.75,30785.75,525
1790003280,30785.75,30789.75,30785.25,30785.75,576
1790003340,30787.25,30791,30786.5,30789,405
1790003400,30789,30789,30778.75,30782.5,614
1790003460,30782.5,30790,30781.5,30788.75,531
1790003520,30789.5,30795.5,30788.5,30794,580
1790003580,30794.25,30798.5,30792.75,30796.75,681
1790003640,30796.75,30802.5,30795,30801.75,901
1790003700,30801.5,30802,30794.75,30800.25,903
1790003760,30800,30804.5,30797.75,30803.75,681
1790003820,30803.5,30806,30802.25,30804.5,572
1790003880,30804,30807,30801.75,30802.25,533
1790003940,30802.25,30807,30801.25,30805.25,554
1790004000,30805,30806.5,30801.25,30803,575
1790004060,30802.75,30806,30795.25,30805.25,910
1790004120,30805,30809.5,30803,30808.75,658
1790004180,30808.75,30813.5,30804.75,30805.5,943
1790004240,30805,30806.5,30802,30803,552
1790004300,30803.25,30805.75,30797.75,30799,581
1790004360,30798.75,30805.5,30797.75,30805.25,573
1790004420,30805.5,30808.75,30805.25,30806.25,467
1790004480,30806.5,30812.25,30804.75,30807,710
1790004540,30806.75,30808.75,30802.75,30803.75,564
1790004600,30803,30810,30800.25,30809,978
1790004660,30809,30813,30804.25,30812,803
1790004720,30812,30823,30811.5,30819.25,1252
1790004780,30819.25,30831.25,30818.75,30829.5,1169
1790004840,30829.25,30838,30828.5,30835.5,1160
1790004900,30835.5,30838,30832.5,30835.25,967
1790004960,30835.25,30839.5,30833,30839.5,775
1790005020,30839,30849.25,30837.25,30848.5,1247
1790005080,30849,30862.75,30849,30861.5,1586
1790005140,30861.5,30862,30854,30854.5,1237
1790005200,30854.5,30858.25,30840.25,30841.75,1381
1790005260,30841.75,30846.25,30834.25,30836,1433
1790005320,30835.75,30838,30827.75,30829,1083
1790005380,30829,30838.25,30826.5,30835.5,933
1790005440,30835.5,30838.25,30832.5,30835.5,727
1790005500,30835,30837.75,30824.25,30835.75,1467
1790005560,30835.5,30837.75,30826.5,30829,930
1790005620,30828.75,30835.75,30828,30830,802
1790005680,30829.25,30833.75,30824.75,30828.5,741
1790005740,30828.5,30829.25,30822,30825,1054
1790005800,30825.5,30825.5,30786.75,30802,3257
1790005860,30802,30808.75,30796.25,30803.25,1424
1790005920,30804,30820,30804,30813.25,2010
1790005980,30812.75,30814,30802.75,30804.25,996
1790006040,30803.75,30809.25,30794.75,30794.75,1977
1790006100,30794.25,30807.75,30788.5,30802,2328
1790006160,30802,30803.5,30794.5,30796.5,1555
1790006220,30796.5,30804.5,30794,30798.25,1797
1790006280,30798.75,30801,30792.5,30795,2125
1790006340,30794.75,30798.75,30778,30784.25,10393
1790006400,30784.25,30794,30775.75,30779.75,2716
1790006460,30779.25,30782.25,30774.5,30780,1050
1790006520,30779.75,30780.25,30773.75,30776.5,638
1790006580,30776.75,30777.25,30769.25,30771.5,682
1790006640,30771.5,30771.75,30763.25,30767.75,882
1790006700,30768.25,30772,30766.5,30769.75,414
1790006760,30770,30781.5,30769.5,30781.25,860
1790006820,30781.25,30786,30778,30779.5,597
1790006880,30779.75,30783,30775.5,30781.75,337
1790006940,30781.75,30783,30780,30781.5,199
1790007000,30782.5,30784,30779,30779.75,203
1790007060,30779.5,30779.5,30772.75,30775.75,256
1790007120,30776,30776,30771,30774,185
1790007180,30773.5,30780.5,30773.5,30779,400
1790007240,30779,30781.75,30777.75,30778.5,326
1790007300,30778.25,30779,30773.25,30777.25,214
1790007360,30777.25,30777.25,30763.75,30766.25,292
1790007420,30766,30766,30761.75,30763.75,256
1790007480,30764,30768.25,30763.75,30767.25,243
1790007540,30768,30771.5,30768,30771,258
1790007600,30770.75,30772.5,30768.25,30770,149
1790007660,30769,30769.5,30766,30766.5,169
1790007720,30767.5,30767.75,30765.75,30767.25,80
1790007780,30767.75,30771,30767.25,30768,139
1790007840,30770,30771.75,30768.25,30769,122
1790007900,30769.5,30778.25,30769.25,30777.5,240
1790007960,30777.5,30782,30777.5,30778.25,253
1790008020,30777.25,30777.5,30775,30775,104
1790008080,30775,30781.25,30774.75,30780.75,134
1790008140,30780.5,30780.75,30776,30777.5,114
1790008200,30777.5,30778.5,30775,30775.5,140
1790008260,30775.25,30775.25,30772.5,30773.25,160
1790008320,30773.25,30774,30769.5,30771.5,116
1790008380,30771.75,30774,30771.75,30772,102
1790008440,30771.75,30773.25,30771,30772.25,36
1790008500,30772,30772,30769.25,30770,84
1790008560,30769.5,30770,30766.25,30766.75,168
1790008620,30766.25,30767,30763.25,30764,131
1790008680,30763.5,30765.25,30760,30763.25,204
1790008740,30763,30765,30762,30764.5,82
1790008800,30765,30767.25,30764,30764.5,117
1790008860,30764.25,30764.75,30761.5,30762.5,110
1790008920,30762.5,30762.5,30756.5,30760,185
1790008980,30760,30762.5,30759.75,30760.5,106
1790009040,30760.5,30763.75,30758.25,30763,206
1790009100,30762.25,30762.5,30760.5,30760.75,202
1790009160,30761,30763.75,30761,30762.5,89
1790009220,30762,30764.25,30760.5,30764.25,101
1790009280,30763.75,30766.5,30762.75,30764.25,116
1790009340,30765.75,30768,30764.75,30765.75,90
1790009400,30765.25,30767.5,30764.25,30765,82
1790009460,30765,30767,30763.5,30766.5,61
1790009520,30767,30768.5,30766,30766,66
1790009580,30766,30767.75,30766,30767.5,52
1790009640,30767,30769.75,30766.25,30768.25,139
1790009700,30768.25,30769.25,30767.25,30767.5,81
1790009760,30767.25,30768,30763.75,30768,142
1790009820,30767.75,30773.75,30767.5,30773.5,308
1790009880,30773,30778,30769.75,30778,230
1790009940,30775.75,30788,30774,30781,425
1790013600,30780,30799,30778.5,30788,352
1790013660,30787.75,30794,30780.25,30789.5,195
1790013720,30788.25,30789.25,30785.25,30786.5,94
1790013780,30786.25,30794.25,30786.25,30794.25,114
1790013840,30793.25,30808.75,30793.25,30808.25,233
1790013900,30809.5,30821.25,30806.75,30809.75,321
1790013960,30810.5,30810.5,30798,30800,188
1790014020,30800,30807.5,30797.5,30802.75,73
1790014080,30802.75,30807,30802.5,30803.25,70
1790014140,30804.5,30807,30802.75,30804.5,69
1790014200,30805,30807,30802,30802.75,65
1790014260,30803.75,30804,30786.25,30802,375
1790014320,30800.25,30805.75,30795.5,30797.75,122
1790014380,30796.5,30807.5,30796,30805.25,138
1790014440,30807.75,30810,30802.25,30802.75,66
1790014500,30803.25,30807,30802.25,30806,35
1790014560,30806,30806,30802.75,30803.75,33
1790014620,30803,30815.75,30800.5,30812.75,235
1790014680,30812.25,30812.75,30803,30807,125
1790014740,30807,30810,30805,30808,47
1790014800,30808.5,30810.5,30806,30807.75,72
1790014860,30807,30815,30806.75,30810,69
1790014920,30811,30812.5,30804.75,30807.5,72
1790014980,30807.25,30808,30804,30807.25,32
1790015040,30808,30811.75,30807.75,30809.5,28
1790015100,30810,30812.5,30808.75,30809.5,45
1790015160,30809.5,30810.75,30808.25,30809.5,25
1790015220,30809.75,30811,30808.25,30811,25
1790015280,30809.5,30814,30808.5,30814,58
1790015340,30814,30816,30811.75,30814,96
1790015400,30815.75,30828.25,30815,30825.75,301
1790015460,30825.25,30827.75,30817,30820.5,165
1790015520,30820.5,30822,30814,30815,85
1790015580,30815.5,30815.75,30811.5,30814.5,59
1790015640,30813.5,30822,30811.5,30814,210
1790015700,30815,30816.5,30812,30815.5,45
1790015760,30815,30816,30812.25,30815.5,23
1790015820,30813.5,30817.75,30812.5,30817.25,12
1790015880,30817.25,30820.75,30814,30814,38
1790015940,30814,30815,30812,30813.5,36
1790016000,30813.5,30815.5,30811.25,30812,77
1790016060,30812.25,30814,30806,30808.25,126
1790016120,30806.75,30810,30805,30808,75
1790016180,30808,30811.75,30807.75,30811.25,25
1790016240,30811.75,30821.75,30810.5,30821.75,94
1790016300,30821.25,30821.25,30812.75,30818,87
1790016360,30817.75,30818,30813.25,30818,42
1790016420,30816.75,30821,30816.75,30818,57
1790016480,30817,30823.75,30816,30823.75,57
1790016540,30822.75,30824.5,30820.5,30824.5,50
1790016600,30823,30827.25,30821,30825.25,112
1790016660,30824.25,30825,30819.5,30821.25,78
1790016720,30820,30820.5,30815.5,30820.5,72
1790016780,30820.5,30827.5,30820.5,30824.75,79
1790016840,30825.75,30829.75,30825.75,30829.25,65
1790016900,30829.25,30833.5,30825,30830.5,144
1790016960,30830.5,30831.5,30827.75,30829.75,76
1790017020,30828.75,30831,30828.75,30830.25,54
1790017080,30829.5,30831.75,30828.75,30829.5,41
1790017140,30830,30831.5,30828.25,30829.5,56
1790017200,30828.25,30831.25,30828,30830.5,76
1790017260,30830,30834.5,30823.25,30825,187
1790017320,30825.25,30829.75,30825,30829,57
1790017380,30829.5,30836.5,30829.5,30834.25,104
1790017440,30833.75,30834.5,30828,30829.5,97
1790017500,30829.25,30831.5,30827,30831.5,46
1790017560,30832.25,30837.25,30831.75,30834.75,95
1790017620,30833.75,30836.75,30832.75,30836.25,34
1790017680,30836.5,30840.75,30835.75,30836.5,132
1790017740,30837,30839.25,30835.5,30838.5,63
1790017800,30838.25,30839.25,30836,30838,46
1790017860,30836.75,30839.75,30836.5,30839.5,56
1790017920,30838.75,30844.5,30837,30843.5,220
1790017980,30843.25,30852.25,30842,30849.5,226
1790018040,30848,30849,30843.25,30843.75,167
1790018100,30843.25,30847.25,30842.75,30847,47
1790018160,30846.75,30847.25,30842.25,30843.75,56
1790018220,30843.25,30844.5,30836,30837.25,122
1790018280,30837,30846,30836.75,30842.75,119
1790018340,30843,30844.5,30840.5,30841.75,24
1790018400,30841.75,30843,30838.75,30840,99
1790018460,30839.75,30842.75,30838,30841.75,44
1790018520,30841.25,30844.75,30841.25,30844,31
1790018580,30844,30844,30840.5,30841.25,21
1790018640,30840.25,30844.75,30840,30843.5,62
1790018700,30843.5,30843.75,30840,30842,34
1790018760,30842,30843.75,30842,30843.25,15
1790018820,30844.75,30844.75,30841.75,30841.75,20
1790018880,30841.75,30842.5,30838,30838,128
1790018940,30838.25,30844.5,30836.75,30842.75,113
1790019000,30842.25,30847,30840.5,30842.25,118
1790019060,30841.75,30843.75,30840.5,30840.75,32
1790019120,30840.25,30846.25,30836.75,30845.5,100
1790019180,30844.75,30848.75,30843.25,30847.25,77
1790019240,30847.5,30850.5,30846.75,30848.5,91
1790019300,30849,30850,30845.25,30845.25,47
1790019360,30847,30847.25,30841.5,30846.75,80
1790019420,30847,30850.75,30844.75,30845,69
1790019480,30845.25,30848.25,30843.5,30848.25,64
1790019540,30845.75,30847,30842.75,30846,42
1790019600,30847,30855.75,30846.25,30852,191
1790019660,30851.25,30856,30851,30853.25,131
1790019720,30854,30854.25,30851.25,30852.75,91
1790019780,30852.75,30853.5,30851.25,30851.25,107
1790019840,30851.25,30852.75,30849.25,30849.5,113
1790019900,30850,30853.5,30847.5,30849,174
1790019960,30847.5,30855,30846.75,30851.5,142
1790020020,30851.25,30853.75,30848.25,30852,105
1790020080,30852.5,30853,30847,30849.5,75
1790020140,30849.5,30851,30847.75,30849,38
1790020200,30848.5,30850.5,30847.25,30848.75,72
1790020260,30848.75,30851.75,30847.75,30850.25,47
1790020320,30849.5,30851,30849,30850.75,17
1790020380,30851.25,30854.5,30850.75,30853,82
1790020440,30853.5,30856.75,30853.5,30854.25,72
1790020500,30855.25,30855.25,30851.75,30854.5,127
1790020560,30855,30855.25,30849.25,30853,51
1790020620,30852.25,30854.25,30852,30854,28
1790020680,30854.5,30854.5,30852.75,30853,33
1790020740,30852.5,30854,30850.75,30852.25,62
1790020800,30852.25,30858,30850,30857.25,254
1790020860,30857.5,30868.25,30856.25,30862.5,506
1790020920,30861.5,30867.25,30860.5,30867.25,171
1790020980,30867.5,30869.25,30863.25,30865,181
1790021040,30864.25,30867.75,30859.25,30865.25,217
1790021100,30865.25,30869.75,30864.5,30867.5,134
1790021160,30867,30869.75,30864,30868.25,143
1790021220,30868.75,30872.5,30868.25,30870.25,150
1790021280,30871.5,30872.75,30869,30872,136
1790021340,30872,30886.5,30872,30884.5,445
1790021400,30885,30888.25,30876.25,30884.5,477
1790021460,30884.25,30888.5,30881.25,30884.5,271
1790021520,30884.5,30888.25,30880.25,30881.75,185
1790021580,30882.25,30882.25,30873,30879.5,225
1790021640,30879.75,30880.25,30876.75,30876.75,76
1790021700,30876.75,30878,30862.75,30874.75,915
1790021760,30876.75,30882.25,30871.75,30874,303
1790021820,30876.25,30877.75,30871,30873,152
1790021880,30871.75,30876.25,30870,30872.5,205
1790021940,30872.5,30874.25,30871.5,30873.25,39
1790022000,30874,30875.75,30871,30871.75,39
1790022060,30871.5,30882.75,30870,30880,358
1790022120,30881,30882.25,30878.75,30880.5,104
1790022180,30880.25,30881.5,30878,30878.25,56
1790022240,30879,30879.75,30875,30879.75,142
1790022300,30878.75,30880.5,30874.5,30874.75,91
1790022360,30874.75,30883,30874.75,30882,68
1790022420,30882.25,30885.75,30881.5,30882.75,160
1790022480,30883.25,30889,30881,30887.5,91
1790022540,30887,30893.75,30886.25,30892.25,219
1790022600,30893,30908,30891.75,30905.25,735
1790022660,30905.25,30909.5,30904.75,30909,226
1790022720,30908.25,30916.5,30908,30912.75,397
1790022780,30912,30912,30898,30899.5,391
1790022840,30899.25,30900.25,30880.5,30881.25,603
1790022900,30881.5,30884.5,30873.5,30877.25,476
1790022960,30877,30881.25,30874.5,30876.5,161
1790023020,30877.5,30878.75,30872.75,30876.5,141
1790023080,30878.5,30885.5,30878.25,30885,105
1790023140,30883.75,30884,30874,30875.5,128
1790023200,30875.75,30882,30872.25,30877.25,164
1790023260,30876.25,30887,30876.25,30885.75,149
1790023320,30885.25,30893.75,30884,30892,243
1790023380,30894.25,30897,30890.5,30893,172
1790023440,30892.75,30893,30888.75,30891,78
1790023500,30891.75,30899.5,30890,30897.25,181
1790023560,30897,30906.75,30895.25,30899.5,412
1790023620,30898.75,30899,30893,30893,78
1790023680,30892.25,30896.25,30886,30896,179
1790023740,30895.75,30899.25,30893.5,30896.25,66
1790023800,30896.25,30898,30893.75,30898,54
1790023860,30896.75,30900.75,30896,30898.5,90
1790023920,30898.75,30901,30896.25,30896.25,60
1790023980,30895.5,30901.25,30894.5,30900.5,47
1790024040,30900,30901.5,30897.5,30899.75,43
1790024100,30900,30901.5,30895.25,30895.5,85
1790024160,30895,30898.5,30892.5,30898,91
1790024220,30898,30900.25,30897.5,30899.25,34
1790024280,30898,30901.75,30896.5,30901,102
1790024340,30902.25,30903.25,30898.25,30899.5,145
1790024400,30900,30901.25,30894.75,30896,199
1790024460,30895.5,30896.25,30888.75,30892.5,210
1790024520,30893,30893,30888.25,30889.75,89
1790024580,30890.75,30892.25,30884.5,30884.5,217
1790024640,30884.5,30887.5,30883,30884.5,228
1790024700,30885.5,30891,30878.75,30888.5,270
1790024760,30888.75,30894,30886.25,30892.25,119
1790024820,30892.5,30894.5,30889.5,30892.25,74
1790024880,30890.75,30897.25,30889,30894.25,92
1790024940,30894,30894.25,30886.5,30889.75,106
1790025000,30888.75,30889,30882.25,30882.25,168
1790025060,30882,30883,30877.75,30878.75,224
1790025120,30879.25,30886.75,30878.75,30885.25,134
1790025180,30886.25,30886.5,30880.75,30883.5,99
1790025240,30883.75,30886.75,30880.25,30885.5,80
1790025300,30884.75,30884.75,30875.75,30879.5,163
1790025360,30880,30881.25,30871,30874,295
1790025420,30874.75,30877.5,30873,30874,162
1790025480,30874.25,30878.5,30873.75,30874.25,80
1790025540,30875.25,30876,30871.5,30871.5,86
1790025600,30871.75,30876.75,30870.5,30873.75,142
1790025660,30874.25,30877.25,30872.5,30875.75,37
1790025720,30875,30875,30867.5,30870.75,324
1790025780,30870.5,30876,30870,30873.25,184
1790025840,30871.75,30875.5,30871.75,30872,63
1790025900,30872.75,30874,30870.5,30871.75,84
1790025960,30871,30872.25,30868.25,30871.5,38
1790026020,30872.25,30880.75,30871.25,30874.5,256
1790026080,30874.75,30882.5,30874,30881.5,120
1790026140,30881,30888.25,30878.25,30882.75,248
1790026200,30882,30884.75,30873,30879,216
1790026260,30879.25,30888.25,30879,30886.25,137
1790026320,30885.75,30888,30883.5,30887.25,107
1790026380,30887.5,30896.5,30886.75,30891.5,271
1790026440,30892.25,30897.75,30890.25,30897,130
1790026500,30897.75,30898.5,30894,30895.75,108
1790026560,30895.5,30899.75,30891.75,30898,252
1790026620,30897.25,30904.75,30893.5,30896.5,325
1790026680,30897.25,30897.25,30890.25,30890.25,106
1790026740,30891,30892.75,30886.5,30889.75,250
1790026800,30888.5,30891.5,30885.75,30889,72
1790026860,30889.5,30899.25,30889.5,30896.75,107
1790026920,30897,30898.25,30888.5,30892.75,153
1790026980,30892,30894.5,30888.75,30894.25,64
1790027040,30892.5,30892.75,30884.25,30884.25,50
1790027100,30887.25,30892.75,30887.25,30888.25,68
1790027160,30888,30888.75,30880.25,30884.75,152
1790027220,30886.25,30890.75,30882.75,30885,106
1790027280,30884.25,30890.25,30879.25,30883.75,110
1790027340,30883.5,30883.5,30874.5,30878.75,120
1790027400,30876.5,30880.5,30876,30878.5,67
1790027460,30878.75,30887.25,30875.75,30887.25,123
1790027520,30887.75,30888.5,30882.75,30883.25,137
1790027580,30882.25,30886.5,30880.5,30882.75,106
1790027640,30884.25,30887,30882,30884.75,50
1790027700,30885.25,30886,30880.75,30880.75,47
1790027760,30881.25,30884.5,30879.25,30883.5,71
1790027820,30884,30889.25,30883,30883.5,138
1790027880,30882.25,30884,30878.75,30880,63
1790027940,30878.75,30879.5,30873.75,30874.75,143
1790028000,30873,30886,30873,30884.75,182
1790028060,30883,30889.25,30881.75,30887.5,120
1790028120,30887,30893,30887,30892,130
1790028180,30892,30892,30886.75,30888.25,67
1790028240,30890.25,30893.5,30887.25,30890.75,96
1790028300,30888.75,30888.75,30883,30883.75,73
1790028360,30884.25,30887,30883.5,30886.75,28
1790028420,30887,30887,30880.75,30881.5,93
1790028480,30882,30885.75,30880.25,30882,62
1790028540,30881.5,30881.75,30877.5,30879,151
1790028600,30879.5,30879.5,30870.25,30870.25,269
1790028660,30870.25,30875.5,30870.25,30871.75,72
1790028720,30873,30875.75,30870,30873.25,86
1790028780,30874.25,30874.75,30871,30872.75,43
1790028840,30873,30874.25,30872.25,30873.5,21
1790028900,30874.25,30878.25,30873.75,30877.75,77
1790028960,30877.75,30878.75,30875.5,30878,73
1790029020,30876.5,30878.5,30871.75,30875.5,69
1790029080,30875.25,30878.25,30872.5,30877.75,58
1790029140,30877.75,30879.5,30875.75,30876.75,84
1790029200,30877.5,30881,30877.5,30880.25,58
1790029260,30879.5,30880.25,30876.75,30879.75,57
1790029320,30879.5,30884.75,30879.5,30883.5,121
1790029380,30883.5,30883.5,30877.5,30878.25,82
1790029440,30876.25,30881.75,30875.5,30879.75,143
1790029500,30880,30881,30877.75,30880.5,63
1790029560,30880.75,30881.75,30878.75,30879,37
1790029620,30879.5,30880.75,30879.25,30880,13
1790029680,30882,30885,30879.25,30881.75,104
1790029740,30881,30881,30878.75,30878.75,45
1790029800,30879.75,30881.25,30866.75,30870.25,316
1790029860,30870.25,30872,30866.5,30868.5,172
1790029920,30868.25,30871.25,30868,30869.75,77
1790029980,30870.5,30873.5,30866.75,30868,81
1790030040,30868.5,30870.25,30866.75,30869,71
1790030100,30870.25,30871,30868.25,30870,26
1790030160,30870.75,30874,30868.5,30872.75,107
1790030220,30871.5,30878.25,30868,30874.5,248
1790030280,30874,30883.75,30873.25,30882.25,270
1790030340,30882,30887.25,30879.25,30883.75,227
1790030400,30885.75,30895,30885,30889.25,198
1790030460,30889.25,30891,30884.75,30891,57
1790030520,30889.75,30894,30888,30892.25,65
1790030580,30892,30892.25,30890.25,30891,57
1790030640,30890.75,30890.75,30887.5,30888.25,54
1790030700,30888.75,30890.75,30886.5,30889,54
1790030760,30887.5,30888.5,30886,30886,45
1790030820,30887.25,30888.25,30884.25,30888.25,56
1790030880,30888.25,30894.75,30887.25,30894.5,96
1790030940,30894,30894.75,30887.75,30887.75,72
1790031000,30889.75,30890,30886.25,30889.75,49
1790031060,30891.25,30893,30889.5,30890,72
1790031120,30890.5,30893.75,30890.5,30891.5,53
1790031180,30891.5,30896.25,30888.5,30896,112
1790031240,30895.5,30897,30893.5,30896,79
1790031300,30895,30895,30888,30888,71
1790031360,30888,30894.75,30887.75,30891.5,43
1790031420,30891,30895,30888,30893.5,60
1790031480,30891.75,30896.75,30891.5,30892.25,68
1790031540,30893.5,30897.75,30892.25,30894.5,160
1790031600,30894.5,30895.5,30891.25,30895,113
1790031660,30894.75,30894.75,30886.25,30888.75,110
1790031720,30889.5,30891.25,30888.5,30890.25,37
1790031780,30889.75,30897.25,30889.75,30895.75,188
1790031840,30895.75,30896.5,30892.75,30893,43
1790031900,30893.75,30895,30890.75,30892.25,31
1790031960,30891,30892.25,30889.25,30891,61
1790032020,30890.5,30891.25,30886,30888.5,86
1790032080,30886.75,30889.25,30886.75,30889,31
1790032140,30888,30888.75,30883,30884.25,100
1790032200,30884,30890,30884,30888,108
1790032260,30887,30889.25,30886.25,30887.75,40
1790032320,30888.25,30891.25,30886,30887.75,43
1790032380,30889.5,30890.25,30887.5,30888,39
1790032440,30888.25,30891.75,30887.75,30891.5,27
1790032500,30891.25,30899.25,30890.75,30898.75,171
1790032560,30898.5,30899.25,30891,30892.5,83
1790032620,30892.5,30893.5,30889.25,30890.5,36
1790032680,30890.75,30894.25,30890.25,30893.25,19
1790032740,30893.25,30894,30887.25,30891.25,55
1790032800,30891,30891.75,30888.25,30888.5,18
1790032860,30888.25,30891,30887.75,30890.5,32
1790032920,30890.75,30892,30887.25,30892,73
1790032980,30891.75,30891.75,30889,30890,40
1790033040,30889.5,30890,30886.75,30887.5,51
1790033100,30887,30890,30887,30889.75,29
1790033160,30889,30890.25,30888.25,30888.75,17
1790033220,30890,30890.75,30888,30890.75,19
1790033280,30890.5,30890.75,30887.75,30888.5,30
1790033340,30888,30889.5,30887,30888.75,25
1790033400,30889.75,30890.5,30886.75,30887.25,30
1790033460,30886.5,30887.25,30884.5,30885,78
1790033520,30884,30885,30881.25,30882.25,116
1790033580,30882,30886.75,30882,30885.5,35
1790033640,30886,30892,30884.25,30890.75,247
1790033700,30891.25,30894.75,30890,30893.5,107
1790033760,30893.5,30898,30893,30897,88
1790033820,30897.5,30898.75,30895,30895,96
1790033880,30896,30897,30894.25,30894.75,26
1790033940,30895.25,30897.5,30888.5,30889.75,77
1790034000,30888.5,30891.75,30883.25,30883.75,158
1790034060,30884.25,30888.25,30884.25,30886,81
1790034120,30885.5,30888.5,30883.5,30887.75,35
1790034180,30886.5,30887.75,30880,30881.75,160
1790034240,30882.5,30883,30880.25,30881.75,65
1790034300,30881.5,30883,30880,30881.75,35
1790034360,30881,30882.25,30877.5,30879.25,132
1790034420,30879.75,30880.25,30878.25,30878.75,48
1790034480,30878.5,30882,30878.25,30882,36
1790034540,30881.25,30883.75,30881,30882,51
1790034600,30882,30882.25,30879.5,30879.75,29
1790034660,30879.75,30882,30878.25,30881.25,39
1790034720,30881.25,30881.5,30877,30877.75,58
1790034780,30877.5,30881.5,30876.75,30878.75,98
1790034840,30879.25,30880,30875,30875,156
1790034900,30875.5,30875.5,30871.25,30873.75,214
1790034960,30873.75,30873.75,30863.75,30871.5,417
1790035020,30871.75,30877,30870,30876.5,186
1790035080,30877,30877.5,30873.25,30875,87
1790035140,30874.5,30875,30871.5,30873.25,39
1790035200,30872.75,30875.75,30870.25,30872.75,83
1790035260,30872.75,30874.5,30872.25,30873.75,29
1790035320,30872.5,30873,30865.25,30865.75,85
1790035380,30865.75,30867.75,30861,30861.25,226
1790035440,30861.25,30862.5,30856,30861.75,310
1790035500,30860.75,30861.25,30855.5,30856.5,88
1790035560,30858,30859.25,30855.75,30856,64
1790035620,30855.5,30856,30846.75,30851,382
1790035680,30851.75,30852,30845,30846,107
1790035740,30846.75,30847.75,30840.75,30841.5,131
1790035800,30842,30850,30832.5,30850,594
1790035860,30849.5,30866.5,30849,30864,394
1790035920,30863,30864,30856.25,30863,204
1790035980,30862.25,30863.5,30854,30856.25,64
1790036040,30855.75,30859.25,30853.5,30854.5,78
1790036100,30853.5,30857,30850.75,30852.75,86
1790036160,30852.5,30853.5,30851.5,30852.25,40
1790036220,30852.25,30852.75,30844.5,30844.5,200
1790036280,30844.5,30844.5,30840,30843.75,198
1790036340,30844,30844,30836.75,30837,150
1790036400,30836.5,30840,30833.5,30836.25,192
1790036460,30836.25,30838.5,30833,30835,119
1790036520,30835.25,30840.75,30835.25,30839.25,47
1790036580,30838,30839.75,30833,30837.5,142
1790036640,30837.5,30842.25,30834.5,30839.25,92
1790036700,30838,30838,30832.25,30833.5,126
1790036760,30835,30841,30835,30838.5,108
1790036820,30838.25,30839.25,30834.5,30837,124
1790036880,30836.75,30842.25,30836.5,30841,150
1790036940,30841.25,30849.25,30836.25,30836.5,336
1790037000,30836.25,30846.25,30835.5,30844.5,126
1790037060,30845.25,30847.75,30842.5,30843,72
1790037120,30843,30843,30835,30835.5,105
1790037180,30835.25,30838,30831.5,30833.5,149
1790037240,30834,30836,30831,30834,84
1790037300,30833.5,30833.5,30827.5,30829.25,247
1790037360,30831,30832.25,30827,30828.75,93
1790037420,30828,30838,30827.25,30836.75,133
1790037480,30836.75,30840,30833.5,30835,101
1790037540,30836,30836.25,30829.75,30832.25,81
1790037600,30831,30831.25,30824.5,30826.5,168
1790037660,30825.5,30836,30824.5,30834.5,133
1790037720,30834.5,30839.5,30833.5,30838,149
1790037780,30839.5,30842,30834.25,30836.5,81
1790037840,30836.5,30837.5,30828.5,30829,53
1790037900,30829,30835,30827.75,30833,99
1790037960,30833.5,30834.75,30826.25,30827.25,41
1790038020,30826.75,30827.75,30821,30821.5,229
1790038080,30821.5,30823.5,30821,30821.5,73
1790038140,30821.5,30822.75,30820,30821.5,85
1790038200,30822.25,30823.5,30813.5,30813.75,385
1790038260,30813.75,30818,30813.5,30815.75,88
1790038320,30816.5,30822,30814,30820.75,119
1790038380,30820.5,30820.5,30815,30816.5,76
1790038440,30816,30818.25,30813.5,30816,64
1790038500,30817.75,30820.75,30816.75,30816.75,40
1790038560,30816.25,30816.25,30812.75,30814.5,63
1790038620,30814.5,30815,30810,30813.25,148
1790038680,30813.25,30813.75,30810,30810.75,89
1790038740,30811,30813.5,30809.25,30813,66
1790038800,30813,30814.75,30808.5,30814,150
1790038860,30814.25,30815.25,30809.5,30814.25,84
1790038920,30813,30818.25,30812.25,30816.5,84
1790038980,30815.25,30820.75,30812.25,30813.5,125
1790039040,30813.5,30816.75,30811.25,30813.25,65
1790039100,30814,30816.25,30811.25,30815,45
1790039160,30815,30819.75,30813.25,30817.75,89
1790039220,30818.5,30820.75,30814.5,30816.25,92
1790039280,30815,30815.5,30811.75,30814,44
1790039340,30814,30814.5,30807,30808,154
1790039400,30807.75,30812,30804,30811.5,209
1790039460,30812.25,30813.25,30807.75,30808,43
1790039520,30807.75,30809,30806,30809,77
1790039580,30808,30811.25,30806.25,30811.25,102
1790039640,30811,30812,30807,30809.5,70
1790039700,30809.5,30810.5,30801.5,30801.75,171
1790039760,30801.75,30804.5,30797.5,30800.25,454
1790039820,30799.5,30799.75,30791.25,30796,230
1790039880,30796.25,30796.25,30784,30784.75,356
1790039940,30785,30788.75,30783.25,30784.5,156
1790040000,30784,30791.25,30783.5,30788.5,162
1790040060,30789.5,30807.5,30788.5,30805.25,233
1790040120,30805.25,30809.75,30804.75,30805.25,196
1790040180,30804.75,30807.75,30803,30803.75,134
1790040240,30803.75,30807.25,30787,30790.25,643
1790040300,30790,30794,30788.25,30791.25,172
1790040360,30791,30791.5,30786.75,30790,213
1790040420,30790.5,30793,30785.25,30786.25,114
1790040480,30786.25,30797.25,30786.25,30796.75,92
1790040540,30797.25,30801.25,30792.5,30792.5,102
1790040600,30791.25,30792.5,30783.75,30784.25,126
1790040660,30784.25,30787,30780,30783.25,345
1790040720,30783.25,30785,30779.5,30782.5,164
1790040780,30782.5,30790,30781.75,30789.25,82
1790040840,30789.5,30793.75,30786.75,30791.5,105
1790040900,30791.5,30802.5,30791.5,30794,157
1790040960,30794,30798.75,30791,30793.5,80
1790041020,30794.25,30809.75,30793,30802.75,276
1790041080,30801.75,30804.75,30799,30804.5,89
1790041140,30805,30815.25,30805,30814,289
1790041200,30813.75,30817.75,30812.25,30815.75,162
1790041260,30815.75,30823.5,30815.25,30815.5,200
1790041320,30816.25,30816.5,30809.5,30813,131
1790041380,30813.5,30814,30808,30810.75,47
1790041440,30812,30819,30810.25,30818,75
1790041500,30816.5,30828.5,30815.75,30826.75,185
1790041560,30826,30835.75,30825,30832.25,236
1790041620,30831.5,30840,30830,30836.25,279
1790041680,30836.25,30842.75,30826.5,30832,433
1790041740,30831.75,30844.75,30827.5,30844.25,307
1790041800,30844.5,30844.5,30827.5,30830.5,190
1790041860,30831,30834.75,30829,30834,137
1790041920,30834.25,30835,30826,30827.75,138
1790041980,30828,30829.75,30826.5,30828,67
1790042040,30827.5,30829.5,30820.75,30821.75,133
1790042100,30820.75,30822.25,30815.5,30818.25,114
1790042160,30818.5,30823.5,30817,30819.75,102
1790042220,30820.5,30822,30817.75,30820.25,81
1790042280,30820.75,30820.75,30818,30818.5,65
1790042340,30819.5,30822,30812.5,30814.75,197
1790042400,30816.25,30818.75,30805.75,30817.75,433
1790042460,30815.75,30818,30809.25,30809.25,162
1790042520,30810.25,30811,30798.5,30800,195
1790042580,30800,30801,30792,30795.5,159
1790042640,30795.5,30800.75,30789.25,30789.25,159
1790042700,30789.5,30798.5,30785.75,30798.5,213
1790042760,30798.25,30800.25,30792.75,30794,126
1790042820,30792.75,30793.5,30788.5,30792,93
1790042880,30791.5,30795.5,30789.5,30795.5,77
1790042940,30795.5,30802.5,30793.25,30798,121
1790043000,30796.75,30800.5,30792.75,30795.25,81
1790043060,30795.5,30795.5,30787,30790.25,107
1790043120,30789.25,30790,30785,30787.25,88
1790043180,30787,30789,30780.75,30781.25,190
1790043240,30780.75,30785,30778.75,30784.25,217
1790043300,30784.25,30787.75,30782,30786.75,144
1790043360,30786.75,30789,30777.75,30779.75,154
1790043420,30779.75,30781.5,30776.25,30780,171
1790043480,30780.25,30780.25,30776.25,30777.75,68
1790043540,30777.25,30777.75,30773,30774.25,192
1790043600,30773.75,30780,30772,30776.75,157
1790043660,30776,30778.25,30766.5,30775.5,396
1790043720,30778.5,30782.75,30776.25,30776.5,165
1790043780,30777.25,30778.5,30773,30777.25,122
1790043840,30775,30775.25,30767.75,30771.25,158
1790043900,30772.25,30776.25,30769.5,30774.25,117
1790043960,30777,30781,30771.75,30773,99
1790044020,30771.5,30773.25,30768.25,30772.75,115
1790044080,30772.75,30776.5,30772.75,30776,70
1790044140,30777.5,30788,30776.75,30786.25,144
1790044200,30785.75,30792.25,30783.75,30787.25,179
1790044260,30786.5,30787.5,30782.25,30784.75,100
1790044320,30785.25,30788.75,30780.25,30783.25,74
1790044380,30784,30791,30782,30782.5,156
1790044440,30783,30784,30777.25,30779,147
1790044500,30779.75,30789,30778,30788,119
1790044560,30787.75,30794.25,30787.5,30793.75,69
1790044620,30793,30793.25,30789.75,30790.25,80
1790044680,30789.75,30790.75,30787.5,30788.75,35
1790044740,30788.5,30790,30778.5,30786.75,153
1790044800,30786.5,30791.5,30784,30791.25,109
1790044860,30790.5,30794.25,30788,30793.75,48
1790044920,30793.75,30794.25,30782,30784,72
1790044980,30783,30783.75,30775.75,30777.5,163
1790045040,30777.75,30780.75,30775.25,30780.25,93
1790045100,30779.25,30780.25,30775.75,30778,83
1790045160,30779.5,30785.75,30778.25,30785.75,75
1790045220,30786,30786.5,30779.5,30782.75,60
1790045280,30784.25,30786.25,30783.5,30784,32
1790045340,30785,30786.5,30780.75,30781.25,86
1790045400,30781.5,30784.75,30781.25,30782.25,25
1790045460,30783,30784.25,30781.5,30783.75,40
1790045520,30782.25,30785.5,30781.75,30783.75,38
1790045580,30783.25,30786,30782,30782.75,38
1790045640,30781.75,30781.75,30775.5,30777.25,117
1790045700,30777,30782.5,30777,30782,68
1790045760,30781.75,30785,30780,30783.75,54
1790045820,30785.25,30789.5,30782.75,30783,77
1790045880,30784.75,30786.5,30783,30785.75,41
1790045940,30785.5,30787,30778.5,30779,112
1790046000,30779.25,30789.25,30773.5,30775.5,267
1790046060,30776,30777.5,30772.5,30774.25,114
1790046120,30775.25,30775.25,30767.75,30772,164
1790046180,30773,30777.25,30765.5,30768.5,139
1790046240,30768.75,30778,30768.25,30775.75,154
1790046300,30775.75,30785,30770.75,30775,153
1790046360,30775.75,30776.25,30767.25,30767.25,84
1790046420,30767.5,30774.25,30766.75,30771.75,61
1790046480,30770.5,30774.25,30770,30774.25,34
1790046540,30775,30781.75,30773.25,30781.25,72
1790046600,30781.25,30786,30776.25,30782.25,85
1790046660,30782.5,30784.25,30777.75,30780.75,39
1790046720,30783.25,30788,30780.25,30781.75,90
1790046780,30782.25,30782.25,30769.5,30773.5,70
1790046840,30773.75,30779,30768.75,30779,89
1790046900,30778.75,30784.5,30776,30784.25,59
1790046960,30784.25,30792,30780.5,30781.5,152
1790047020,30780.75,30794,30780.75,30788.75,199
1790047080,30787.5,30787.5,30782.5,30784,78
1790047140,30784.25,30784.25,30773.75,30774.25,121
1790047200,30774.75,30778,30773,30775.75,97
1790047260,30776.5,30780.25,30774.5,30780.25,58
1790047320,30779,30780,30774,30776,120
1790047380,30775.75,30779.5,30772.75,30775,109
1790047440,30774.75,30785,30767.75,30775.75,230
1790047500,30777,30778.5,30771,30775.5,70
1790047560,30776,30776,30769,30772.5,87
1790047620,30772.25,30780,30769.5,30776.5,83
1790047680,30775.75,30775.75,30770.25,30772.25,85
1790047740,30772.5,30773,30766.75,30768.75,96
1790047800,30769.25,30771.5,30761,30767,358
1790047860,30767.5,30772.5,30766,30771.5,157
1790047920,30771,30776.75,30767.5,30767.75,204
1790047980,30767.5,30769,30762,30764.5,189
1790048040,30764.5,30769.5,30762,30764.75,77
1790048100,30765,30765.75,30761.75,30762.75,125
1790048160,30762.25,30771.75,30762,30771.25,135
1790048220,30771,30777.25,30769.5,30775,145
1790048280,30774.75,30776.25,30771,30773,65
1790048340,30771,30774.5,30770,30774,70
1790048400,30773.25,30776.5,30771,30771,37
1790048460,30770.75,30778.75,30769.5,30777.75,104
1790048520,30777,30779,30774.25,30778.25,68
1790048580,30776.25,30777.5,30773.25,30776.25,44
1790048640,30775.75,30779.75,30775,30779.5,32
1790048700,30780,30781,30777,30778,40
1790048760,30778,30785.75,30778,30778.25,169
1790048820,30777.25,30779.5,30766.75,30769,131
1790048880,30768.25,30769.25,30764.75,30769.25,140
1790048940,30769.5,30774.75,30768.5,30769,46
1790049000,30770,30772.5,30768,30770.25,73
1790049060,30771,30772.25,30766.75,30768.5,35
1790049120,30769,30777.25,30769,30777.25,58
1790049180,30777.5,30780.5,30773.5,30778,81
1790049240,30778.25,30781,30773.25,30780.25,95
1790049300,30778,30781.25,30777.5,30777.75,81
1790049360,30778,30782,30778,30779.75,47
1790049420,30778.5,30781,30770.25,30771.5,121
1790049480,30771.75,30773.75,30768.5,30769,61
1790049540,30769.25,30775.75,30769,30770.5,51
1790049600,30770.25,30771.5,30756,30764.75,551
1790049660,30763.75,30764.5,30754,30757.5,254
1790049720,30758.5,30766.5,30758.25,30762.5,197
1790049780,30761.5,30762.75,30737.75,30743.25,562
1790049840,30743,30744,30729.25,30731,393
1790049900,30731,30747.75,30725.75,30738,400
1790049960,30738,30742.25,30734.75,30734.75,114
1790050020,30734.25,30745.5,30732,30744.5,226
1790050080,30745.25,30747.25,30736.75,30738,167
1790050140,30738.25,30739.75,30725,30736.5,310
1790050200,30738.5,30742.25,30732.5,30738.25,301
1790050260,30738,30738.5,30733.25,30737.25,138
1790050320,30737,30741.5,30729.75,30732.25,199
1790050380,30732.75,30739.25,30729.75,30733.5,149
1790050440,30735.5,30742.5,30735.25,30736.5,135
1790050500,30736,30737.5,30724.75,30726.75,171
1790050560,30726.5,30726.5,30718,30721.25,151
1790050620,30720.75,30721.75,30716.25,30716.5,117
1790050680,30715.75,30718,30713,30715.5,225
1790050740,30716.25,30724.5,30716.25,30723.75,221
1790050800,30724.25,30724.75,30710.25,30711.75,226
1790050860,30712,30717.75,30712,30717.75,126
1790050920,30717,30717.5,30705,30705.75,178
1790050980,30705.75,30715,30701,30711,287
1790051040,30711.25,30718,30709.5,30712.25,175
1790051100,30711.25,30735.5,30700.5,30700.75,723
1790051160,30700.25,30704.75,30694,30698,295
1790051220,30697.75,30698.25,30690,30692.25,211
1790051280,30692.75,30696,30683.5,30685,281
1790051340,30684.5,30688.25,30683,30686.5,236
1790051400,30686.75,30687.25,30673.25,30674.5,319
1790051460,30674.5,30686.5,30670,30679.75,532
1790051520,30680.75,30699.5,30673.5,30681.75,466
1790051580,30682.25,30682.25,30671.5,30679.25,194
1790051640,30678.25,30692.25,30678,30691,137
1790051700,30690.5,30705,30687.25,30702.75,236
1790051760,30702,30716.25,30693,30714,332
1790051820,30714.5,30721.25,30710,30712.5,294
1790051880,30714.25,30724.25,30712,30721.75,226
1790051940,30722,30746.5,30720.5,30735.5,571
1790052000,30735.5,30738,30727.75,30731,234
1790052060,30730.75,30751,30729.75,30749.5,301
1790052120,30748.25,30765,30745.75,30755.25,451
1790052180,30755.25,30762,30751,30757.5,264
1790052240,30755.5,30761.75,30748,30759.75,172
1790052300,30759,30763,30745.5,30751.75,280
1790052360,30750.5,30760.75,30744,30758.25,192
1790052420,30757.5,30772.5,30757.5,30769.5,330
1790052480,30769,30776,30763.5,30773.25,300
1790052540,30772.25,30780,30770.25,30778.25,260
1790052600,30777.5,30780,30772.25,30780,349
1790052660,30779,30783.75,30768,30775,329
1790052720,30768.75,30780.75,30767.25,30776.75,205
1790052780,30777.75,30787.5,30773,30786.5,237
1790052840,30784.75,30788.5,30770.75,30776.75,318
1790052900,30777.25,30783,30771.5,30772.25,307
1790052960,30773.25,30785,30769.5,30784,153
1790053020,30783.5,30788.25,30777.75,30787,150
1790053080,30787.75,30789.75,30774.75,30775.5,261
1790053140,30778.25,30788.5,30778,30784.5,143
1790053200,30782.5,30790.25,30777.75,30779,217
1790053260,30778.5,30785.5,30771.5,30774.75,234
1790053320,30775.5,30800.25,30773,30786,348
1790053380,30785.5,30788.75,30771.5,30771.5,191
1790053440,30771.25,30772.25,30757,30757.5,371
1790053500,30757,30765,30754.25,30760.75,158
1790053560,30761.5,30780.75,30761.5,30777.75,163
1790053620,30778,30778.25,30767,30777.5,153
1790053680,30777.25,30779.75,30763.5,30764.5,240
1790053740,30764.5,30777.25,30759,30765.75,197
1790053800,30766.75,30771,30762.75,30769.75,119
1790053860,30769.75,30780.25,30760.5,30774,299
1790053920,30773,30773,30753,30756,248
1790053980,30756.5,30770,30755.75,30764.25,123
1790054040,30765,30766.75,30761,30763.25,94
1790054100,30763.5,30787.75,30762.25,30784.5,466
1790054160,30783.75,30783.75,30773,30777.25,115
1790054220,30776,30778.5,30768,30770.75,79
1790054280,30771.25,30772.5,30767.5,30767.5,35
1790054340,30769,30774.25,30768.25,30768.25,23
1790054400,30767.25,30769.75,30766.25,30768.75,54
1790054460,30771.25,30773.5,30768.75,30771.5,38
1790054520,30768,30774.5,30759,30770,203
1790054580,30769.5,30769.75,30760,30767.5,51
1790054640,30767.5,30772.25,30767,30767.25,34
1790054700,30767.75,30769.75,30761.5,30764.5,59
1790054760,30766,30768.25,30763,30768,31
1790054820,30768.25,30771,30764.75,30767.75,73
1790054880,30768.25,30768.5,30766,30767.75,32
1790054940,30769.25,30772.5,30767,30769.25,41
1790055000,30770.25,30777.75,30770.25,30777.25,77
1790055060,30777,30785.75,30776.5,30785.25,161
1790055120,30785.75,30787.25,30782,30782,73
1790055180,30782.75,30784.25,30767.75,30771.75,401
1790055240,30771.75,30779.75,30771.75,30776.5,59
1790055300,30778,30778.25,30766.5,30770.75,94
1790055360,30770.25,30771,30765.25,30768,88
1790055420,30767.25,30772.75,30766.5,30766.5,40
1790055480,30769.25,30769.5,30764,30764.75,49
1790055540,30765.25,30768.5,30765.25,30767.25,40
1790055600,30765.5,30772,30765.5,30769.75,48
1790055660,30768.5,30783.25,30768.5,30774,204
1790055720,30775.75,30778,30769,30777.5,102
1790055780,30777.75,30785.25,30777.75,30784.25,117
1790055840,30782.75,30790.25,30782.75,30790,106
1790055900,30789.5,30790.25,30784.5,30784.75,92
1790055960,30784,30787.5,30781.5,30785.75,62
1790056020,30784.75,30793.75,30783.25,30790.25,139
1790056080,30791,30792,30785,30785,39
1790056140,30787.75,30788.75,30785,30787.5,46
1790056200,30788,30791.25,30786.5,30791.25,95
1790056260,30791.25,30812,30791,30799.75,293
1790056320,30799.75,30850.75,30795.5,30822,1721
1790056380,30822.25,30834,30800,30822.25,1029
1790056440,30820.25,30826.75,30807,30821.5,503
1790056500,30821.25,30823.75,30797.25,30801.25,404
1790056560,30800,30846.5,30794.75,30824.5,956
1790056620,30823.25,30823.25,30802,30814.75,445
1790056680,30816,30838.5,30814.25,30837.5,267
1790056740,30836.25,30842.5,30834,30837.25,353
1790056800,30839,30839,30819.25,30825.5,255
1790056860,30826.25,30831.5,30819.5,30824,195
1790056920,30823.75,30837.25,30823.5,30835.5,241
1790056980,30834.75,30842.5,30828.75,30838.75,229
1790057040,30838.5,30841,30832,30833.75,138
1790057100,30834.25,30842,30834,30835.5,168
1790057160,30834.25,30836,30830,30833.25,118
1790057220,30833.5,30839,30831.5,30837.75,110
1790057280,30837.5,30847,30837.5,30846.25,208
1790057340,30845.75,30846.5,30837,30839,179
1790057400,30837.75,30843.25,30830.5,30834.5,377
1790057460,30833.25,30835.25,30824.25,30825,145
1790057520,30825,30836,30825,30827.25,109
1790057580,30826,30826,30808.75,30816.75,253
1790057640,30818.75,30823.75,30816.75,30818.75,136
1790057700,30818.25,30825.75,30818.25,30822.5,94
1790057760,30822.25,30823,30819.75,30821.5,61
1790057820,30823,30824,30817.75,30822.25,62
1790057880,30823,30823.5,30813,30814.75,77
1790057940,30814.5,30817,30810.25,30810.75,51
1790058000,30813.25,30815.25,30804.25,30807.5,112
1790058060,30808,30811.75,30805,30810.5,67
1790058120,30809,30810.5,30803.75,30804.5,142
1790058180,30805,30806.25,30800,30800.5,100
1790058240,30800.75,30805,30800.5,30801.75,78
1790058300,30800,30803.75,30794,30803.75,105
1790058360,30804,30805.5,30800.75,30804,76
1790058420,30803.5,30806.25,30799.5,30802.75,92
1790058480,30805.75,30808,30803.5,30808,29
1790058540,30808.75,30815,30804,30810.25,83
1790058600,30809,30813.25,30806.5,30812.75,116
1790058660,30813.5,30815.25,30805.75,30810.25,223
1790058720,30810.5,30811,30806.25,30807.25,69
1790058780,30807.5,30809.25,30798,30802.25,89
1790058840,30802.5,30806.25,30802.5,30805.25,36
1790058900,30805,30805,30798.25,30798.25,38
1790058960,30799.25,30805.75,30799,30804.75,57
1790059020,30803.75,30810,30801.5,30808,70
1790059080,30808.5,30809.5,30805.75,30807.25,83
1790059140,30806.75,30809.75,30806,30808.25,44
1790059200,30809.25,30811.75,30807,30809.75,70
1790059260,30811,30817.5,30811,30815.25,73
1790059320,30816,30817.75,30813.75,30817.75,55
1790059380,30818,30830.75,30815.75,30825.5,256
1790059440,30825.25,30828,30818.75,30821.5,162
1790059500,30821.5,30821.5,30812.75,30816.75,131
1790059560,30818,30819.75,30807.75,30810,200
1790059620,30810.25,30821.25,30810.25,30821.25,109
1790059680,30820,30830.25,30819.5,30828,262
1790059740,30829.25,30832,30826.5,30829.5,105
1790059800,30828.75,30834,30828,30833,93
1790059860,30833.75,30833.75,30826.5,30831,112
1790059920,30830.75,30830.75,30826.5,30827.25,52
1790059980,30827,30834.25,30826.25,30831.5,60
1790060040,30829,30829,30824,30826.25,71
1790060100,30826.5,30830,30818,30819,134
1790060160,30820,30825.5,30818.5,30824.5,101
1790060220,30824,30826.25,30821,30822.75,101
1790060280,30823.75,30827.25,30823.75,30827.25,34
1790060340,30826.5,30829.75,30814,30814.25,142
1790060400,30814,30829,30810.5,30811.25,237
1790060460,30810.75,30811.5,30801.75,30801.75,223
1790060520,30802.25,30807.25,30800,30801,117
1790060580,30800,30807.75,30796.25,30807.25,177
1790060640,30806.75,30810.75,30800.75,30810.5,198
1790060700,30808.75,30813.25,30797,30797.75,196
1790060760,30797,30804.75,30791.5,30799.5,176
1790060820,30800.5,30811,30800.5,30808,92
1790060880,30807.5,30809.25,30801,30801.25,38
1790060940,30800.75,30808.5,30754.5,30774.75,1413
1790061000,30774.75,30791.5,30764,30790.5,484
1790061060,30789.75,30794,30776.25,30794,304
1790061120,30794.75,30804.5,30776,30783.5,532
1790061180,30783.75,30786.25,30775.75,30779.5,241
1790061240,30782,30796.25,30779.5,30794.25,188
1790061300,30795.5,30801.75,30790.5,30796.25,254
1790061360,30797,30799,30793.25,30797.75,110
1790061420,30798,30799.5,30792.5,30797.75,121
1790061480,30797,30797.75,30789.25,30792,71
1790061540,30792.5,30794,30788.75,30790.5,93
1790061600,30791.25,30793,30783,30788.75,92
1790061660,30787.5,30792,30787,30787,39
1790061720,30787,30795.5,30785,30789.75,106
1790061780,30790.75,30797.75,30788.75,30793,76
1790061840,30793,30803,30792.75,30799.5,173
1790061900,30798.75,30798.75,30792,30796,72
1790061960,30796,30801.75,30791,30792.5,128
1790062020,30793,30794.25,30783.75,30784.75,70
1790062080,30785.25,30786.5,30781.5,30784,40
1790062140,30782.5,30784,30777.5,30778.75,91
1790062200,30779.5,30782.75,30776.25,30782.75,133
1790062260,30781.75,30789.75,30780,30785.75,95
1790062320,30784,30795,30783.25,30791.5,89
1790062380,30792.75,30793,30788,30788,32
1790062440,30788,30789.25,30781.5,30788.75,65
1790062500,30788.5,30796.25,30787.75,30794.5,69
1790062560,30795.5,30798.25,30790.25,30792,84
1790062620,30790.75,30794.5,30789.75,30790.5,39
1790062680,30791.25,30796.5,30791,30795.25,51
1790062740,30796,30802,30793.75,30796.25,177
1790062800,30796.5,30798.75,30792.25,30798.75,95
1790062860,30797.25,30807.5,30795,30803,184
1790062920,30803,30805,30789.25,30790.75,118
1790062980,30791.25,30798,30790.25,30794.75,56
1790063040,30795.75,30797.75,30786.25,30794.25,149
1790063100,30794.5,30813.75,30791.25,30803.25,397
1790063160,30803.5,30803.5,30785.75,30788.75,120
1790063220,30788.25,30794.5,30785.5,30792.75,107
1790063280,30792.25,30792.5,30788.5,30790.25,51
1790063340,30792,30792.75,30788,30792.5,52
1790063400,30792.25,30792.5,30783.25,30783.25,60
1790063460,30784.25,30785.75,30783,30784.25,38
1790063520,30784.5,30786.5,30778.5,30779.25,127
1790063580,30781.75,30783.25,30778.5,30780.5,45
1790063640,30781,30781.75,30775.75,30775.75,47
1790063700,30776.75,30792.25,30776.75,30786,135
1790063760,30785.25,30785.75,30776.25,30779,70
1790063820,30779,30787.75,30779,30779.75,88
1790063880,30778.75,30780,30772.25,30774.25,118
1790063940,30774.75,30778,30772.75,30776.75,85
1790064000,30776.75,30780.5,30772.25,30775.5,119
1790064060,30775.25,30778,30771,30776.5,144
1790064120,30778.5,30784.5,30774.75,30780.5,193
1790064180,30779.75,30791.75,30778.5,30788.5,105
1790064240,30789.25,30791.25,30784.75,30787,103
1790064300,30785.5,30789.25,30782.25,30782.25,67
1790064360,30783.25,30783.25,30768.25,30771.25,138
1790064420,30772.25,30774,30767.75,30771,112
1790064480,30770.5,30772.25,30762.5,30770.25,177
1790064540,30769.5,30769.5,30749,30759,357
1790064600,30759.75,30765.5,30757.75,30761.25,187
1790064660,30762.5,30766,30757.75,30765.75,134
1790064720,30765.75,30769.25,30763.25,30767.25,84
1790064780,30765.5,30768.25,30763.25,30766.25,99
1790064840,30767.25,30768,30760,30762.75,54
1790064900,30760.75,30762.5,30753.75,30761.75,148
1790064960,30762.75,30769.5,30753.75,30754.75,149
1790065020,30754.75,30759.5,30749,30756.5,212
1790065080,30756.5,30759.25,30754.25,30756.5,155
1790065140,30756,30763.5,30755.5,30758.25,93
1790065200,30758.25,30765.5,30758.25,30763.5,98
1790065260,30764,30773,30763,30772.75,149
1790065320,30773.25,30774.25,30768.5,30771.5,100
1790065380,30770.5,30773.5,30769.5,30772.25,91
1790065440,30772.25,30777,30770.75,30770.75,113
1790065500,30770.25,30780.5,30770,30776.25,119
1790065560,30775,30776.75,30771.75,30776.75,137
1790065620,30776.75,30777,30771.5,30771.75,74
1790065680,30773,30777.5,30771.5,30776.75,59
1790065740,30777,30784.25,30776,30783.5,99
1790065800,30783.25,30783.25,30775.75,30778.5,181
1790065860,30777.75,30784,30772,30783.5,192
1790065920,30782.5,30787.25,30776.75,30780.25,207
1790065980,30780.5,30788.5,30777.75,30787,129
1790066040,30788,30788,30783.25,30784.75,123
1790066100,30785,30787.75,30776,30777.75,177
1790066160,30778,30786.75,30771.75,30771.75,239
1790066220,30772,30774.25,30763.75,30768,300
1790066280,30768.25,30768.75,30765.5,30765.75,73
1790066340,30765.75,30772.5,30764.5,30767.5,125
1790066400,30768,30781.5,30767.25,30779.75,184
1790066460,30779.25,30779.25,30774.75,30777,49
1790066520,30777.75,30780,30774.25,30778.25,121
1790066580,30779.25,30780.75,30771.25,30771.25,108
1790066640,30772.5,30772.5,30763,30764,186
1790066700,30764.75,30768.75,30764,30766.25,112
1790066760,30766,30769,30762,30762.5,77
1790066820,30763.25,30766,30761.75,30762.75,91
1790066880,30762,30769.5,30762,30766,58
1790066940,30766.75,30767.5,30761.25,30763,111
1790067000,30763,30765,30759.5,30760.25,93
1790067060,30759.25,30761.5,30757.25,30758.75,135
1790067120,30758.5,30759.75,30753.25,30759,212
1790067180,30759.25,30762.25,30756.5,30757.5,79
1790067240,30758,30758.75,30756.25,30758,58
1790067300,30757.5,30758,30752.75,30755.25,160
1790067360,30754.75,30755,30750.75,30751.75,205
1790067420,30752.5,30761.5,30752.25,30755,217
1790067480,30755,30758.5,30752,30753,134
1790067540,30752.5,30753.75,30745.5,30752.25,353
1790067600,30753,30759.75,30748.75,30758.5,338
1790067660,30758.75,30767.75,30752.75,30767,290
1790067720,30767,30770.5,30765.75,30769.75,203
1790067780,30768.25,30771.75,30766.75,30770.25,210
1790067840,30770,30772,30766.75,30767.5,152
1790067900,30768,30769.5,30761.5,30765.25,198
1790067960,30765.75,30777.25,30757.25,30769.75,801
1790068020,30769,30771.25,30764,30765.75,189
1790068080,30766.5,30780.75,30766.25,30773,290
1790068140,30772.5,30774,30766.25,30766.25,219
1790068200,30766.25,30770.25,30760.5,30770.25,170
1790068260,30769,30771.25,30764.5,30765,95
1790068320,30765.5,30768.5,30762.5,30765.25,110
1790068380,30765,30768,30760.5,30766.5,182
1790068440,30767,30773,30766.75,30769.75,182
1790068500,30769.5,30771,30761.75,30765.75,260
1790068560,30765.75,30774.5,30765,30765,176
1790068620,30767.5,30767.5,30758.25,30759.25,195
1790068680,30759.75,30763.75,30757,30759,146
1790068740,30758,30759.5,30755.25,30759.5,164
1790068800,30759.5,30759.5,30750.5,30753.75,210
1790068860,30752.75,30765.25,30752.75,30763.5,390
1790068920,30763.75,30766.25,30759,30765,259
1790068980,30764,30767,30760,30763.5,198
1790069040,30764.25,30771,30764.25,30769,284
1790069100,30768.75,30777.75,30762.25,30777,641
1790069160,30776.75,30777,30768.5,30773,313
1790069220,30773.5,30777.75,30769.5,30777.75,537
1790069280,30775.75,30775.75,30756.5,30764.75,612
1790069340,30765.25,30769,30759.75,30764,563
1790069400,30764.25,30816,30763.5,30813.5,5307
1790069460,30813.5,30847,30809.75,30842.5,3206
1790069520,30843,30864.5,30836.75,30859.5,2881
1790069580,30858.75,30868.5,30848.25,30853.5,3217
1790069640,30854,30865.75,30842.5,30864.75,1997
1790069700,30865.5,30886.5,30864.25,30882,3021
1790069760,30882.25,30894.25,30876,30892,1930
1790069820,30891.5,30894,30881.25,30885.25,1629
1790069880,30885.25,30895,30879,30884.5,1618
1790069940,30884.75,30897.5,30878.5,30892.5,1707
1790070000,30893,30900,30886.75,30893.5,2003
1790070060,30893.5,30913,30891.25,30896.25,2317
1790070120,30896.25,30923.25,30893,30917.5,2198
1790070180,30917.75,30927.5,30914.75,30925,1500
1790070240,30925,30926,30902.25,30903,1859
1790070300,30903.25,30913.5,30884.25,30907,2863
1790070360,30906.5,30919.25,30892.25,30894.5,1917
1790070420,30894.75,30904.5,30890,30899.5,1412
1790070480,30899.25,30925,30892,30921.75,2851
1790070540,30922.5,30922.5,30898.75,30907.75,1588
1790070600,30907.5,30940,30905,30939,2225
1790070660,30939.5,30942,30923.5,30934.25,1714
1790070720,30933.25,30939.25,30924,30932.75,1367
1790070780,30932.5,30942.5,30929,30937.5,1174
1790070840,30938.5,30945,30931.25,30941.25,1254
1790070900,30941,30943.5,30917.75,30922.75,2268
1790070960,30922.5,30924.25,30899,30906.5,2136
1790071020,30906,30927.75,30903.75,30922.5,2071
1790071080,30922.75,30934.5,30922,30929.75,1509
1790071140,30929.75,30930.75,30915.75,30929.5,1213
1790071200,30929.75,30937.5,30920.5,30921.5,1845
1790071260,30920.75,30931.5,30915,30926,1235
1790071320,30926.5,30931,30911.25,30923.25,992
1790071380,30923,30925.75,30914.25,30917.75,788
1790071440,30917.25,30933.25,30909.25,30928,1147
1790071500,30928.25,30934.25,30923,30925.25,838
1790071560,30925.75,30927.75,30908.5,30915.75,1102
1790071620,30915.5,30930,30915,30924.25,1113
1790071680,30924.5,30926.75,30915,30919.25,730
1790071740,30919.25,30919.5,30912.75,30915.25,766
1790071800,30914.5,30938.75,30912.5,30936.75,1485
1790071860,30936.25,30957.25,30934.25,30955.5,2364
1790071920,30955,30967,30954.75,30966.5,2025
1790071980,30966,30983.75,30956.75,30959,3159
1790072040,30959.75,30965.75,30947,30960.5,1617
1790072100,30961,30974.75,30951.75,30974.75,1746
1790072160,30975,30978,30961,30965.25,1627
1790072220,30964.5,30965.25,30954.75,30962.5,1208
1790072280,30962,30962,30938.25,30946.5,1989
1790072340,30946,30954,30942.25,30950.25,955
1790072400,30950,30960.75,30944,30955,961
1790072460,30955,30955.5,30934.25,30948,1306
1790072520,30948.5,30958.75,30945.75,30956,1030
1790072580,30957.75,30959,30947.75,30949.5,694
1790072640,30949.75,30953,30938.5,30951.25,1061
1790072700,30950.5,30951.75,30939.5,30947.5,613
1790072760,30947.25,30961,30944.75,30958.25,906
1790072820,30958,30964.5,30955.75,30958.25,823
1790072880,30957.5,30963.5,30955.25,30962,596
1790072940,30961.75,30965.5,30955.75,30961.5,888
1790073000,30961.25,30965.5,30954.5,30956.25,879
1790073060,30956.25,30978.25,30955.5,30974.25,1846
1790073120,30974,30989.75,30973.75,30983,1646
1790073180,30982.5,30997.5,30980,30991.75,1592
1790073240,30991.5,30996,30985,30987.75,974
1790073300,30987.75,30988.5,30948,30953.75,2808
1790073360,30953.5,30959.75,30949.75,30958.5,1020
1790073420,30958.25,30972.25,30951.75,30969,1272
1790073480,30969,30970.5,30941.25,30947.5,1994
1790073540,30947.25,30988.5,30936.5,30943.75,3385
1790073600,30943.75,30949.5,30932.25,30942.25,1528
1790073660,30942,30943,30902.25,30908.75,2661
1790073720,30909.25,30913,30896.25,30903.25,2133
1790073780,30903,30918.25,30897.5,30916.5,1326
1790073840,30917,30926.75,30912.25,30914.5,1700
1790073900,30914,30920.75,30906.75,30906.75,1370
1790073960,30906.25,30911.25,30894,30896.75,1524
1790074020,30896.75,30919,30890.5,30914.5,1930
1790074080,30915,30933.25,30906.5,30932.75,1635
1790074140,30932.25,30943.75,30928.25,30942.25,1363
1790074200,30941.25,30955.75,30939.75,30945.25,1525
1790074260,30945.75,30946,30925.5,30929.75,1290
1790074320,30930,30936.5,30923.25,30934.5,970
1790074380,30934.75,30943,30931,30932.5,855
1790074440,30933,30946,30928.5,30943.5,989
1790074500,30944.25,30948.25,30931.25,30941.25,860
1790074560,30941,30944.5,30933.25,30937.25,682
1790074620,30937.25,30942.75,30927.5,30929.75,610
1790074680,30930,30933,30918.5,30921.25,965
1790074740,30921.75,30927.75,30919.75,30924.75,635
1790074800,30925.75,30930,30916.25,30921.5,1118
1790074860,30922,30929.25,30914.25,30929,996
1790074920,30928.75,30930.25,30917.75,30925.75,824
1790074980,30926.25,30927,30915.5,30919.75,715
1790075040,30920,30924.25,30905.25,30915.5,1486
1790075100,30915.75,30922.75,30911.5,30921.75,696
1790075160,30922.75,30930,30914.25,30915.5,1427
1790075220,30915.5,30936.5,30911.75,30921.75,1446
1790075280,30921.25,30924.75,30918,30921.75,387
1790075340,30922,30928,30912,30915,644
1790075400,30914.75,30926.75,30914.75,30921.75,733
1790075460,30921.5,30929.5,30917.75,30920.5,579
1790075520,30920.25,30923,30912.5,30918.25,562
1790075580,30918.5,30918.5,30907,30913.75,738
1790075640,30914,30942.5,30914,30937.5,1923
1790075700,30937.75,30939.5,30927.5,30928.25,871
1790075760,30927.75,30941.75,30924.25,30941.75,743
1790075820,30942,30942.75,30933.25,30935.25,654
1790075880,30935.5,30936.75,30926,30926,622
1790075940,30926.25,30949,30926,30947,733
1790076000,30946.75,30947.25,30931.25,30931.5,713
1790076060,30932,30945.75,30931.5,30942.25,537
1790076120,30941.75,30944,30934.75,30937.75,415
1790076180,30937.25,30937.5,30928.75,30935.25,550
1790076240,30936,30938,30930.5,30933.25,314
1790076300,30933.25,30945,30931,30939.5,606
1790076360,30939.5,30941,30935.25,30936.75,393
1790076420,30937.25,30939.5,30932.75,30937.25,410
1790076480,30937.25,30938,30920.25,30922.25,754
1790076540,30922.75,30932.75,30921.75,30928.25,724
1790076600,30928.5,30928.5,30916,30919.5,1138
1790076660,30918.75,30929.25,30918.5,30922.75,628
1790076720,30923.25,30928.75,30920.75,30923.25,448
1790076780,30923,30930.75,30917.75,30923,567
1790076840,30922.5,30934,30921.75,30923.75,829
1790076900,30923.5,30925.75,30918.25,30918.5,744
1790076960,30918.25,30922.25,30912.75,30916,1070
1790077020,30914.75,30915,30904,30909.75,1102
1790077080,30910.5,30910.5,30895.75,30898,1183
1790077140,30897.5,30902,30894.25,30897.25,1470
1790077200,30897.5,30901.75,30890.25,30901.5,1032
1790077260,30901.5,30903.75,30885.75,30894.5,946
1790077320,30894.5,30903,30892,30901.25,686
1790077380,30901.25,30906.25,30895.75,30896.25,762
1790077440,30896.25,30904,30896.25,30900,627
1790077500,30899.75,30905.75,30898.75,30903,613
1790077560,30901.25,30907.75,30898.25,30902.75,688
1790077620,30903.5,30913.75,30903.5,30913.5,851
1790077680,30913.5,30914,30908.25,30914,630
1790077740,30914,30918.25,30908,30908.5,606
1790077800,30908.75,30914.75,30900.5,30908.5,872
1790077860,30908.75,30911.5,30904.25,30907.25,392
1790077920,30907.25,30911.75,30902.25,30903.75,430
1790077980,30904,30909.5,30900.5,30904.25,539
1790078040,30903.75,30906.75,30894.5,30896,633
1790078100,30896.25,30897.75,30887.25,30896,1004
1790078160,30896.25,30897.5,30890,30890,551
1790078220,30890.5,30896.75,30887.5,30896.75,532
1790078280,30896.5,30904.5,30896,30903.75,597
1790078340,30904,30911.75,30903.75,30910.5,509
1790078400,30911.25,30919.75,30909.5,30910.5,1001
1790078460,30910.5,30911.5,30894.5,30899.5,857
1790078520,30899.5,30900.5,30896.5,30899.25,252
1790078580,30899,30906,30896.5,30906,312
1790078640,30905.25,30910.5,30904,30908.75,310
1790078700,30908.25,30913,30906.25,30911.75,375
1790078760,30911.75,30917.25,30908,30915.25,437
1790078820,30914.75,30927,30914.5,30925.5,897
1790078880,30925.25,30935.75,30924.5,30929.75,1025
1790078940,30929.75,30935,30923,30927.5,1159
1790079000,30926.75,30934.5,30926.5,30930.25,680
1790079060,30929.5,30930.25,30923.5,30928,383
1790079120,30928.5,30931.75,30923.5,30923.5,335
1790079180,30923.5,30925.75,30919.25,30923.5,596
1790079240,30923.25,30925.5,30920.25,30925.25,314
1790079300,30924.75,30924.75,30914.75,30915.75,515
1790079360,30917.5,30921.5,30915.75,30919.75,402
1790079420,30920.25,30927,30918.25,30925.25,383
1790079480,30924.5,30926,30912.75,30915.25,577
1790079540,30915.25,30915.75,30908.75,30910.5,527
1790079600,30910.5,30917,30903,30915.75,981
1790079660,30916.5,30921.75,30914,30918.5,429
1790079720,30918.5,30923,30917.25,30918.25,407
1790079780,30918.5,30925.5,30906,30906.75,890
1790079840,30907,30908.25,30897.75,30900,808
1790079900,30899.5,30908,30895.25,30905.25,646
1790079960,30905,30907.5,30893.5,30895.25,495
1790080020,30894.75,30902,30892.75,30898.75,502
1790080080,30899,30901,30893.75,30895,291
1790080140,30895.5,30896.25,30889.25,30891.75,575
1790080200,30891.75,30900.75,30891.25,30899.5,625
1790080260,30900,30907,30898.25,30903,673
1790080320,30903.25,30910,30896.5,30906.25,781
1790080380,30906,30914.5,30905,30910.5,579
1790080440,30910,30919.75,30908,30919.5,918
1790080500,30919.75,30920.75,30903.25,30907.75,720
1790080560,30908,30913.5,30903.75,30910.5,408
1790080620,30911,30911.75,30905,30906,442
1790080680,30906,30906.75,30900,30905.25,437
1790080740,30905.5,30908.5,30902.75,30904.5,328
1790080800,30904,30905.5,30899,30903.25,427
1790080860,30903,30905,30897.25,30900,345
1790080920,30900.75,30901.75,30896,30897.75,262
1790080980,30897.75,30909.75,30897.5,30909,496
1790081040,30908.75,30916.5,30907.5,30915.75,451
1790081100,30915.25,30917.75,30911.25,30912.5,574
1790081160,30912,30920.75,30911.5,30920,458
1790081220,30919.5,30921.5,30914.5,30915,393
1790081280,30915.5,30947,30914.25,30930.5,2356
1790081340,30930.5,30945,30928.75,30943.25,1291
1790081400,30942.75,30946,30938.25,30945,949
1790081460,30945.25,30945.75,30940.75,30942.75,557
1790081520,30943,30944.25,30938.75,30940.75,411
1790081580,30941,30945.75,30939.25,30943.75,491
1790081640,30943.25,30944.25,30934,30938.25,531
1790081700,30938,30943.25,30935.5,30938.25,464
1790081760,30938.25,30942.75,30936.25,30939.25,369
1790081820,30939.25,30942.5,30934.5,30942.5,422
1790081880,30942.25,30944.25,30937.5,30942.75,424
1790081940,30942.75,30943.75,30940.5,30940.75,312
1790082000,30941.25,30942,30936.5,30939.75,468
1790082060,30940.25,30943.75,30939.75,30942,284
1790082120,30941.75,30943.5,30937,30938.5,487
1790082180,30939.5,30943.25,30938.75,30940,261
1790082240,30939.75,30942.75,30939.25,30939.25,216
1790082300,30938.5,30946.25,30937.75,30945,338
1790082360,30945,30954.5,30945,30952.5,872
1790082420,30952,30953.5,30945.75,30948.25,357
1790082480,30947.5,30948.5,30941.5,30943,395
1790082540,30942,30943,30936,30942,440
1790082600,30942.25,30947.25,30940.25,30941.25,366
1790082660,30941,30943.25,30938,30940.75,311
1790082720,30941,30941.25,30937.25,30940,317
1790082780,30939.75,30941.5,30938.75,30939.5,169
1790082840,30940,30944,30937.25,30941.25,273
1790082900,30941.5,30942.75,30935.25,30942.5,338
1790082960,30942.25,30944,30938,30938,299
1790083020,30937.5,30942.5,30935.25,30939.5,272
1790083080,30940.25,30940.25,30936,30939,305
1790083140,30939,30941.5,30937,30940,247
1790083200,30939.5,30939.5,30931.25,30934.75,518
1790083260,30934.75,30935.75,30931.75,30933.25,328
1790083320,30933,30934.5,30929,30932.75,447
1790083380,30933.25,30934,30930.25,30932.25,232
1790083440,30933.75,30936.75,30931.75,30935,367
1790083500,30935,30939.25,30932.75,30937.25,333
1790083560,30938,30942.25,30936.5,30941,312
1790083620,30942.25,30949,30942,30949,409
1790083680,30949,30953.5,30947,30952,542
1790083740,30951.75,30956.75,30951.25,30953.5,532
1790083800,30953.5,30953.75,30942.75,30946.5,687
1790083860,30946,30947.25,30935.25,30937.5,488
1790083920,30937.25,30940,30934.5,30935,396
1790083980,30935.25,30937,30931.5,30933.75,411
1790084040,30933.75,30936,30930.5,30935.5,365
1790084100,30935.75,30938.75,30933.25,30938,329
1790084160,30938,30938.75,30927.75,30931,575
1790084220,30930.5,30932.5,30929.5,30931.75,330
1790084280,30931.25,30938.5,30929.5,30934.5,391
1790084340,30934.25,30934.25,30929.25,30929.75,338
1790084400,30930,30930,30921.75,30929.25,675
1790084460,30929,30932.75,30928,30928.75,421
1790084520,30930.25,30939.75,30930.25,30937.75,487
1790084580,30937,30942.75,30934.75,30942,341
1790084640,30941.75,30945.75,30941.75,30944.5,308
1790084700,30944.75,30950.5,30943.75,30949.5,473
1790084760,30950.25,30950.25,30943.25,30945.5,406
1790084820,30945.25,30945.5,30937,30942,444
1790084880,30941.75,30944.75,30941.25,30941.5,187
1790084940,30942,30943.25,30939.25,30941.5,246
1790085000,30942,30943.75,30936.5,30941.5,449
1790085060,30941.75,30945.75,30940.75,30944.5,324
1790085120,30944,30986,30943,30976.75,3765
1790085180,30977,30985,30971.25,30973.25,1389
1790085240,30973.25,30988.25,30971.5,30976.5,1940
1790085300,30976.5,30979.25,30971.5,30977,809
1790085360,30976.5,30980.5,30970.75,30972.5,633
1790085420,30972.75,30973.5,30966,30966.5,813
1790085480,30967,30974,30966,30971.5,432
1790085540,30971,30977.75,30970.75,30977.25,404
1790085600,30977.25,30979.5,30956,30957.5,1137
1790085660,30957.5,30960.25,30951.25,30958.5,972
1790085720,30958.75,30959.5,30951.5,30957.5,439
1790085780,30957.5,30958.75,30955.5,30956.75,354
1790085840,30957,30964.75,30954.75,30960.5,1097
1790085900,30960.5,30973.25,30958.5,30970,589
1790085960,30970.25,30976.75,30970,30974.75,478
1790086020,30974.75,30975.25,30968.75,30973.75,440
1790086080,30973.5,30976,30972.5,30975,395
1790086140,30975.25,30981.25,30974.25,30980.5,476
1790086200,30980.5,30984.25,30975.75,30980.5,565
1790086260,30980.5,30984.25,30979,30982.75,292
1790086320,30982.75,30985.5,30981,30982.25,388
1790086380,30982.25,30982.5,30974.25,30978.5,542
1790086440,30979,30982.5,30978,30981,400
1790086500,30980.5,30986.75,30980.5,30986.5,367
1790086560,30986.75,30988.25,30981.75,30986,531
1790086620,30985.75,30988.75,30985.25,30988,331
1790086680,30988,30994.25,30988,30993,722
1790086740,30992.75,30993.75,30990,30990.75,504
1790086800,30990.5,30996.5,30988.25,30994.25,825
1790086860,30993.75,30995.5,30990.5,30993.75,565
1790086920,30994.25,30998.5,30994,30996.75,555
1790086980,30996.5,31009.5,30995,31005.75,1115
1790087040,31005.75,31007.25,31002.5,31004.5,631
1790087100,31004,31006.5,31001,31002.25,519
1790087160,31002.25,31003.25,30997.5,30998.75,467
1790087220,30999,31000.5,30994,30996.75,434
1790087280,30996.5,31000.75,30993.25,30997.25,437
1790087340,30997.25,30999.5,30992.75,30994,449
1790087400,30994,30995.5,30987.5,30994,783
1790087460,30993.75,30998.5,30992.25,30993.25,492
1790087520,30992.75,30993.25,30986,30989,460
1790087580,30989.5,30990,30981.5,30984,516
1790087640,30984.25,30985.25,30981,30981.5,327
1790087700,30981.25,30984.75,30973.75,30977,893
1790087760,30977.5,30980,30967.5,30978,982
1790087820,30978.75,30980.25,30976,30976.75,321
1790087880,30977,30978,30970.75,30971.75,579
1790087940,30972,30973.75,30966.5,30972.5,699
1790088000,30972.25,30978.5,30971,30976.75,714
1790088060,30976.75,30979.75,30966,30975.25,1032
1790088120,30975.75,30983.5,30974.5,30982,473
1790088180,30982.25,30992,30981.5,30988.75,768
1790088240,30988.75,30992.75,30987.25,30987.75,593
1790088300,30988.25,30991.5,30986.5,30989,325
1790088360,30989,30989,30980.5,30981.5,305
1790088420,30982,30985.5,30981.5,30983,210
1790088480,30983.5,30986.5,30979.5,30985.75,383
1790088540,30985,30987.75,30983.75,30984,176
1790088600,30984,30985,30978,30979.75,322
1790088660,30979.5,30986.5,30979.25,30986.5,296
1790088720,30986.5,30987,30983.25,30986,202
1790088780,30985.5,30989.25,30984.25,30985,259
1790088840,30984.5,30988.5,30984.25,30985.75,138
1790088900,30985.5,30985.75,30980.75,30984.75,301
1790088960,30985,30986.25,30978.25,30978.75,275
1790089020,30978.5,30978.5,30973.75,30974.25,375
1790089080,30974.75,30976,30971.5,30972.75,473
1790089140,30973,30977.25,30972.75,30976,316
1790089200,30976,30983,30975.25,30982,513
1790089260,30981.75,30985.75,30976.5,30983.75,639
1790089320,30984,30985.75,30981.25,30982.5,366
1790089380,30982.5,30984.5,30981.75,30983.25,223
1790089440,30983.75,30988.5,30980.5,30988.5,297
1790089500,30988,30988.25,30984.25,30986,436
1790089560,30986.25,30993.25,30985.75,30991,689
1790089620,30991.25,30993.75,30989,30993.25,382
1790089680,30993.25,30998.5,30991.25,30996.5,611
1790089740,30996,30998.25,30992,30995.5,381
1790089800,30996,31002.5,30995.75,30999.5,567
1790089860,30999.5,31003.75,30997,31002,494
1790089920,31001.75,31003.5,31000.25,31002,409
1790089980,31001.5,31004.5,31000.25,31003.75,475
1790090040,31004,31004.25,30999.5,31003.5,493
1790090100,31002.75,31007.5,31002.25,31005,569
1790090160,31004.75,31014.75,31002,31012.25,913
1790090220,31012.25,31013.25,31009.75,31012.5,511
1790090280,31012.25,31016,31010.75,31012.75,538
1790090340,31013.25,31014.75,31009.25,31011.5,372
1790090400,31011.5,31011.5,31002.5,31006.75,644
1790090460,31006.5,31007.5,31000,31002.5,341
1790090520,31002.5,31004.25,30998.5,30999,437
1790090580,30999,31002.75,30998.25,31001.25,334
1790090640,31001.5,31011.75,30999,31004.75,783
1790090700,31005.25,31023,31004,31019.75,1718
1790090760,31019.75,31027,31019.5,31025.5,1108
1790090820,31025.75,31025.75,31016.25,31016.25,887
1790090880,31016.5,31023.75,31016.25,31020.25,376
1790090940,31020.5,31023,31019.25,31020.75,384
1790091000,31020.5,31025,31018.5,31021.75,748
1790091060,31021.5,31032.5,31021.5,31029.5,895
1790091120,31029.75,31036.25,31028.25,31036,1185
1790091180,31035.75,31043,31033.75,31040.5,1707
1790091240,31040.75,31048,31037.5,31046.75,1326
1790091300,31046.5,31049.25,31040.75,31046.75,938
1790091360,31046.5,31047.5,31036.25,31043.25,881
1790091420,31043.75,31049.75,31040.5,31047.5,868
1790091480,31047.25,31047.75,31039.75,31041.5,721
1790091540,31041.5,31048.25,31037.5,31043.75,789
1790091600,31043.25,31045.25,31041.5,31042.25,317
1790091660,31042,31042.5,31027.5,31028.75,1187
1790091720,31028.5,31029.25,31018.5,31025,1276
1790091780,31025.5,31033.25,31024,31032.75,763
1790091840,31033.25,31036.75,31030.75,31035,551
1790091900,31034.75,31042.25,31034.5,31035,831
1790091960,31035,31039.75,31035,31037.5,399
1790092020,31037.75,31043,31037.5,31041.75,618
1790092080,31042.25,31045,31039.5,31043,687
1790092140,31043.25,31050,31040.75,31046.25,859
1790092200,31046.5,31050,31030,31042,2266
1790092260,31042.5,31054.25,31040.5,31054,1094
1790092320,31053.5,31064.25,31052.25,31060,1620
1790092380,31060.25,31065.5,31049.25,31050,1240
1790092440,31050.25,31053,31036,31039.75,2066
1790092500,31040.25,31040.75,31023,31027,2486
1790092560,31027,31029.5,31023.25,31027.75,1465
1790092620,31028,31033.25,31024,31029,1344
1790092680,31029,31033.25,31016,31016,1990
1790092740,31016.75,31036.5,31012.75,31029.25,8652
1790092800,31029.75,31030.25,31019,31023.25,2079
1790092860,31023.25,31027.5,31020.75,31022,709
1790092920,31022.25,31022.75,31017,31022,463
1790092980,31022,31022.5,31018.75,31021.75,268
1790093040,31021.5,31026,31020.5,31025.25,322
1790093100,31026,31027.5,31018.25,31020.25,506
1790093160,31020,31029.75,31018.25,31027.75,602
1790093220,31027.75,31035.75,31027.5,31029,565
1790093280,31029.25,31032.75,31027.75,31030.75,236
1790093340,31030.75,31032.75,31027,31028.75,215
1790093400,31028.75,31031,31026.25,31029.5,228
1790093460,31030.25,31030.75,31027,31029.25,166
1790093520,31030,31034,31029.25,31030.25,236
1790093580,31030.5,31031,31026.25,31027.25,254
1790093640,31027,31027.25,31021,31021,471
1790093700,31021,31025,31018.25,31018.5,265
1790093760,31018,31020,31016,31017,161
1790093820,31017.75,31021.5,31017.5,31021.25,207
1790093880,31020.75,31024,31017.25,31018.25,230
1790093940,31017.75,31018,31015.5,31015.75,120
1790094000,31015.75,31016.75,31008.75,31010,384
1790094060,31010.25,31010.25,31005.75,31007.75,253
1790094120,31006.75,31007.25,31004,31004.5,94
1790094180,31004.5,31009.5,31000,31004.75,239
1790094240,31004.5,31009.5,31003.75,31008,175
1790094300,31009,31014,31004.75,31013.5,320
1790094360,31014,31014,31003.75,31007.25,220
1790094420,31007.25,31007.25,31005.5,31005.75,35
1790094480,31005.5,31007.5,31005,31007.25,58
1790094540,31007.25,31008.5,31002.75,31004.5,250
1790094600,31004.5,31008.25,31003.5,31007.75,161
1790094660,31007.75,31011.5,31007.25,31009.75,133
1790094720,31009.5,31010.25,31007,31008.25,56
1790094780,31008.25,31009.5,31007.75,31009.25,35
1790094840,31010,31010.75,31006.5,31007.5,110
1790094900,31007.75,31009.5,31007.5,31009.25,29
1790094960,31009,31009.25,31007.5,31008,50
1790095020,31007.5,31009.5,31006.75,31007.75,72
1790095080,31007,31009.5,31007,31008,26
1790095140,31008.25,31009,31006.75,31007,58
1790095200,31008,31008.25,31006.5,31006.5,33
1790095260,31006.25,31007.75,31005.5,31007,61
1790095320,31008.75,31009.5,31006.75,31006.75,112
1790095380,31006.25,31006.5,31005.25,31005.25,66
1790095440,31005.5,31006.25,31002,31002.5,124
1790095500,31002,31003.25,30996.25,30996.75,312
1790095560,30997,30998.5,30995,30998,193
1790095620,30998.5,30999.5,30995.25,30995.5,73
1790095680,30995.5,30997.75,30995.5,30995.75,61
1790095740,30995.25,31000.5,30995,30998.25,99
1790095800,30999,31006.25,30999,31005,94
1790095860,31005,31005,30998,30998.5,103
1790095920,30999.75,31000.25,30998.25,31000,73
1790095980,30999.75,31002,30999.75,31002,67
1790096040,31001.75,31004,31000.5,31002.5,67
1790096100,31001.75,31003.75,31000.25,31000.5,99
1790096160,31000.25,31002.25,30999.25,31002.25,97
1790096220,31001.75,31006,31000,31002.5,201
1790096280,31002.5,31005.75,31001.25,31004.25,64
1790096340,31004.75,31006.25,30991,31002,436
1790100000,31008.5,31030.25,30997.5,31028.5,402
1790100060,31028.5,31033,31023.25,31026.25,200
1790100120,31026,31026,31015,31017.5,177
1790100180,31018.25,31022.5,31017,31022.25,62
1790100240,31021,31022.25,31016.75,31016.75,49
1790100300,31018.25,31031.5,31018.25,31030.5,165
1790100360,31031,31038.5,31030,31034,164
1790100420,31033.75,31034.75,31026.25,31030.5,105
1790100480,31030.5,31031.75,31028.75,31031.75,35
1790100540,31032,31041,31031.75,31033,138
1790100600,31033.5,31034,31027.75,31027.75,49
1790100660,31027.75,31031.75,31027.75,31030.75,34
1790100720,31031,31036,31031,31034,38
1790100780,31034.25,31040,31034,31039.25,129
1790100840,31038.75,31041.75,31038,31041,118
1790100900,31040.75,31044.75,31037.5,31044.5,115
1790100960,31044.25,31046.5,31040,31044.25,75
1790101020,31042.25,31044,31040.75,31042.75,58
1790101080,31042.75,31043,31040.25,31041,21
1790101140,31041.75,31045,31040.75,31044,39
1790101200,31044.25,31049.75,31044.25,31048,98
1790101260,31048,31053.25,31046.75,31052,148
1790101320,31051,31056.25,31051,31053.75,87
1790101380,31054,31055.25,31050.75,31052.75,55
1790101440,31053,31054.5,31051.75,31052.25,35
1790101500,31052.5,31054.75,31052.25,31053.25,53
1790101560,31054,31058.5,31053.75,31055.75,75
1790101620,31054.75,31055.25,31050.75,31053,80
1790101680,31053.25,31053.25,31046.5,31050,55
1790101740,31051.25,31051.25,31048,31049,35
1790101800,31050,31051.5,31048.5,31051.25,55
1790101860,31050.25,31052.75,31049,31052.5,40
1790101920,31051.25,31053.5,31050.25,31052.75,41
1790101980,31052.5,31055.25,31052.5,31055.25,31
1790102040,31055.5,31059.25,31055.5,31057.25,101
1790102100,31056.5,31058.75,31056.5,31057,35
1790102160,31057.75,31057.75,31051,31051.5,86
1790102220,31053.75,31053.75,31051.25,31051.5,31
1790102280,31052,31054.25,31051.25,31052.75,34
1790102340,31052.25,31053.75,31052,31052.75,68
1790102400,31052,31055.75,31052,31055.25,48
1790102460,31056,31060.5,31055.75,31057.25,138
1790102520,31056,31056.5,31054.75,31055.5,39
1790102580,31054.25,31056,31053.5,31055,30
1790102640,31056,31056.25,31051.25,31052,41
1790102700,31052.5,31052.5,31048.5,31050.25,67
1790102760,31050.75,31050.75,31045,31046.25,140
1790102820,31046.5,31047,31042.75,31042.75,120
1790102880,31043,31046,31036,31037.25,214
1790102940,31037.25,31037.5,31027.75,31029.25,289
1790103000,31030,31033.75,31025.5,31031.5,165
1790103060,31031.25,31037.5,31030.5,31035.75,66
1790103120,31036,31038.75,31035.75,31036.75,75
1790103180,31036.5,31043.75,31034.75,31041.75,140
1790103240,31041.75,31046,31041.5,31044.25,117
1790103300,31043.5,31046.25,31043.5,31046,49
1790103360,31046.75,31048.25,31044.5,31047,89
1790103420,31047.25,31047.25,31044.75,31045,23
1790103480,31045.75,31046.5,31042.75,31045,47
1790103540,31044.25,31045,31042.25,31044.25,45
1790103600,31045,31050.5,31045,31047.5,85
1790103660,31048,31052.25,31047.75,31051,64
1790103720,31050.25,31054.25,31046.75,31048,103
1790103780,31048.25,31049.5,31047.25,31048.25,24
1790103840,31049.75,31050,31048.75,31050,20
1790103900,31048.5,31052.5,31048.5,31050.25,68
1790103960,31050,31053.5,31049.75,31051.25,28
1790104020,31051.25,31051.75,31050.5,31050.5,13
1790104080,31050.25,31050.25,31044.75,31046.25,68
1790104140,31046,31047.5,31044.75,31046,23
1790104200,31046,31047.5,31044.25,31044.25,17
1790104260,31044.25,31047.5,31043.25,31047.5,40
1790104320,31047.5,31050.5,31046.25,31046.25,27
1790104380,31045.75,31048.25,31045.75,31048.25,6
1790104440,31048.5,31049.5,31046.75,31049.25,27
1790104500,31049.25,31050,31047.25,31049,15
1790104560,31050.75,31052.75,31050.25,31051,42
1790104620,31051.25,31051.5,31050.75,31051.5,10
1790104680,31051,31051.25,31049.25,31049.5,17
1790104740,31049.25,31052.75,31048,31051.5,26
1790104800,31051.5,31053.25,31051.25,31052.25,24
1790104860,31052,31057.5,31050.25,31056.75,94
1790104920,31057,31061.75,31055.75,31059.25,199
1790104980,31059.25,31060.75,31056.75,31057.5,50
1790105040,31057.25,31059.5,31055,31059,44
1790105100,31057.75,31058,31048.25,31051.25,113
1790105160,31050.75,31052.75,31047.75,31048.5,69
1790105220,31049.25,31053.25,31049.25,31053,35
1790105280,31052.5,31053.75,31050,31051.75,33
1790105340,31052.75,31055.5,31052.5,31053,63
1790105400,31050.75,31054.75,31050,31054.75,39
1790105460,31055,31056.5,31050.75,31051.25,62
1790105520,31051.25,31055.5,31051.25,31054,26
1790105580,31054.5,31057.25,31054.5,31054.5,56
1790105640,31055,31057.25,31055,31055.25,23
1790105700,31055.75,31057,31053.25,31055.25,39
1790105760,31055.25,31056.5,31053,31055,27
1790105820,31055,31056.5,31055,31056.5,16
1790105880,31056.75,31057.25,31055.25,31056.5,47
1790105940,31057.25,31057.75,31056,31056.25,55
1790106000,31055.75,31056.75,31054.25,31056,32
1790106060,31056.75,31058,31056.25,31057,13
1790106120,31055.75,31055.75,31053,31053,45
1790106180,31054,31054.75,31052.5,31054.5,28
1790106240,31054.5,31055,31051.5,31052,31
1790106300,31052.75,31055.25,31046.25,31047.5,161
1790106360,31047,31048.5,31042.75,31047.5,113
1790106420,31047,31048.25,31044.25,31048.25,52
1790106480,31048,31053.75,31048,31052.5,43
1790106540,31052,31052,31046.75,31049.75,57
1790106600,31049.5,31049.5,31044.25,31046.75,59
1790106660,31047.25,31053.5,31046.5,31050.25,96
1790106720,31051.75,31057.25,31049.75,31055.75,251
1790106780,31056.5,31059.25,31052,31057.5,260
1790106840,31057.5,31062.75,31057,31060.75,152
1790106900,31060.75,31060.75,31056.5,31058,88
1790106960,31058.25,31060.5,31053.75,31057,77
1790107020,31057,31062,31056.5,31061,68
1790107080,31061,31063.75,31059.5,31062.75,74
1790107140,31064,31070.5,31063.5,31065,384
1790107200,31064.5,31065.75,31036,31041.25,767
1790107260,31039.25,31047.75,31039.25,31043.75,173
1790107320,31046,31058.75,31046,31054,272
1790107380,31055.25,31058,31050,31056.75,118
1790107440,31056,31056,31042.5,31047,185
1790107500,31047.5,31052.5,31042.75,31043.75,111
1790107560,31044,31049.5,31042.25,31046,116
1790107620,31047.5,31048.75,31033.25,31039.5,276
1790107680,31039.5,31041.5,31036.25,31036.5,155
1790107740,31036.5,31044.5,31035.25,31042.5,109
1790107800,31042.75,31047,31035.25,31039.75,132
1790107860,31040.25,31045.5,31038,31045,74
1790107920,31045,31047.75,31043.25,31045.75,166
1790107980,31045.5,31047.25,31038.25,31039,88
1790108040,31039.5,31041.75,31030.25,31041.25,202
1790108100,31040.5,31047,31036.5,31042,175
1790108160,31041.5,31048,31041,31046.25,114
1790108220,31046.5,31053.5,31040.75,31042.5,157
1790108280,31042,31047.5,31041.25,31044,47
1790108340,31043,31047.25,31041,31046.25,81
1790108400,31046.75,31046.75,31033,31033.25,142
1790108460,31034.25,31041,31031.75,31035.75,222
1790108520,31036,31041,31033.5,31038.5,92
1790108580,31039.25,31047,31037.75,31042.5,98
1790108640,31042.5,31050.5,31040.5,31049.5,104
1790108700,31048.25,31054,31047.75,31050.5,112
1790108760,31049,31055.25,31049,31050.75,121
1790108820,31050.75,31053.5,31048.75,31049.25,84
1790108880,31049.25,31049.25,31038.75,31039,114
1790108940,31039.75,31042.5,31036.25,31037.75,120
1790109000,31037.25,31046.75,31036.75,31046,107
1790109060,31044.25,31050.5,31043.75,31046,94
1790109120,31046,31046,31034,31038,179
1790109180,31039,31040.5,31037.5,31038.25,48
1790109240,31037.25,31039.75,31034.75,31038,72
1790109300,31037.5,31040.75,31036.75,31040,38
1790109360,31038.25,31042,31036.25,31042,42
1790109420,31041.5,31041.5,31035,31036.25,89
1790109480,31036,31041.25,31034.5,31041.25,53
1790109540,31040.75,31047.25,31040,31043,162
1790109600,31043.25,31045.5,31041.75,31044.25,38
1790109660,31044.25,31047,31043.75,31045,28
1790109720,31044.75,31049,31044,31045.5,49
1790109780,31045.5,31045.5,31037.5,31039.5,86
1790109840,31038.75,31041,31036.75,31039.25,70
1790109900,31040,31043.75,31038.25,31041.75,74
1790109960,31042.5,31045,31042,31042,41
1790110020,31042.5,31042.5,31036.75,31039,51
1790110080,31038,31038.25,31030.5,31035.25,122
1790110140,31034.25,31035.5,31027.75,31027.75,204
1790110200,31028.75,31033.5,31022,31033,308
1790110260,31034,31035,31029.75,31033,87
1790110320,31032.75,31032.75,31024.5,31028,183
1790110380,31028.5,31029.25,31021.5,31022.5,135
1790110440,31023.75,31024.5,31012,31014.5,240
1790110500,31015.5,31017.25,31012.25,31014.25,263
1790110560,31015.5,31020.25,31014.75,31019.25,205
1790110620,31018.5,31021,31016.25,31017.25,75
1790110680,31017.75,31019.5,31015.25,31016.25,72
1790110740,31016.25,31023.5,31015,31022.75,151
1790110800,31023.75,31026.25,31014.75,31022.5,198
1790110860,31022,31024.75,31016.25,31019.25,101
1790110920,31020,31024.75,31018.75,31019.75,131
1790110980,31019.5,31021.25,31017,31018.75,65
1790111040,31020,31024.75,31017.25,31022.5,87
1790111100,31022,31027.75,31020.5,31027,93
1790111160,31026.5,31026.75,31020.25,31026.25,78
1790111220,31027.25,31037.5,31025.5,31028.5,243
1790111280,31029.25,31031,31027,31028.5,74
1790111340,31028.5,31031.75,31027,31029.5,41
1790111400,31031,31031.75,31018,31019,183
1790111460,31019.5,31024,31019.25,31023.5,69
1790111520,31023,31026.5,31022.5,31024.25,48
1790111580,31024.25,31026.75,31023,31024,45
1790111640,31024.25,31026.5,31023.5,31026,29
1790111700,31025.75,31032,31018.75,31027.75,162
1790111760,31028,31030,31027,31030,55
1790111820,31032,31032.5,31028.25,31030.25,64
1790111880,31029.25,31032.25,31028.5,31030,44
1790111940,31029.75,31036.25,31029,31036.25,100
1790112000,31036.25,31040.75,31031,31037,155
1790112060,31037.75,31040.25,31035.5,31040,80
1790112120,31039,31039.75,31036.75,31036.75,49
1790112180,31036.5,31038.5,31034.5,31036.5,40
1790112240,31037.75,31049.75,31037.25,31044.25,183
1790112300,31044,31049.5,31040.25,31043,315
1790112360,31043.5,31045,31041.25,31043.25,54
1790112420,31043.5,31049.5,31042.5,31048.75,61
1790112480,31048.5,31050,31043.75,31048.25,102
1790112540,31050,31057,31049,31053.25,212
1790112600,31052.5,31058,31049.25,31052.25,190
1790112660,31052.25,31055.25,31051.25,31051.75,70
1790112720,31052.25,31052.25,31045.5,31046.75,85
1790112780,31046,31046,31038,31039.5,165
1790112840,31038.25,31040,31024.75,31031.75,363
1790112900,31032,31033.75,31026.5,31030.75,146
1790112960,31030,31034,31028.5,31029,71
1790113020,31030.5,31032,31021.75,31024.25,157
1790113080,31023.75,31028.75,31022.5,31027.75,62
1790113140,31029.5,31032,31025,31027.25,91
1790113200,31026.75,31027.25,31021.5,31023.5,131
1790113260,31021.5,31024.75,31013.25,31013.75,333
1790113320,31014,31020,31008.25,31014.5,363
1790113380,31014,31020.75,31013,31016.5,106
1790113440,31015.75,31016.5,31012.75,31014.25,67
1790113500,31016.25,31017.75,31012.5,31014.25,94
1790113560,31013.5,31023.5,31013.5,31020.75,177
1790113620,31021.75,31023.25,31012.25,31015.5,123
1790113680,31015.5,31020,31013.5,31020,70
1790113740,31018.75,31021.5,31014.75,31014.75,77
1790113800,31015,31019.25,31010.25,31017.75,93
1790113860,31018.5,31019.75,31015,31015.25,58
1790113920,31015,31017,31013,31015.75,43
1790113980,31016.5,31019.25,31015.25,31018,57
1790114040,31017,31019,31015.75,31016.25,42
1790114100,31016.5,31018.75,31015,31016,58
1790114160,31015.5,31018.5,31011.75,31016.75,114
1790114220,31015.25,31020,31015,31017,57
1790114280,31016,31017,31015.25,31015.25,14
1790114340,31015.25,31017.75,31012.5,31016.25,65
1790114400,31016.25,31021.25,31012.5,31016.5,154
1790114460,31017,31017.75,31009.5,31011.5,85
1790114520,31010.5,31013,31006.25,31012.75,166
1790114580,31012.75,31013.75,31007.75,31011.75,63
1790114640,31012,31017,31011.5,31015.75,76
1790114700,31014,31016.5,31012.25,31015.5,93
1790114760,31015.5,31015.75,31011.25,31012.5,44
1790114820,31012.5,31014,31004.25,31006.25,173
1790114880,31007.75,31011.5,31007,31009.25,57
1790114940,31008.5,31010,31004,31006,74
1790115000,31004.25,31006.5,30998.5,30999.5,207
1790115060,30999.75,31001.5,30997,31000,169
1790115120,30999.5,31004,30997.75,31001.75,117
1790115180,31001.25,31003,30998.25,30998.5,43
1790115240,30998,31001.5,30996.75,31001.25,67
1790115300,31001.75,31002.75,30995.75,30996.25,90
1790115360,30995.75,30997.5,30982.75,30995.25,459
1790115420,30995.5,30998,30991.25,30996,124
1790115480,30995.5,31001.5,30995.25,30997.25,149
1790115540,30998.25,31012.5,30998.25,31001.5,294
1790115600,31001.5,31010,30999.25,31008.5,282
1790115660,31010.25,31017,31008,31011.5,320
1790115720,31011,31013.25,31008.5,31010.5,92
1790115780,31010.75,31010.75,31004.75,31006.5,80
1790115840,31007,31012,31004.5,31011.75,122
1790115900,31010.75,31013,31010,31012,42
1790115960,31012.25,31018.25,31012,31017,154
1790116020,31016.75,31020,31011.75,31012.5,145
1790116080,31012,31015.75,31011,31013.75,55
1790116140,31013.5,31015.5,31012.25,31012.25,26
1790116200,31012,31016,31009,31009.5,89
1790116260,31010,31014,31008.5,31010.5,102
1790116320,31010.5,31010.5,31006,31006.5,106
1790116380,31006.25,31007.5,31005,31007.25,95
1790116440,31007.75,31009.5,31005.75,31009.5,39
1790116500,31008.75,31010.75,31006.75,31008.25,33
1790116560,31009,31012.25,31001.75,31003,98
1790116620,31005.25,31010,31003,31005.25,48
1790116680,31005.25,31008,31002.5,31005.5,33
1790116740,31006,31006,31000.75,31002,49
1790116800,31001.75,31005.5,30999.75,31005.5,100
1790116860,31004.5,31007.75,31003.5,31005.5,52
1790116920,31005.5,31005.5,31001.75,31003.25,27
1790116980,31003.25,31003.75,31001.75,31001.75,19
1790117040,31002,31002.25,30999.75,31002,85
1790117100,31002.5,31008.75,31002.5,31006.75,64
1790117160,31006.75,31010.75,31006.5,31009,57
1790117220,31008.25,31008.25,31004.75,31006.25,36
1790117280,31005.25,31009.25,31005.25,31008.75,21
1790117340,31009,31013.5,31008.5,31010,62
1790117400,31009.75,31010.5,31007.75,31008.5,25
1790117460,31009,31009.5,31006.5,31008,27
1790117520,31009,31010.25,31006,31007.75,18
1790117580,31009.25,31009.75,31007.25,31007.5,18
1790117640,31007.75,31011.5,31006.25,31011.5,36
1790117700,31010.75,31011.75,31008,31009.75,38
1790117760,31008.25,31009.5,31007.5,31009.5,26
1790117820,31008.5,31011.75,31007.25,31008,33
1790117880,31007.75,31010,31007.75,31008.25,18
1790117940,31008,31008.75,31007,31007.75,40
1790118000,31008,31009.25,31005.25,31006.5,67
1790118060,31006.75,31007.75,31005.5,31007.75,22
1790118120,31004.5,31006,31003.75,31005.5,20
1790118180,31003.25,31006,31001,31003,113
1790118240,31003.25,31004.5,31000.75,31003.5,87
1790118300,31003.25,31006,31002.5,31005.75,23
1790118360,31005.75,31006,30997.5,31003.5,106
1790118420,31004,31006.5,31003,31003.25,75
1790118480,31003,31003.5,31001.25,31003.25,47
1790118540,31002.5,31003.75,31002.5,31002.5,13
1790118600,31002.5,31004.25,31001.75,31003.5,36
1790118660,31003.75,31007.5,31003,31004,111
1790118720,31004,31005.25,31001,31005,171
1790118780,31005.75,31008,31003.75,31007,47
1790118840,31007.5,31007.5,31004.25,31006,39
1790118900,31006.25,31007.5,30999,31000.5,97
1790118960,31000.5,31000.75,30998.75,30999.75,42
1790119020,31000,31000.5,30996.25,30998,68
1790119080,30998.25,30999.5,30990.75,30997,197
1790119140,30996.75,30998,30995,30996.75,67
1790119200,30997,31003,30996.5,31002,96
1790119260,31001.75,31002.5,31000.25,31002,23
1790119320,31001.75,31005.25,30999.5,31002.5,52
1790119380,31003.75,31009.75,31003.75,31008.75,58
1790119440,31009,31012,31007.75,31007.75,77
1790119500,31007.5,31012.5,31007.5,31010.75,65
1790119560,31010.25,31014.75,31010,31011.25,92
1790119620,31011.75,31012.5,31006,31008.75,46
1790119680,31009.5,31010.25,31004.75,31004.75,32
1790119740,31005.75,31006,30999.75,30999.75,82
1790119800,30999.5,31008.5,30999.5,31007.5,44
1790119860,31006,31010.5,31006,31010.25,25
1790119920,31010.5,31013,31010,31012,54
1790119980,31012,31013,31010.5,31010.75,47
1790120040,31010.25,31014.25,31009.25,31014.25,62
1790120100,31014.25,31014.75,31008.75,31012,92
1790120160,31011.25,31011.75,31009,31009,27
1790120220,31008.75,31014,31008.75,31009.25,57
1790120280,31010.25,31012,31009.25,31010.25,21
1790120340,31011.5,31013,31010.25,31013,32
1790120400,31012,31020,31010,31019.25,175
1790120460,31020.5,31024.5,31019,31022.5,156
1790120520,31023,31027,31021.25,31022.5,100
1790120580,31022.5,31022.5,31018,31019.25,68
1790120640,31019.75,31020.5,31019.25,31019.5,17
1790120700,31019.25,31021.75,31018.5,31018.5,27
1790120760,31019,31021.25,31018,31019,31
1790120820,31019.5,31023.75,31019,31021,50
1790120880,31021.75,31022.5,31018.5,31022.5,29
1790120940,31021.25,31022.75,31021,31021,13
1790121000,31021,31021,31018,31021,43
1790121060,31020.75,31022.5,31019.5,31019.75,51
1790121120,31020.5,31023.5,31019.25,31023.5,41
1790121180,31023.5,31025.5,31022.75,31024.75,33
1790121240,31024.25,31025.25,31020.75,31025,46
1790121300,31025.5,31025.5,31023.25,31023.75,35
1790121360,31023.75,31024.75,31021,31021.5,27
1790121420,31022.25,31022.5,31019.25,31020,36
1790121480,31019.5,31019.5,31012,31013.25,72
1790121540,31012.25,31015.25,31012,31013.5,51
1790121600,31013,31016,31011,31011.25,35
1790121660,31012.25,31017.25,31011.25,31017,48
1790121720,31018,31020.5,31015.75,31019,49
1790121780,31018.75,31022.5,31017.5,31022.5,51
1790121840,31021.75,31025,31020.5,31023.75,55
1790121900,31025,31032.5,31025,31032,147
1790121960,31032.5,31034.25,31030,31030.5,125
1790122020,31031.25,31031.75,31028,31031.25,48
1790122080,31030.5,31033.25,31029.25,31033.25,51
1790122140,31032.75,31033.5,31029.75,31031.5,36
1790122200,31031.5,31032.5,31028,31028.5,46
1790122260,31028.5,31033.25,31026.5,31032.75,53
1790122320,31033.5,31034,31031,31033,51
1790122380,31033,31033.25,31031,31032.75,26
1790122440,31033,31033.5,31031.5,31031.75,20
1790122500,31031,31035.75,31029.25,31035.5,59
1790122560,31036.25,31036.25,31031.75,31034.5,79
1790122620,31033.75,31035.25,31032.75,31033.75,40
1790122680,31033.5,31035.25,31032.75,31034.5,22
1790122740,31034.5,31037.25,31033.25,31037.25,62
1790122800,31037.5,31040,31035.25,31037.75,71
1790122860,31039.25,31044.75,31039,31044.75,136
1790122920,31044,31044,31041,31042,41
1790122980,31042.25,31042.5,31040.25,31041.25,33
1790123040,31041.5,31042.25,31039.5,31040.25,19
1790123100,31040.75,31043.25,31039.75,31040.5,91
1790123160,31041.5,31042.75,31039.5,31039.5,37
1790123220,31039.5,31043.25,31039,31042.5,54
1790123280,31042,31042,31036,31038.5,54
1790123340,31038,31040,31037.5,31039,34
1790123400,31039,31043.75,31038.25,31043.75,43
1790123460,31043.75,31048.25,31043.75,31047.75,108
1790123520,31047.25,31047.5,31044,31044.25,52
1790123580,31045.5,31046.25,31044.5,31046,26
1790123640,31046.25,31047,31045,31045.75,21
1790123700,31046,31052,31046,31049.75,137
1790123760,31049,31052.25,31049,31050.5,59
1790123820,31050.75,31051.5,31047.75,31047.75,32
1790123880,31047.75,31048,31042.5,31043.25,85
1790123940,31041.25,31044,31041,31043.5,46
1790124000,31044,31044.75,31041.25,31042,73
1790124060,31043.25,31047.75,31043.25,31047,57
1790124120,31045.5,31048,31045,31046,34
1790124180,31046.5,31050.5,31046.5,31050,45
1790124240,31050.25,31050.5,31048.25,31049.25,15
1790124300,31047.75,31049.5,31045.75,31049,37
1790124360,31049.5,31049.75,31048,31049.25,18
1790124420,31050,31051,31048.5,31049,37
1790124480,31049,31051,31048.25,31049.75,13
1790124540,31050.25,31051.25,31049.25,31049.25,20
1790124600,31050.25,31050.75,31044.5,31047.25,129
1790124660,31048,31048,31044,31046.5,75
1790124720,31045.75,31046.25,31042.75,31042.75,29
1790124780,31044,31045,31041.25,31041.25,49
1790124840,31042.25,31042.5,31038.25,31039.5,134
1790124900,31039,31040.75,31037.75,31038.5,89
1790124960,31039,31041.75,31038.25,31041,22
1790125020,31040.75,31041.25,31031.75,31033.5,87
1790125080,31033.75,31035.25,31033.25,31034.25,45
1790125140,31033.75,31035.25,31031.25,31035.25,68
1790125200,31035,31036.75,31032.5,31033.75,75
1790125260,31032.25,31034.5,31026,31026,154
1790125320,31026.25,31029.5,31024,31024,74
1790125380,31024,31027,31022,31026.5,101
1790125440,31026,31029,31025.5,31028.5,27
1790125500,31027.75,31031,31027.25,31028,70
1790125560,31029,31029,31023,31026.25,68
1790125620,31026,31031.75,31025.25,31031.75,46
1790125680,31032.25,31033.5,31027.75,31030.75,56
1790125740,31030.5,31033,31029,31031.75,44
1790125800,31032,31039.75,31031.75,31035.5,79
1790125860,31035.5,31036.25,31031.75,31032.75,51
1790125920,31032.5,31032.75,31029.25,31029.75,38
1790125980,31030.5,31034.5,31028.75,31032.5,56
1790126040,31032.75,31034.25,31032.75,31033,27
1790126100,31033.25,31037,31033.25,31034,21
1790126160,31034.5,31039.25,31034.5,31037.25,38
1790126220,31037.75,31042.5,31036.5,31041.5,82
1790126280,31041,31042,31036.75,31037.25,107
1790126340,31036.5,31036.75,31029.5,31032.25,109
1790126400,31031,31031,31023.75,31028.25,122
1790126460,31027.5,31030.75,31024.25,31024.25,36
1790126520,31024.5,31025,31020.5,31021.5,139
1790126580,31020.5,31025.75,31019,31025.75,83
1790126640,31023.25,31023.75,31019,31021.5,43
1790126700,31021.5,31035.25,31021.5,31033.25,141
1790126760,31033.5,31036.75,31032.5,31033,68
1790126820,31033.25,31035.75,31031.75,31033.5,61
1790126880,31034.25,31035.5,31031.75,31031.75,79
1790126940,31032,31034,31030.25,31034,47
1790127000,31034,31035.5,31029,31034.25,36
1790127060,31035,31038,31031.75,31032.25,87
1790127120,31032,31035.25,31031.5,31033.75,56
1790127180,31033,31037,31029.5,31031.25,52
1790127240,31030.5,31031.75,31023.5,31025.25,89
1790127300,31026.75,31029.5,31024.75,31028.25,51
1790127360,31027.5,31032,31027.5,31030,33
1790127420,31030.5,31035.5,31030,31035.5,41
1790127480,31036.25,31037,31028.25,31033.25,75
1790127540,31033.25,31034,31031.5,31033.75,28
1790127600,31033.75,31035.25,31031.75,31034.5,46
1790127660,31035,31039,31033.5,31036,76
1790127720,31036.75,31039.75,31030.25,31032.75,73
1790127780,31030.5,31030.75,31021,31021.5,111
1790127840,31021.5,31029.25,31021.5,31029.25,50
1790127900,31030.25,31033.25,31029,31032,36
1790127960,31033.5,31038.75,31032.5,31035.5,67
1790128020,31035.25,31039.5,31035.25,31039,42
1790128080,31039,31042,31034.75,31035.5,105
1790128140,31036.25,31036.25,31026.75,31029,67
1790128200,31028.5,31032.25,31028,31030,42
1790128260,31031,31035,31029.75,31034.5,30
1790128320,31036.5,31041.25,31036.5,31040,50
1790128380,31040.75,31044.5,31040.5,31042,86
1790128440,31041.75,31042.75,31037,31039.25,33
1790128500,31039.25,31040.5,31029,31031.5,108
1790128560,31030.25,31036.25,31029,31033.25,61
1790128620,31033.5,31034.75,31030.25,31030.75,36
1790128680,31031.5,31033,31027.5,31030.5,99
1790128740,31030.25,31030.75,31028.75,31028.75,16
1790128800,31029.25,31038,31028.25,31036.5,165
1790128860,31036.25,31041.25,31034.5,31041,71
1790128920,31041.25,31055.25,31041,31051.5,297
1790128980,31051.5,31051.5,31047.75,31051.25,95
1790129040,31050.5,31051,31042,31043.75,86
1790129100,31043.5,31048.5,31042.75,31048.5,61
1790129160,31047.5,31054,31046.5,31052.25,61
1790129220,31051,31053.25,31047,31047,97
1790129280,31047.5,31048.75,31039.75,31044.5,98
1790129340,31043.25,31045.25,31038.25,31040.75,89
1790129400,31041.25,31045.75,31041.25,31045.75,64
1790129460,31046,31050.5,31046,31049.25,60
1790129520,31047.75,31050,31046.5,31049.75,55
1790129580,31050.25,31058,31050.25,31057,139
1790129640,31056.5,31058,31054.25,31057.5,75
1790129700,31058,31058,31051.25,31054.5,84
1790129760,31055.25,31058.5,31053.75,31055.75,99
1790129820,31056.75,31056.75,31055,31055,9
1790129880,31054.25,31057.25,31053.75,31056.25,35
1790129940,31056,31058.75,31054.25,31055.5,56
1790130000,31055.5,31058,31053.75,31054.25,41
1790130060,31052.25,31056.25,31039.5,31041.75,374
1790130120,31042.25,31048.5,31039.75,31047.75,104
1790130180,31048.75,31051,31045.25,31046.5,29
1790130240,31046.5,31050.75,31046.25,31050.25,25
1790130300,31050.75,31054.75,31049.5,31054.75,21
1790130360,31055,31059.5,31054.75,31058.25,77
1790130420,31058.25,31061.75,31056,31056,187
1790130480,31056.75,31061,31055.25,31057.5,96
1790130540,31058.25,31058.75,31056.25,31057.5,50
1790130600,31057.25,31062.75,31056,31061,111
1790130660,31060.5,31073,31058.25,31073,338
1790130720,31073.25,31077.25,31065,31074.5,305
1790130780,31075,31077.5,31071.5,31072.75,154
1790130840,31073.25,31081.5,31071.75,31081.25,238
1790130900,31080.75,31088.75,31078.75,31086.75,214
1790130960,31087,31090,31083.25,31088.75,198
1790131020,31089,31089,31086.25,31087.25,103
1790131080,31087.25,31090,31084.5,31089.5,103
1790131140,31089,31094.75,31088.25,31090.5,223
1790131200,31090.25,31091.5,31083.25,31083.75,101
1790131260,31084,31084.25,31080,31081.25,88
1790131320,31081.75,31085,31081.5,31084.75,52
1790131380,31085.25,31085.5,31078.5,31079,61
1790131440,31078.25,31083.25,31074,31082,173
1790131500,31080.75,31080.75,31074.25,31074.25,123
1790131560,31074.25,31075,31057.75,31058,298
1790131620,31058.5,31074.5,31057,31072.5,208
1790131680,31072.25,31080.75,31071.75,31079.75,131
1790131740,31079,31080.75,31078,31079.25,54
1790131800,31080,31082,31071,31072,147
1790131860,31071.75,31077,31071,31074.5,63
1790131920,31075.5,31075.5,31068,31071.5,124
1790131980,31071.5,31071.5,31065.25,31065.75,197
1790132040,31066.5,31068.25,31062.25,31064.25,125
1790132100,31063.75,31064.5,31061.75,31063.5,47
1790132160,31062.25,31064.25,31059,31061,119
1790132220,31061,31061,31049,31056.75,227
1790132280,31056.5,31057,31050.5,31054,106
1790132340,31053,31053.25,31048,31051,88
1790132400,31049.75,31053.5,31044.75,31045.5,277
1790132460,31046.75,31055.25,31046.25,31053.5,208
1790132520,31054,31055.25,31045.75,31046,57
1790132580,31046,31054.5,31043.25,31052,109
1790132640,31052.25,31052.75,31046.75,31050.5,43
1790132700,31052.5,31052.5,31040,31041,176
1790132760,31041.75,31048,31040,31042.75,109
1790132820,31041,31041.25,31033,31035.75,150
1790132880,31037.5,31039,31034.5,31037.25,88
1790132940,31035.5,31036,31029.25,31031.5,151
1790133000,31031,31034,31028,31032.25,87
1790133060,31032.25,31042,31030.75,31039,208
1790133120,31039.5,31045.75,31039.25,31042,98
1790133180,31041.5,31047.75,31039.5,31044.5,77
1790133240,31045.5,31046.75,31044.25,31044.25,35
1790133300,31045.75,31048.25,31042.5,31044.5,109
1790133360,31044.75,31045,31039.75,31043.25,46
1790133420,31045.25,31047.25,31036.25,31036.5,67
1790133480,31037,31037,31030,31033.75,74
1790133540,31035,31036.25,31032,31034.5,42
1790133600,31035.5,31037.5,31032.25,31037,42
1790133660,31037.25,31040.25,31037.25,31038.75,15
1790133720,31039.5,31039.5,31034.25,31037.25,48
1790133780,31036,31036,31031,31034.25,50
1790133840,31036,31038.75,31035,31035,32
1790133900,31035.75,31040,31034.5,31039.75,46
1790133960,31039,31040.25,31036.75,31036.75,21
1790134020,31036.25,31048.75,31036.25,31048.75,76
1790134080,31048.5,31051.75,31045.25,31045.75,82
1790134140,31045.5,31052.75,31044.5,31052.25,51
1790134200,31051.5,31054.25,31046.5,31054.25,115
1790134260,31053.75,31061.75,31052.25,31052.25,241
1790134320,31051.5,31051.5,31043.5,31043.5,228
1790134380,31043,31043,31036,31040.75,119
1790134440,31040.5,31041.5,31039,31039.5,44
1790134500,31040.75,31047.5,31040.5,31044.75,108
1790134560,31045.5,31045.5,31038,31043.25,129
1790134620,31043,31049.25,31041,31046,96
1790134680,31047,31054.75,31046.5,31046.5,93
1790134740,31047.75,31047.75,31041.5,31042,72
1790134800,31041.75,31050.25,31041.75,31047.75,91
1790134860,31048.75,31048.75,31046.25,31048.25,44
1790134920,31048,31049.5,31040.25,31041.75,98
1790134980,31041.5,31044,31041,31044,34
1790135040,31043.25,31043.25,31035.75,31037.25,129
1790135100,31037.25,31040.25,31037,31038.5,148
1790135160,31038.5,31039.5,31036.25,31038.25,80
1790135220,31038,31039.25,31032.5,31033.25,108
1790135280,31033,31042.25,31032.75,31041.25,131
1790135340,31041.25,31045.25,31036.75,31043.75,240
1790135400,31043.25,31047.5,31040.75,31045.5,51
1790135460,31045,31049,31044.5,31047,64
1790135520,31044.75,31045,31035.75,31036,72
1790135580,31036.25,31037.25,31030.5,31030.75,56
1790135640,31032,31032,31028.25,31030.25,54
1790135700,31030,31035.25,31028.75,31032.5,42
1790135760,31032.25,31038.5,31031.75,31038.5,64
1790135820,31039.25,31040,31035.25,31036.75,48
1790135880,31036.25,31036.25,31033.25,31035.25,30
1790135940,31035.75,31035.75,31034.25,31035.25,12
1790136000,31034.25,31042.75,31032,31037,162
1790136060,31038.25,31041.75,31036.25,31039.75,63
1790136120,31039,31046.5,31034,31034.25,90
1790136180,31032,31037,31020.25,31021,185
1790136240,31023.25,31028.5,31015.25,31018.75,202
1790136300,31018.75,31021,31016,31017.75,96
1790136360,31017.25,31030,31016.25,31030,158
1790136420,31030.75,31037.25,31030.75,31034.5,167
1790136480,31033.25,31040.5,31032.25,31040.5,53
1790136540,31038.75,31040.5,31031.5,31035.75,78
1790136600,31037,31038.5,31035,31037,36
1790136660,31039.25,31041.25,31032.75,31033,56
1790136720,31033.5,31043.5,31033.5,31040.25,71
1790136780,31040.5,31043.75,31038.25,31038.5,33
1790136840,31038.25,31041.25,31031.75,31038.5,65
1790136900,31039,31044.25,31038,31043.5,59
1790136960,31043.25,31043.25,31036,31041.5,52
1790137020,31041.5,31041.75,31030.5,31036,108
1790137080,31032.25,31032.75,31028,31029,61
1790137140,31029,31043,31029,31043,77
1790137200,31041.75,31046,31040.5,31042.5,119
1790137260,31042.5,31050.75,31040.5,31040.5,135
1790137320,31043.75,31045.75,31042.25,31045.5,59
1790137380,31045.75,31049,31042.75,31047.75,89
1790137440,31048.25,31051.25,31044.5,31050.25,107
1790137500,31050.25,31051,31041.5,31043,67
1790137560,31044.5,31044.5,31038,31039.25,80
1790137620,31041.5,31043.5,31041.25,31043.5,17
1790137680,31041.75,31044,31041.75,31043.5,32
1790137740,31043.25,31043.5,31037.5,31038,65
1790137800,31039.25,31045.25,31036.75,31042.25,50
1790137860,31044.25,31044.25,31038.25,31038.5,44
1790137920,31038,31042.5,31037.75,31040,39
1790137980,31040.75,31043.5,31040.25,31042.25,50
1790138040,31041.75,31041.75,31035,31035.5,33
1790138100,31034.5,31034.5,31026,31028,111
1790138160,31028.75,31032,31028,31030.75,49
1790138220,31029.25,31029.5,31023,31023.75,85
1790138280,31022.75,31022.75,31006,31018.5,455
1790138340,31019,31023.25,31018.5,31022.5,65
1790138400,31021.25,31024,31016.5,31022.25,60
1790138460,31022,31024,31020,31022.5,61
1790138520,31021.25,31021.25,31013.75,31015.5,63
1790138580,31015.25,31016.75,31009.75,31013.75,109
1790138640,31014,31015.5,31011.75,31013.75,54
1790138700,31013,31013.5,31008.75,31010.5,76
1790138760,31010.25,31013.75,31008.25,31011,97
1790138820,31010,31012.75,31009,31009.25,52
1790138880,31008.75,31015.25,31008.5,31015.25,82
1790138940,31014.75,31018,31014.75,31016.75,95
1790139000,31016.25,31016.75,31013,31015.75,41
1790139060,31015,31015,31006.25,31006.75,89
1790139120,31006.75,31013.25,31002,31004,118
1790139180,31005.25,31010,31005.25,31006.75,64
1790139240,31006.25,31011.5,31006.25,31011,49
1790139300,31011,31014.75,31010.25,31014.25,74
1790139360,31013.5,31015,31008.25,31009.75,96
1790139420,31010.75,31021.5,31010.75,31019.25,151
1790139480,31019.25,31020.25,31015.5,31015.75,63
1790139540,31015,31016.5,31012,31016.5,26
1790139600,31015.75,31026.5,31013.5,31020.5,200
1790139660,31022.25,31022.75,31018.25,31019.75,56
1790139720,31020,31020.5,31016.5,31019.5,37
1790139780,31020,31020.25,31010.5,31011,86
1790139840,31010.25,31014.25,31007.25,31010.5,94
1790139900,31010,31012.25,31008.5,31011.5,57
1790139960,31011.25,31014,31009.75,31012.5,58
1790140020,31013,31020.75,31013,31020.75,61
1790140080,31019.5,31027.75,31018.75,31026.75,69
1790140140,31026.25,31026.5,31022.75,31025.5,37
1790140200,31026,31026.5,31016.25,31018,104
1790140260,31017.25,31019.75,31015,31018.25,22
1790140320,31018.5,31024,31018.25,31020.5,50
1790140380,31020.75,31020.75,31014.75,31016,32
1790140440,31015.75,31017.25,31014.25,31017.25,45
1790140500,31016,31016.75,31011.25,31012.25,37
1790140560,31011.25,31015.5,31009.5,31014.25,56
1790140620,31013,31015.5,31012.25,31012.25,30
1790140680,31015,31018,31012.25,31014,114
1790140740,31014.25,31021.5,31013,31020.75,68
1790140800,31021,31022.25,31016.5,31018.75,63
1790140860,31019.75,31026.5,31019.5,31026.5,43
1790140920,31025,31027.25,31024.75,31026.25,34
1790140980,31025.75,31031,31025.5,31030,38
1790141040,31030,31031.5,31029.25,31030.5,38
1790141100,31030.75,31031.75,31028.25,31031,74
1790141160,31030.5,31033.25,31030.25,31031.75,88
1790141220,31031,31034.25,31030,31032,76
1790141280,31031.5,31032.5,31027.5,31027.5,51
1790141340,31027,31028.25,31023.75,31023.75,55
1790141400,31025.5,31032.75,31024.75,31032.75,71
1790141460,31032.25,31032.25,31029.25,31031.75,53
1790141520,31031.5,31032.75,31026,31032.75,78
1790141580,31029.75,31029.75,31024,31026,48
1790141640,31027.25,31027.5,31023,31026,33
1790141700,31026,31033.25,31025.75,31030.5,38
1790141760,31030,31032.5,31029,31032.25,33
1790141820,31032.25,31033.75,31029.75,31030,21
1790141880,31029.5,31029.5,31026.25,31027.25,38
1790141940,31026,31028,31022.25,31025,54
1790142000,31024.5,31025.75,31021.5,31022.5,65
1790142060,31023,31027.75,31020.25,31025,40
1790142120,31024.25,31026.25,31023.25,31026.25,41
1790142180,31024.25,31024.75,31020,31020.75,33
1790142240,31021,31021.75,31018.25,31019,39
1790142300,31018.5,31018.75,31011.5,31011.5,209
1790142360,31011.75,31013,31010,31011.5,54
1790142420,31011.5,31012.75,31009.25,31009.75,20
1790142480,31009.25,31009.25,30997.75,30999.75,271
1790142540,30999.75,31006.5,30999,31006.5,164
1790142600,31006.75,31007.75,31003.75,31003.75,33
1790142660,31004,31007,31002.75,31005.5,31
1790142720,31003.75,31012.25,31003.5,31011.5,96
1790142780,31010.75,31012.75,31008.25,31008.5,71
1790142840,31009,31019.25,31007.75,31014.75,108
1790142900,31013.75,31015.5,31010.25,31013.5,72
1790142960,31013.5,31013.5,31006,31009,69
1790143020,31008.5,31014,31007.75,31010,45
1790143080,31010.25,31011,31008.5,31010.5,29
1790143140,31011.25,31013,31010.75,31012.5,40
1790143200,31012.25,31015.75,31009.75,31015.25,73
1790143260,31014.25,31018.75,31013.5,31018.75,68
1790143320,31018.25,31020.75,31016.75,31020.75,40
1790143380,31019.25,31020,31015.5,31020,26
1790143440,31018.75,31023.25,31018.75,31020.75,46
1790143500,31020.75,31023,31018.75,31023,43
1790143560,31022,31025,31020.75,31021.5,94
1790143620,31022.5,31026.25,31022,31023,58
1790143680,31024,31025.25,31022.5,31025.25,17
1790143740,31024.5,31027.25,31022.25,31024,40
1790143800,31025,31026.5,31018.75,31021,57
1790143860,31021.75,31029.25,31021,31027.25,79
1790143920,31027.75,31031.25,31027,31028.75,69
1790143980,31028.75,31031,31028.25,31030.5,39
1790144040,31030.5,31031.75,31029.5,31030,63
1790144100,31030,31033.75,31028.5,31032.75,72
1790144160,31031.25,31035,31030.5,31031.75,72
1790144220,31031,31033.75,31031,31033.25,46
1790144280,31031.75,31032,31029.75,31030,48
1790144340,31031.25,31043.75,31031,31038,219
1790144400,31038,31038,31032,31032.75,52
1790144460,31033,31034.5,31028.5,31030.5,73
1790144520,31029.75,31030,31026,31026,54
1790144580,31026.75,31026.75,31023.25,31024,48
1790144640,31024.5,31026,31021,31025.5,39
1790144700,31026.5,31030.5,31025.75,31026.25,50
1790144760,31026,31026.75,31023.5,31025.75,44
1790144820,31025.75,31028.25,31024.5,31024.75,39
1790144880,31025.25,31026.75,31024.75,31026.25,33
1790144940,31026.5,31033.5,31026.5,31033.5,67
1790145000,31033.75,31035,31030.5,31032.25,63
1790145060,31031.75,31034.25,31029.75,31033.25,56
1790145120,31032,31034,31031,31033.25,46
1790145180,31033.5,31035.5,31027.5,31027.5,48
1790145240,31028,31028,31022,31022.5,113
1790145300,31022.5,31022.5,31015.5,31016,147
1790145360,31015.5,31022.75,31015.25,31022,43
1790145420,31022,31028.25,31021.75,31023.75,63
1790145480,31023.75,31025,31022.25,31022.75,19
1790145540,31023,31031,31022.75,31029,19
1790145600,31029,31029,31022.75,31023.75,27
1790145660,31024,31024.25,31020,31020.25,114
1790145720,31021,31021.25,31018.5,31019.75,58
1790145780,31018.75,31020.75,31016.25,31019.75,46
1790145840,31019.75,31022.75,31018.75,31022.75,28
1790145900,31021.25,31021.25,31011.75,31013.75,85
1790145960,31014.75,31020,31013.75,31018.25,22
1790146020,31018.75,31021,31016.25,31021,34
1790146080,31021.25,31022,31018.25,31018.25,62
1790146140,31017.5,31020,31016.5,31018.75,42
1790146200,31018.5,31019,31014,31014,34
1790146260,31014.75,31020.5,31014.75,31019,41
1790146320,31021.25,31022.25,31019.25,31022,23
1790146380,31021.75,31023.25,31020.5,31021,25
1790146440,31021.25,31027.25,31021.25,31026,39
1790146500,31025.75,31030,31025.75,31027,80
1790146560,31027.5,31033,31026.75,31026.75,89
1790146620,31027,31029,31026.25,31027.25,46
1790146680,31027.75,31032,31027.5,31030.5,29
1790146740,31030.75,31031,31027.25,31027.75,51
1790146800,31027.5,31029.25,31019.5,31021,173
1790146860,31021,31027.5,31017.75,31018.75,81
1790146920,31019.25,31019.25,31004,31004.25,232
1790146980,31004.75,31013.5,31004.75,31005,173
1790147040,31005,31008.75,31004.25,31005.75,91
1790147100,31006.25,31006.25,30998.25,30999.75,167
1790147160,30999.5,31002.75,30995,30998.25,234
1790147220,30998.5,31000.5,30997.5,31000,77
1790147280,31000,31004.5,30995,30995.25,150
1790147340,30995.5,31002,30992.25,31002,183
1790147400,31000.75,31002.25,30998,30999,89
1790147460,30998.75,31005.5,30998.75,31004.5,63
1790147520,31005,31006.25,30997.25,30999,127
1790147580,31000,31001.75,30996.25,31001.25,43
1790147640,31001,31004.25,30998.25,31003.5,44
1790147700,31001.5,31007.25,31001,31003.5,132
1790147760,31003.25,31011.5,31000.75,31008.25,142
1790147820,31007.25,31009.5,31006.25,31006.75,44
1790147880,31008,31008.5,31001.25,31003,111
1790147940,31003.5,31004.25,30992,30994.5,110
1790148000,30993.75,30994.5,30991,30991,132
1790148060,30991,30992,30976.25,30976.75,531
1790148120,30977.5,30977.5,30962.25,30968.75,420
1790148180,30969,30969.5,30958.5,30961.5,256
1790148240,30962.25,30962.75,30957.25,30961.75,160
1790148300,30962.25,30969,30957,30957.75,213
1790148360,30957.75,30961.5,30953.25,30956,163
1790148420,30953.75,30956.75,30951.25,30952.75,161
1790148480,30953,30963.75,30950,30960.5,272
1790148540,30961.5,30961.5,30952.5,30952.75,189
1790148600,30952.5,30954.5,30938.5,30943.25,357
1790148660,30942.25,30953.5,30942,30949.5,254
1790148720,30949,30952,30932.5,30939.25,323
1790148780,30939.5,30945.25,30932.75,30935.5,175
1790148840,30935.5,30940.75,30932.75,30936,168
1790148900,30936,30937.25,30927.5,30933,302
1790148960,30933.5,30936.25,30929.5,30931,149
1790149020,30930.75,30930.75,30919,30921,305
1790149080,30921.25,30925.25,30913.75,30918,269
1790149140,30918.5,30930.5,30918,30928.75,250
1790149200,30928.75,30932.5,30920,30922.25,184
1790149260,30922.25,30928.75,30920.75,30922,129
1790149320,30922.5,30922.5,30912,30913.5,179
1790149380,30913.75,30917,30911,30913.25,203
1790149440,30912.5,30928.25,30910.75,30925.75,386
1790149500,30925.5,30944.5,30925.5,30942,326
1790149560,30942.25,30956.25,30942.25,30955.5,373
1790149620,30955.5,30959.5,30953,30956,253
1790149680,30956,30960,30945.75,30953.75,302
1790149740,30953.75,30959.25,30953,30955,77
1790149800,30955.25,30956.25,30943.75,30950.25,195
1790149860,30949,30954.75,30947,30951.5,97
1790149920,30951,30956,30945,30948.5,119
1790149980,30948,30952.25,30946.5,30948.25,117
1790150040,30949.25,30952,30948.25,30950.5,56
1790150100,30951.25,30955,30947.25,30954.25,126
1790150160,30954.5,30954.5,30948.5,30952.75,76
1790150220,30952,30954,30948.75,30952.5,106
1790150280,30952.75,30957.5,30949.75,30951.5,98
1790150340,30951.25,30965.25,30950.25,30959.5,262
1790150400,30958.5,30966,30952,30954.25,290
1790150460,30954.25,30954.75,30944,30944.75,263
1790150520,30944,30947.5,30942.25,30943,139
1790150580,30943,30950.5,30937.75,30944.5,511
1790150640,30944.75,30946.75,30940,30941.25,133
1790150700,30941,30947.75,30940,30944,112
1790150760,30944.75,30952.75,30943.5,30945.5,177
1790150820,30946.25,30946.75,30939.25,30942.25,127
1790150880,30942,30943.25,30936,30941.5,172
1790150940,30941.5,30945.5,30938.75,30941.75,105
1790151000,30943,30947.5,30936.75,30937,152
1790151060,30937.5,30940.25,30934,30934.25,148
1790151120,30934.75,30938.5,30931,30932.5,303
1790151180,30932.75,30932.75,30924.5,30930.5,224
1790151240,30930.5,30932.5,30926.5,30930.75,160
1790151300,30931,30936,30927.5,30932.5,217
1790151360,30933.5,30936,30928.5,30930.25,133
1790151420,30930,30930,30921.25,30922.5,197
1790151480,30922.75,30928,30917.25,30927.25,241
1790151540,30927,30933.75,30925,30929.25,156
1790151600,30929.75,30931.5,30926,30929.5,131
1790151660,30930,30935,30927.25,30932.75,131
1790151720,30931.5,30938.5,30929,30937.25,147
1790151780,30936.75,30937.5,30928.5,30932.25,125
1790151840,30933.25,30950.25,30933.25,30950.25,418
1790151900,30949.25,30951.5,30940,30943,226
1790151960,30942.25,30942.75,30939,30940.5,180
1790152020,30941,30943,30938.25,30942.25,97
1790152080,30943,30947.25,30939.25,30943,98
1790152140,30943,30948.25,30942,30947,87
1790152200,30947.25,30953,30946.5,30952.25,167
1790152260,30952,30952.5,30944.25,30947.25,293
1790152320,30947.25,30956.5,30947,30956,239
1790152380,30955.5,30958.25,30954,30955,132
1790152440,30955.5,30955.75,30949.5,30952,122
1790152500,30951.5,30956.25,30949,30952,90
1790152560,30952.75,30957,30950.5,30951,141
1790152620,30951.25,30951.25,30945.25,30948.25,180
1790152680,30948.75,30957.25,30947.5,30956.5,90
1790152740,30957,30958,30954,30956,160
1790152800,30956,30958.5,30953,30953,188
1790152860,30954,30956.5,30950.75,30951.75,111
1790152920,30951.25,30961.25,30949.5,30955.75,274
1790152980,30955.75,30955.75,30951.25,30954.25,141
1790153040,30954.25,30954.25,30948.75,30949.75,165
1790153100,30950.75,30955,30947.75,30951,103
1790153160,30951.75,30958.25,30951.75,30957,114
1790153220,30956.5,30974.25,30956,30963,431
1790153280,30963.75,30964.75,30956,30959.25,159
1790153340,30958.5,30960,30954.5,30955.25,170
1790153400,30956.5,30958.5,30955,30955.25,93
1790153460,30955,30956.25,30951.5,30954.25,155
1790153520,30953.5,30955.5,30951.5,30955.25,75
1790153580,30955.75,30958.5,30953,30956.75,77
1790153640,30957.25,30960,30953,30955.25,115
1790153700,30955,30955.25,30947.75,30951,145
1790153760,30951.5,30960.75,30951.25,30960.75,202
1790153820,30959.5,30961.25,30955.5,30958,116
1790153880,30958,30962.75,30955,30961.75,151
1790153940,30962,30970.75,30961.5,30968,217
1790154000,30968,30970.75,30957.25,30961.25,402
1790154060,30960.75,30961,30954,30956,247
1790154120,30955.75,30958.25,30950,30950.25,147
1790154180,30951.5,30956.25,30949.25,30954,164
1790154240,30953,30956,30949.5,30952.5,165
1790154300,30952.75,30955.25,30951.5,30953.75,90
1790154360,30953.25,30955.5,30950,30953,190
1790154420,30953.5,30953.5,30944,30944.5,225
1790154480,30944,30950.25,30944,30949.75,139
1790154540,30950,30951.5,30945.25,30948.5,111
1790154600,30948.75,30953.5,30947.25,30950,172
1790154660,30950,30956.5,30948,30954.25,152
1790154720,30955.75,30960,30955.25,30959,181
1790154780,30959.25,30965.75,30958.25,30962.5,266
1790154840,30962.25,30964.25,30960.75,30962.75,112
1790154900,30962.5,30968,30961.25,30967.25,264
1790154960,30967.5,30970.5,30965.75,30969.5,333
1790155020,30970,30973,30964.75,30972.5,322
1790155080,30972.75,30973.75,30966.5,30967,242
1790155140,30968,30968.25,30964.5,30968,161
1790155200,30968.5,30973,30968.25,30971.25,201
1790155260,30971.25,30974.5,30968.75,30969,191
1790155320,30968.75,30971.25,30966.5,30969,238
1790155380,30969.25,30974.75,30969.25,30973.25,155
1790155440,30974.25,30979.5,30967.25,30971.25,595
1790155500,30971,30989.5,30968,30987.5,899
1790155560,30987.75,30990.25,30984.75,30988.75,477
1790155620,30988.75,30997.75,30986,30993.25,774
1790155680,30993.5,30999.25,30986.25,30995.25,936
1790155740,30995.5,31007.25,30989.75,31006,932
1790155800,31006.5,31013,30961,30965.5,6067
1790155860,30965.5,30970.75,30940.75,30944,3273
1790155920,30942.75,30948,30927.25,30939,2912
1790155980,30938.25,30952,30934.25,30951.5,1784
1790156040,30951,30954,30926.25,30926.5,1914
1790156100,30926.5,30956.75,30922.25,30934.75,3009
1790156160,30934.25,30940.75,30922.75,30938.75,1887
1790156220,30939.25,30939.75,30914.75,30923.25,2002
1790156280,30923.75,30926.5,30902,30902,2561
1790156340,30903.5,30923,30902.25,30914.25,1718
1790156400,30914.75,30924.75,30906.25,30912.25,1929
1790156460,30913,30925,30905.75,30912,1596
1790156520,30911.5,30921,30904.75,30910.75,1220
1790156580,30910.5,30923.75,30909.75,30914.25,1243
1790156640,30914.25,30924,30910,30910,862
1790156700,30910,30922.25,30900,30903,1934
1790156760,30902,30902.5,30875.75,30878,3169
1790156820,30878,30891.5,30860.75,30886.25,3620
1790156880,30885.5,30894,30875.75,30880.25,1631
1790156940,30880.5,30881,30871.25,30879.75,1756
1790157000,30879.5,30888.25,30867.25,30872,1762
1790157060,30872,30872.75,30854.5,30859,1734
1790157120,30858,30860,30842,30851.5,2633
1790157180,30852,30880,30847,30865.25,2253
1790157240,30865.5,30867.5,30846,30849.25,1662
1790157300,30849,30854,30833.5,30839.75,1863
1790157360,30839.25,30849.75,30832.75,30839.25,1642
1790157420,30839.25,30854.5,30838.75,30850,1337
1790157480,30850,30862.75,30848.5,30855,1479
1790157540,30855.25,30859.25,30835.75,30846,1344
1790157600,30846.75,30871,30843,30867.5,2371
1790157660,30867.5,30871,30850.75,30856,1497
1790157720,30855.25,30856.75,30825.25,30827,2353
1790157780,30827,30832.25,30821.25,30825.75,1676
1790157840,30825.5,30835.25,30818.5,30831.25,1780
1790157900,30831.75,30841.75,30817.25,30818.25,1575
1790157960,30818.75,30823.75,30808.25,30811,1693
1790158020,30810.75,30810.75,30783,30783,2537
1790158080,30783.25,30794,30777.75,30779.5,2020
1790158140,30779.25,30783.25,30766.25,30769,1957
1790158200,30769,30773,30740,30749.25,3355
1790158260,30749,30749,30717.75,30736,3325
1790158320,30736,30746.25,30720.25,30721,2320
1790158380,30721,30727,30704,30717.25,3519
1790158440,30717.25,30728.5,30708,30718.25,2227
1790158500,30719.25,30740.25,30706.75,30740.25,3042
1790158560,30740.25,30742.5,30716.25,30726.5,1990
1790158620,30726.75,30729.5,30687,30691.75,3496
1790158680,30692,30697.25,30678.25,30685.75,2200
1790158740,30686,30691.25,30670.75,30672.75,2090
1790158800,30672.75,30700.5,30661.5,30692.5,3483
1790158860,30692.75,30693.5,30662.75,30666,2294
1790158920,30667.25,30668.5,30645,30650,3051
1790158980,30650.5,30667.5,30645,30662.75,2367
1790159040,30663,30674.5,30652.5,30673.5,1774
1790159100,30673.5,30695.25,30666.5,30670.75,3345
1790159160,30670.75,30676,30642.75,30649.5,2625
1790159220,30649.75,30672,30647.75,30667.25,1897
1790159280,30667.5,30686.25,30665.75,30682,1520
1790159340,30681.75,30693,30674.25,30678.75,1877
1790159400,30678.75,30697.5,30677.75,30682.5,2429
1790159460,30683,30687.25,30657.75,30676.25,1886
1790159520,30676.75,30705.75,30673.5,30698.75,2027
1790159580,30699,30714.25,30694.75,30707.25,1764
1790159640,30708,30724.25,30703.25,30720.25,1607
1790159700,30720.5,30738.75,30718.5,30731.25,2201
1790159760,30731.5,30732.5,30718.25,30724.5,1445
1790159820,30724,30737.75,30707.75,30715.25,2173
1790159880,30714.75,30716,30692.5,30695.5,1670
1790159940,30695.25,30703.25,30687,30697.25,1395
1790160000,30697.5,30710.5,30689.5,30708.75,1544
1790160060,30708.75,30717.5,30700,30702.75,1099
1790160120,30703.5,30708,30694.75,30701.25,822
1790160180,30701.5,30709.25,30691.75,30706.25,863
1790160240,30706.75,30722.75,30704.25,30718.75,1201
1790160300,30720,30739.5,30720,30731.25,1418
1790160360,30731.25,30738.75,30719.25,30731.75,1287
1790160420,30732.75,30738.5,30722.25,30722.75,1070
1790160480,30725.25,30737.75,30722.75,30728.5,971
1790160540,30728.75,30738.75,30726.5,30732.75,762
1790160600,30732.5,30739.25,30714.5,30716.25,1139
1790160660,30716.5,30768,30713.25,30747,3594
1790160720,30747.5,30764.5,30740.5,30763,2025
1790160780,30764.25,30819.75,30764.25,30817.25,4465
1790160840,30817.5,30825.25,30799.25,30812.75,3035
1790160900,30812.75,30824,30780.5,30813.5,3192
1790160960,30814.25,30817.5,30808,30809.75,1122
1790161020,30810.25,30824.5,30800.75,30819.5,1876
1790161080,30820,30820.75,30810.75,30812.75,886
1790161140,30812.5,30826.25,30811.5,30822.5,944
1790161200,30823.25,30824.75,30803.75,30814,1668
1790161260,30813.5,30827.75,30812.25,30816,1500
1790161320,30816.5,30820.5,30804.75,30806.5,1135
1790161380,30806,30810,30793.75,30804.5,1448
1790161440,30804.25,30806.75,30794.75,30803.5,776
1790161500,30803.5,30805.5,30793,30795.5,859
1790161560,30795.5,30802.75,30790.5,30795.25,886
1790161620,30796.25,30811.5,30795,30804.75,825
1790161680,30804.75,30814,30804.5,30812.25,567
1790161740,30811.75,30812,30803,30803,492
1790161800,30803.75,30805.25,30795.75,30799.5,683
1790161860,30799.25,30802.25,30787,30792.25,756
1790161920,30793,30801.5,30784.25,30800.5,1097
1790161980,30800.5,30800.75,30782.5,30788.75,1172
1790162040,30789.25,30792.5,30784.25,30787.5,786
1790162100,30788.25,30800.25,30787.75,30794.5,793
1790162160,30794.25,30797.75,30779.5,30785.25,883
1790162220,30785.25,30785.25,30755,30768,1825
1790162280,30768,30776.75,30766.25,30772,774
1790162340,30772,30792,30771.75,30785.25,966
1790162400,30785.75,30791,30780.5,30783.25,825
1790162460,30783.5,30802.25,30779.5,30799.75,1223
1790162520,30800,30817.75,30799.75,30812.5,1556
1790162580,30813,30816.25,30804,30809.75,883
1790162640,30809.75,30814,30802.75,30808.75,622
1790162700,30807.5,30814.5,30803.75,30812.25,678
1790162760,30812.75,30817.5,30802.25,30809.5,834
1790162820,30809.75,30810.25,30797.5,30803.5,790
1790162880,30803.25,30803.25,30778,30779.75,1356
1790162940,30780.75,30781,30768.75,30773.25,1224
1790163000,30772.75,30774,30764,30770,1370
1790163060,30770,30780.25,30766.75,30773.5,944
1790163120,30774.5,30780,30765.5,30767.25,754
1790163180,30767.75,30777.5,30764.25,30773.5,826
1790163240,30773.5,30782.25,30769.75,30769.75,640
1790163300,30769.75,30778,30760,30773.25,896
1790163360,30773.25,30777,30761.5,30763.5,823
1790163420,30762.75,30766.5,30758,30765.75,480
1790163480,30765.5,30774,30765,30768.75,499
1790163540,30769,30777,30760.75,30766.25,510
1790163600,30766,30766,30759.75,30763.25,429
1790163660,30763.25,30765.75,30754,30756.75,635
1790163720,30756.75,30768,30756.5,30767.75,579
1790163780,30768.25,30779.75,30761.5,30779,866
1790163840,30778.75,30784,30773.75,30780.25,886
1790163900,30781.25,30786,30775,30779.25,846
1790163960,30779.5,30783.5,30772.5,30777,676
1790164020,30777,30777.5,30749.75,30756.5,1254
1790164080,30756.5,30762.75,30735,30741,2286
1790164140,30740.5,30744.5,30732.25,30739.75,1436
1790164200,30740.25,30745.25,30735.75,30741.25,935
1790164260,30741.5,30742.25,30723.25,30729.25,1295
1790164320,30729,30749.25,30727.75,30736,999
1790164380,30737,30741,30727.75,30741,578
1790164440,30740,30754,30739,30753.5,689
1790164500,30753.25,30757.25,30748,30748.5,711
1790164560,30748.75,30749.75,30737.5,30741.25,877
1790164620,30741.5,30743.25,30737,30738.25,454
1790164680,30738.75,30747.5,30738.25,30741.75,552
1790164740,30741.75,30748.25,30738.5,30746.5,449
1790164800,30747,30748,30736.25,30736.75,673
1790164860,30737.75,30739.75,30729,30733.5,647
1790164920,30733.75,30737.25,30731,30732,326
1790164980,30733,30735,30726.75,30735,524
1790165040,30735,30744.5,30732.25,30740.75,485
1790165100,30740.25,30740.5,30733,30736.25,377
1790165160,30736,30744.75,30730.25,30732.5,497
1790165220,30732.5,30745.25,30731.75,30741.25,442
1790165280,30741.25,30751,30741.25,30746.75,921
1790165340,30746.25,30748.75,30740.75,30745.25,378
1790165400,30745.25,30748.5,30740,30745,308
1790165460,30743.5,30744.5,30738.5,30744,319
1790165520,30744,30751,30740.75,30744.75,446
1790165580,30744.5,30745,30739.75,30744.25,228
1790165640,30743.25,30747.25,30737.5,30744.75,357
1790165700,30744.25,30754.75,30740,30752.75,641
1790165760,30752.25,30756.25,30742,30743,698
1790165820,30742.5,30744.5,30733.25,30738.5,747
1790165880,30738.5,30740.25,30729,30734.25,637
1790165940,30734.25,30738.5,30726,30738,608
1790166000,30737.5,30738,30719.75,30725.5,899
1790166060,30726.25,30726.25,30718.5,30721.5,508
1790166120,30721,30728.25,30715.5,30727,528
1790166180,30727,30729.25,30720.5,30724.5,653
1790166240,30724,30730.75,30718.5,30725.5,473
1790166300,30726.25,30735.5,30724.5,30735,450
1790166360,30735,30735,30718.75,30721,486
1790166420,30721.75,30727.75,30720.75,30725.25,360
1790166480,30725.75,30726.75,30719.5,30725,313
1790166540,30725.25,30728.25,30721.75,30723.5,301
1790166600,30723.75,30742,30723.75,30740.75,704
1790166660,30741.25,30746.5,30736.25,30745.5,643
1790166720,30744.75,30751.5,30742.25,30745.5,755
1790166780,30745.5,30748.25,30740.25,30744.25,550
1790166840,30744.75,30745,30738.5,30741.5,365
1790166900,30742,30748.75,30736.75,30739.5,640
1790166960,30740.5,30746.25,30740,30745,376
1790167020,30745.25,30746,30733.75,30736.25,546
1790167080,30736.25,30739.5,30730.75,30733,364
1790167140,30733.25,30733.25,30725,30727.75,550
1790167200,30728,30729.25,30717.25,30717.25,656
1790167260,30717.25,30718,30708.75,30713.5,1054
1790167320,30713.25,30718.25,30707.5,30707.75,678
1790167380,30708.5,30710.25,30705,30707,682
1790167440,30706.75,30708.25,30695.25,30695.25,1190
1790167500,30695,30707.5,30687.75,30700.5,2019
1790167560,30700.5,30712,30698.75,30710.25,1421
1790167620,30710.75,30721,30708,30709.5,1002
1790167680,30709,30709,30701.75,30707.5,522
1790167740,30707.75,30708.25,30690.5,30695.5,673
1790167800,30695.5,30695.5,30677.25,30681.75,1486
1790167860,30681.5,30682.5,30667.75,30674.25,1520
1790167920,30675.75,30686.75,30672.25,30680.25,997
1790167980,30680.5,30681.5,30670.75,30676.75,869
1790168040,30676,30681.25,30671.25,30671.5,578
1790168100,30671.75,30685.25,30668.25,30679.25,831
1790168160,30679.25,30685.25,30673.75,30683.75,586
1790168220,30684.25,30693,30674.75,30676,930
1790168280,30676.5,30690,30673.25,30688,758
1790168340,30687.75,30696,30686.75,30686.75,580
1790168400,30687.5,30702,30686.25,30700,1175
1790168460,30700.5,30709.25,30696.25,30704.5,929
1790168520,30703.75,30704.75,30659.75,30662,2594
1790168580,30661.75,30672,30648.75,30652.5,1562
1790168640,30652.5,30661,30646.5,30658.5,1120
1790168700,30659,30674.25,30657.25,30667.5,1122
1790168760,30666.5,30671.25,30653.25,30662.5,858
1790168820,30663.25,30669,30658.75,30660,534
1790168880,30660,30669.75,30658.75,30668,598
1790168940,30669.25,30682,30664,30676.5,822
1790169000,30677,30679.25,30663.25,30666.25,829
1790169060,30666.5,30677.75,30656.5,30657,794
1790169120,30657.25,30665.5,30656.25,30663.5,817
1790169180,30663.5,30668.25,30657.5,30667,663
1790169240,30667.25,30673.75,30662.75,30670.75,559
1790169300,30669.75,30686.5,30665.5,30684.25,868
1790169360,30684.5,30687,30677.25,30684.25,667
1790169420,30684.25,30699.25,30680.25,30694.75,825
1790169480,30695,30705.75,30694.25,30704.5,876
1790169540,30705.25,30724.75,30703,30722.25,1332
1790169600,30723,30724.75,30712.5,30715.5,952
1790169660,30716.75,30721,30706.25,30708,822
1790169720,30708.5,30722.5,30706,30717,646
1790169780,30716.75,30720.25,30702,30704.25,716
1790169840,30703.5,30703.75,30681.5,30681.5,1090
1790169900,30681.5,30691,30677.5,30687,878
1790169960,30687.5,30691,30678.5,30688.5,574
1790170020,30688.5,30688.5,30681.5,30683.25,343
1790170080,30683.75,30688.25,30679.25,30681.75,587
1790170140,30682,30685.25,30676,30681.75,535
1790170200,30682,30682,30671.25,30679.5,760
1790170260,30679.5,30689.25,30673.5,30689,803
1790170320,30688.5,30690,30673.75,30688.75,624
1790170380,30688.5,30704.75,30684.25,30699.25,883
1790170440,30699.25,30702.75,30697,30700.5,521
1790170500,30700,30701,30689.25,30690.5,546
1790170560,30689.75,30696,30686.25,30695,496
1790170620,30695.5,30705.75,30694,30702,547
1790170680,30702,30705.75,30697.25,30700.5,375
1790170740,30700.75,30703.5,30692,30696,503
1790170800,30696.25,30714.75,30685.25,30700.75,1938
1790170860,30700.25,30721.25,30694.75,30712.25,1298
1790170920,30712.75,30732.5,30711,30730.75,1249
1790170980,30731,30756.25,30731,30752.75,1708
1790171040,30753,30756.25,30744.75,30748.5,925
1790171100,30748.25,30754.5,30741.5,30751.75,1126
1790171160,30751.75,30764.25,30750.25,30751,1105
1790171220,30751,30755,30744,30747.25,784
1790171280,30747.25,30748.5,30736.25,30745.75,1022
1790171340,30745.75,30753.25,30744,30750.5,538
1790171400,30750.5,30758.25,30746.75,30752.25,524
1790171460,30752.25,30755.5,30747,30750,418
1790171520,30750.5,30754.25,30746,30753.5,336
1790171580,30753.75,30759.5,30746,30748.75,501
1790171640,30748.5,30757.25,30740.25,30752.5,673
1790171700,30752.75,30756,30748.5,30750,366
1790171760,30750.25,30756.75,30748,30753.25,383
1790171820,30754,30766.5,30750,30765.75,721
1790171880,30765.5,30770,30765.25,30768.75,585
1790171940,30768.25,30774.5,30766.25,30771,748
1790172000,30771,30772,30762.25,30767.5,850
1790172060,30767,30767.75,30757.25,30760.75,759
1790172120,30761.5,30762.25,30750,30752.75,856
1790172180,30752.75,30752.75,30740.25,30743,774
1790172240,30742.5,30742.5,30727.75,30730.25,725
1790172300,30729.75,30738,30725,30737.75,796
1790172360,30737.75,30748.5,30736.25,30742,957
1790172420,30741,30744.75,30738.5,30742.75,390
1790172480,30742.75,30746.5,30740.75,30742.75,377
1790172540,30742,30743.5,30734.25,30739,368
1790172600,30739.5,30747.25,30736.5,30737,407
1790172660,30737.25,30743.75,30737.25,30740,385
1790172720,30741,30742,30736.25,30741.75,288
1790172780,30741.5,30746.25,30739,30743.25,512
1790172840,30742.75,30747.25,30740.25,30745,314
1790172900,30745.5,30753.5,30740.5,30751.75,619
1790172960,30751.25,30758.75,30748,30749.25,744
1790173020,30749.5,30759.25,30748.75,30758.75,655
1790173080,30758.5,30768.5,30757.25,30767.75,708
1790173140,30767.75,30769,30758,30760,462
1790173200,30759.5,30762.5,30755,30758.5,501
1790173260,30758.5,30759,30746,30750.5,692
1790173320,30751,30755.25,30750.25,30753,347
1790173380,30754,30760,30746.75,30756.5,469
1790173440,30756.5,30761.75,30755.75,30760,320
1790173500,30760.75,30764,30754,30754.5,397
1790173560,30754.75,30761,30754.25,30755.75,332
1790173620,30755.5,30765,30755.5,30757.75,395
1790173680,30757.5,30759,30752.5,30756,672
1790173740,30756,30759.5,30750.25,30755.25,304
1790173800,30755,30758,30744.5,30746.5,553
1790173860,30746.25,30748.5,30740.5,30745.75,591
1790173920,30745.25,30750,30742.5,30749.5,301
1790173980,30749.5,30750,30744.25,30746,238
1790174040,30746,30753.5,30739.25,30747.5,442
1790174100,30748,30754.5,30747.25,30751.5,294
1790174160,30751,30753.75,30745.5,30746.5,274
1790174220,30746.25,30746.5,30735,30735.75,463
1790174280,30736.25,30737.25,30727.25,30732.25,778
1790174340,30731.5,30736,30728.5,30732.5,462
1790174400,30733,30741.75,30732.25,30740,429
1790174460,30740,30744.25,30733.75,30736.25,406
1790174520,30736.5,30745.75,30736,30743.75,373
1790174580,30744.75,30752.25,30744.5,30750,489
1790174640,30749.25,30750.75,30745.75,30747.5,371
1790174700,30747.75,30748.75,30743.25,30746,282
1790174760,30745.75,30748.5,30741,30742.5,389
1790174820,30742.25,30749.25,30742.25,30745.75,283
1790174880,30745.75,30757.25,30743.75,30756.75,562
1790174940,30757,30763.25,30756,30762,498
1790175000,30761.75,30768.5,30756.75,30757.75,792
1790175060,30757.75,30760.5,30755.5,30759,405
1790175120,30758.75,30759.5,30745.5,30748.5,670
1790175180,30748,30755,30746.5,30754.25,354
1790175240,30753.25,30753.5,30746,30749.75,474
1790175300,30749.25,30761.75,30748,30761.25,467
1790175360,30761.5,30763.5,30759,30762.5,434
1790175420,30762.5,30764,30757.75,30763.75,377
1790175480,30764.25,30765.75,30760.75,30763.75,456
1790175540,30763.75,30766.75,30760,30762,383
1790175600,30762.25,30763.5,30752.5,30762,582
1790175660,30762.75,30767.25,30759.25,30761.25,445
1790175720,30760.75,30763.5,30755.75,30758.75,333
1790175780,30757.5,30759.25,30742.25,30743.75,633
1790175840,30743.5,30748.25,30742.5,30743.75,438
1790175900,30743.75,30751,30741,30749.25,519
1790175960,30749,30763.75,30746,30763.25,843
1790176020,30763,30780.5,30761.5,30776,1264
1790176080,30775.75,30782.5,30773.5,30779.25,746
1790176140,30779.25,30781,30765.5,30769.75,806
1790176200,30770.5,30774.5,30766.75,30768.5,408
1790176260,30768.75,30773.5,30766.25,30769.75,309
1790176320,30770,30772.25,30757.75,30760.25,550
1790176380,30760.75,30762.75,30753.5,30762,556
1790176440,30762.75,30764,30760,30762.75,338
1790176500,30762.75,30765.5,30748.5,30748.75,526
1790176560,30749,30749.25,30741.25,30745.25,750
1790176620,30745.5,30748.25,30742.5,30747.75,463
1790176680,30748,30756,30746,30755,425
1790176740,30754.5,30757.5,30750,30751.25,399
1790176800,30750.75,30750.75,30743.5,30746.75,498
1790176860,30746.75,30748.75,30741.75,30747.25,452
1790176920,30747.25,30748.25,30744.25,30745.5,230
1790176980,30746.25,30751.25,30746.25,30747,324
1790177040,30747.75,30750.25,30744.25,30749.75,328
1790177100,30749.5,30757.5,30746,30747,604
1790177160,30747.5,30753.75,30745,30746.25,524
1790177220,30746.25,30754.75,30744.75,30751.5,427
1790177280,30750.25,30755.5,30749,30751.25,373
1790177340,30751,30754.25,30748,30753.75,458
1790177400,30753.75,30760.25,30747.5,30753,1112
1790177460,30752.75,30757.25,30749.25,30754,396
1790177520,30753.75,30766,30753,30763.25,563
1790177580,30763.25,30771.25,30760.5,30768.5,618
1790177640,30768.5,30775.25,30768,30772.5,491
1790177700,30772.25,30772.25,30759.25,30766.75,851
1790177760,30766.5,30769.5,30764,30765.75,504
1790177820,30764.75,30766.75,30758.75,30764.25,553
1790177880,30764.75,30765,30756.75,30757.75,439
1790177940,30757.25,30766.75,30756.75,30765.5,475
1790178000,30765.5,30771.25,30763.75,30764.25,474
1790178060,30764.5,30765.25,30755.25,30755.75,373
1790178120,30755.75,30757,30737,30737.5,1112
1790178180,30737.75,30741.25,30729.25,30741.25,1057
1790178240,30741,30748.25,30738.25,30747.25,899
1790178300,30746.75,30752.5,30743.75,30751.25,855
1790178360,30750.75,30752.25,30742.75,30750.75,563
1790178420,30751,30764,30750.5,30763.25,798
1790178480,30762.75,30764.25,30757.5,30762.25,637
1790178540,30763,30767.5,30759.75,30767.5,786
1790178600,30767.75,30772.5,30724.5,30736.25,2480
1790178660,30736.5,30742.5,30721.25,30723.5,1391
1790178720,30723.5,30726.25,30710,30717.25,1931
1790178780,30717.5,30734.5,30714.5,30733.5,1978
1790178840,30733.5,30739.25,30719.25,30720.75,2636
1790178900,30720.5,30756.5,30720.5,30746.25,2795
1790178960,30746.25,30749.25,30736.5,30746.5,1756
1790179020,30746.75,30763.5,30744.5,30755.75,1718
1790179080,30755.75,30762.5,30752.75,30759,1638
1790179140,30758.5,30779.5,30747.25,30770.25,10196
1790179200,30770.25,30777.25,30766.25,30766.25,2252
1790179260,30766.75,30771.75,30764.5,30767.25,775
1790179320,30767.25,30770,30763.75,30766.25,563
1790179380,30766,30769.25,30761,30765.5,377
1790179440,30765.25,30766,30758.5,30761.75,317
1790179500,30762.25,30764,30756.25,30760.75,351
1790179560,30760.75,30761.5,30755.75,30756.5,314
1790179620,30756.25,30759,30754.25,30756.75,322
1790179680,30757.5,30758.75,30754.5,30756,222
1790179740,30756.25,30763.5,30755.5,30761.5,245
1790179800,30761,30763.25,30757,30759.5,173
1790179860,30758.25,30762.5,30758.25,30760,130
1790179920,30759.75,30764.25,30759,30761,202
1790179980,30761,30761.5,30756.25,30757.75,152
1790180040,30757.25,30758.25,30751.75,30753.25,234
1790180100,30753,30754,30750.5,30754,120
1790180160,30754,30756.5,30752.25,30753.25,123
1790180220,30753,30757.75,30753,30757.25,68
1790180280,30757.75,30760,30754,30759.5,100
1790180340,30759,30760,30758.5,30759.75,34
1790180400,30760,30761.5,30758.75,30759.75,54
1790180460,30759.5,30763.5,30758,30762,102
1790180520,30762,30763,30760.5,30761.5,60
1790180580,30760.75,30764.75,30760.5,30762.25,58
1790180640,30762.5,30763.75,30761.75,30762.75,54
1790180700,30763,30763.75,30761.5,30762.25,45
1790180760,30763,30765,30760.75,30763.5,61
1790180820,30764,30765,30763.5,30764,30
1790180880,30763,30763.5,30758,30758.5,90
1790180940,30758.5,30764,30758.5,30764,46
1790181000,30763.25,30766,30762,30766,62
1790181060,30765.75,30766.75,30763.5,30765.75,104
1790181120,30765.75,30768.75,30764.5,30765,109
1790181180,30764.5,30764.5,30761,30761.75,62
1790181240,30761.5,30762.5,30758.5,30761,94
1790181300,30761.75,30763,30760,30760.5,55
1790181360,30760.25,30762.5,30760,30762,41
1790181420,30762.25,30768.75,30762.25,30768.25,121
1790181480,30767.75,30770.5,30767.75,30770.25,62
1790181540,30769.75,30773,30769.75,30770.5,130
1790181600,30770.5,30774,30770.25,30771.75,64
1790181660,30772,30773.75,30769,30771.5,163
1790181720,30771.75,30772,30770.5,30771.5,77
1790181780,30771.75,30771.75,30768.75,30771,89
1790181840,30770.5,30775,30769.75,30774,124
1790181900,30774.5,30777,30773.5,30774,124
1790181960,30773.5,30774.25,30771.75,30773.75,29
1790182020,30773.75,30773.75,30771,30771.75,76
1790182080,30772,30772,30768.75,30768.75,30
1790182140,30769,30772,30767,30768.75,101
1790182200,30768.5,30772.5,30768.5,30770.75,75
1790182260,30770.25,30773,30770.25,30772.25,24
1790182320,30771.75,30771.75,30769.75,30770.25,60
1790182380,30770.5,30774.25,30769.5,30773.25,68
1790182440,30773.5,30775,30772,30773,85
1790182500,30773.5,30775.75,30771.5,30772.75,113
1790182560,30772.25,30773.5,30770.25,30772.5,83
1790182620,30772.75,30774,30771.75,30773,36
1790182680,30773.5,30774.5,30770.75,30771.5,63
1790182740,30771.75,30776.75,30767.75,30776,190
1790186400,30780,30804.75,30779,30800.75,456
1790186460,30801.25,30807,30787.25,30797.75,249
1790186520,30798.5,30804.5,30791.75,30800.5,180
1790186580,30800.25,30805,30795.75,30798,132
1790186640,30797.25,30798,30790.75,30791,112
1790186700,30791.5,30797.75,30778,30792.75,309
1790186760,30793,30803.75,30787.75,30803,163
1790186820,30803.25,30808.75,30798.25,30801.25,189
1790186880,30800,30802.25,30798,30802.25,44
1790186940,30802.25,30805,30797.75,30805,80
1790187000,30805,30807,30801,30802.5,79
1790187060,30803.25,30804.25,30800.5,30802,61
1790187120,30801.5,30803,30799.5,30803,42
1790187180,30802.75,30805,30801.5,30804.75,43
1790187240,30804,30807,30804,30804.25,39
1790187300,30807.5,30813,30807.5,30810.25,177
1790187360,30811.25,30811.5,30802.75,30802.75,88
1790187420,30803.25,30804.75,30799.5,30800.25,88
1790187480,30799.25,30801.5,30797.75,30798.75,46
1790187540,30798.75,30800,30790.75,30792.5,217
1790187600,30792.75,30795.75,30790.25,30794.5,81
1790187660,30794.25,30795.75,30786.25,30787.5,108
1790187720,30788.5,30792.25,30786.75,30791,68
1790187780,30791.25,30794.75,30790.25,30792,92
1790187840,30792.5,30793.5,30791.25,30792,23
1790187900,30793.75,30793.75,30788.75,30791.5,60
1790187960,30792.75,30793.5,30789.25,30789.5,42
1790188020,30789,30792,30786.5,30790.75,49
1790188080,30790,30790,30782,30785,89
1790188140,30785,30787.25,30784,30785.25,50
1790188200,30786,30790.25,30780.75,30783.25,164
1790188260,30783.25,30786,30783,30786,21
1790188320,30786,30800.25,30784.75,30797.5,191
1790188380,30797.75,30798.25,30792,30793.25,59
1790188440,30792.5,30792.5,30788.25,30791.25,42
1790188500,30789.75,30790,30781.25,30782,66
1790188560,30782.5,30784,30780.25,30782.5,45
1790188620,30782,30785.5,30781.25,30784.75,63
1790188680,30783.5,30788.25,30781.75,30785.5,40
1790188740,30785.25,30789.25,30785.25,30787,29
1790188800,30787,30790.75,30784.25,30788.5,50
1790188860,30789,30790.75,30788,30788,29
1790188920,30788.5,30797,30788.5,30796.25,149
1790188980,30796.5,30799.5,30795.25,30798.25,76
1790189040,30797,30799.25,30795.75,30796.25,42
1790189100,30795.5,30796.25,30793.5,30794.5,52
1790189160,30793.75,30795.25,30786,30790.75,60
1790189220,30792.25,30798.25,30792.25,30795.75,95
1790189280,30795.75,30797.5,30795,30795,19
1790189340,30798,30798,30795.25,30796.25,15
1790189400,30796,30798.5,30795.75,30797.5,20
1790189460,30797.5,30799,30796.25,30798.75,28
1790189520,30799,30801.75,30795.5,30795.5,75
1790189580,30797.5,30798.75,30794.5,30794.75,63
1790189640,30794.25,30795,30791.25,30795,55
1790189700,30795.75,30797.25,30792,30793.5,29
1790189760,30793.75,30793.75,30790.5,30793.75,33
1790189820,30792.25,30793,30792.25,30793,6
1790189880,30793.75,30793.75,30792.75,30792.75,9
1790189940,30794.5,30794.5,30793.25,30793.75,10
1790190000,30793.5,30794.75,30791.75,30794.5,46
1790190060,30793.75,30796.75,30792,30792.25,32
1790190120,30791.75,30798,30790.25,30796.5,55
1790190180,30795.5,30796.5,30795.25,30796,16
1790190240,30796,30798.5,30795.75,30796.5,27
1790190300,30795.75,30795.75,30791,30792.75,34
1790190360,30794,30794,30793.25,30793.25,8
1790190420,30794.5,30794.5,30792.75,30794,13
1790190480,30793.25,30794,30792,30793.5,22
1790190540,30793,30795.25,30793,30795.25,11
1790190600,30794.5,30794.75,30791.5,30791.5,30
1790190660,30792.25,30793.25,30790.5,30790.5,15
1790190720,30791.75,30793.5,30789,30790.25,47
1790190780,30790,30790,30783.5,30785.5,95
1790190840,30785.75,30787.5,30784.75,30786.75,31
1790190900,30786.75,30792,30785.5,30791,95
1790190960,30791.25,30791.75,30786.75,30787.5,65
1790191020,30788.5,30788.5,30783,30786.25,56
1790191080,30785.5,30787,30783,30784,60
1790191140,30784.75,30785.75,30775,30782.25,197
1790191200,30782.5,30783.5,30777.5,30779.5,117
1790191260,30780,30780.25,30770,30772.5,189
1790191320,30773,30774,30769,30770.75,112
1790191380,30773.5,30774.25,30769,30769.75,65
1790191440,30769.5,30771.75,30769,30771.25,98
1790191500,30771.75,30773.75,30769.75,30769.75,60
1790191560,30769.5,30771.75,30769,30770.5,69
1790191620,30771,30771.75,30762.5,30769.5,364
1790191680,30769.5,30772.25,30768.25,30770.75,71
1790191740,30771.5,30772,30769,30771.25,29
1790191800,30771.25,30772.5,30769.75,30772.25,23
1790191860,30770.25,30771.25,30766.25,30767.25,69
1790191920,30766.75,30769,30766.75,30768.75,30
1790191980,30769.25,30769.25,30767.5,30767.5,9
1790192040,30766.75,30770.75,30760,30769.75,138
1790192100,30767.5,30771,30767.5,30768,42
1790192160,30767.75,30767.75,30763.5,30765.25,27
1790192220,30766.5,30772.25,30766.5,30771.75,46
1790192280,30771,30772.75,30769.5,30772,23
1790192340,30771.5,30773.5,30771,30771.5,30
1790192400,30772.5,30776.5,30771.5,30774.5,98
1790192460,30774,30776.25,30771.5,30772.25,26
1790192520,30773.5,30773.75,30763.75,30763.75,133
1790192580,30762.75,30765.75,30761.25,30762.75,121
1790192640,30763,30767.5,30762.5,30766.25,46
1790192700,30767.75,30772,30755.25,30760.5,258
1790192760,30760,30760.75,30756.5,30758.75,59
1790192820,30760,30764.5,30760,30760.25,51
1790192880,30760,30765,30760,30762.5,53
1790192940,30762.75,30762.75,30753.5,30754,164
1790193000,30753.75,30756.5,30746,30752.25,327
1790193060,30751.75,30757,30750,30757,79
1790193120,30757.5,30768.25,30757.25,30761.25,189
1790193180,30761.75,30767.75,30759.75,30764.25,60
1790193240,30763.75,30770.75,30763.75,30765.25,94
1790193300,30766,30766,30759,30761,62
1790193360,30761.25,30762.25,30759,30760.5,46
1790193420,30760.75,30763.75,30753.75,30759,111
1790193480,30759,30759,30754,30755.25,50
1790193540,30757,30759.5,30753,30753.5,58
1790193600,30753.5,30761,30751,30755.25,112
1790193660,30755.25,30755.5,30747,30749.75,165
1790193720,30747.5,30754.75,30747.25,30751.5,123
1790193780,30750,30757.5,30748.75,30752.5,142
1790193840,30753,30757,30742,30754.5,208
1790193900,30755,30756.25,30746.5,30749.25,114
1790193960,30747.5,30752,30746.75,30747.5,87
1790194020,30747.5,30752.5,30745,30748.25,115
1790194080,30748,30749.25,30744,30747,64
1790194140,30746.5,30747.5,30742.5,30744.75,174
1790194200,30744,30744.25,30733.25,30738,275
1790194260,30738,30738,30723.75,30723.75,257
1790194320,30724.25,30738.75,30720,30732.25,350
1790194380,30732,30735,30728.25,30732.5,160
1790194440,30732,30733,30724,30728.5,114
1790194500,30728,30738.25,30725.75,30733.75,216
1790194560,30733.5,30744,30730,30741,209
1790194620,30741.25,30742,30738.25,30738.75,49
1790194680,30738,30741.5,30735.75,30740.25,71
1790194740,30742,30746.5,30739,30744.5,142
1790194800,30744.5,30750.5,30740.5,30747.25,219
1790194860,30747.75,30747.75,30739.75,30739.75,101
1790194920,30739.5,30741.75,30726.5,30729,224
1790194980,30729.25,30732,30727,30728.25,111
1790195040,30728.25,30736,30726.5,30734,62
1790195100,30734.75,30737,30729.25,30732.25,91
1790195160,30732.75,30733.75,30730.5,30733.25,44
1790195220,30732,30735.25,30731.25,30731.75,44
1790195280,30731,30733.25,30728.5,30731.5,46
1790195340,30732.25,30737.5,30730.25,30735,61
1790195400,30735.5,30737.5,30729.75,30734.25,82
1790195460,30735,30749.5,30733.75,30747.5,261
1790195520,30746.5,30746.75,30739,30741.25,132
1790195580,30741.75,30746.5,30739.75,30743.25,71
1790195640,30744,30745.25,30740.75,30745.25,42
1790195700,30746,30746,30739,30739,47
1790195760,30741.5,30743.75,30738,30739.75,49
1790195820,30739.75,30739.75,30733.5,30734.25,56
1790195880,30735.25,30740.25,30733.75,30738,77
1790195940,30737.75,30738.75,30735.75,30735.75,23
1790196000,30735.75,30735.75,30726.75,30734,137
1790196060,30733.5,30736,30726,30728.75,107
1790196120,30728.75,30730,30725,30727.75,106
1790196180,30727.5,30728,30719,30721.5,163
1790196240,30721.5,30723,30718.5,30721.75,187
1790196300,30722,30722.25,30712.5,30718.5,248
1790196360,30719,30721.5,30714,30715.5,105
1790196420,30715.25,30715.75,30706.75,30707,174
1790196480,30706.5,30711.75,30705.5,30707,211
1790196540,30706.25,30717.5,30706,30716.25,185
1790196600,30715.5,30720.75,30713,30713,158
1790196660,30712.5,30715.75,30710.25,30710.75,98
1790196720,30711.5,30713.25,30705.25,30710.25,133
1790196780,30710,30710,30704.5,30706.5,102
1790196840,30707,30708.5,30704.75,30707.25,68
1790196900,30707.75,30715.75,30706.5,30714,120
1790196960,30714.25,30722.25,30710,30718.75,173
1790197020,30719.75,30730.5,30719.5,30724.5,217
1790197080,30725.75,30729.25,30724.75,30728.25,47
1790197140,30728.75,30731.75,30723.5,30725.25,127
1790197200,30724.5,30734,30723.25,30733.75,177
1790197260,30732.75,30740,30731.75,30738,311
1790197320,30739.25,30742,30735.75,30741,166
1790197380,30740.75,30745,30736.75,30741.5,250
1790197440,30743,30743.75,30736.75,30743,92
1790197500,30742.75,30743.5,30730,30731,176
1790197560,30731.75,30754.25,30731.5,30745.25,305
1790197620,30746,30758.5,30744,30756.75,268
1790197680,30756.75,30756.75,30751,30754.25,125
1790197740,30751,30753,30749.25,30750,54
1790197800,30749.5,30749.5,30742.25,30746.75,96
1790197860,30746,30748.5,30738.75,30738.75,133
1790197920,30740,30749.25,30737.5,30747.25,87
1790197980,30747.75,30753,30746.75,30751,74
1790198040,30750.25,30755,30750.25,30754.25,77
1790198100,30753.5,30754.25,30744.5,30747.75,90
1790198160,30748,30752.75,30743.5,30751.75,91
1790198220,30751.75,30751.75,30745,30745.5,36
1790198280,30744,30748,30742.5,30747.25,54
1790198340,30748,30752.75,30745,30749.5,64
1790198400,30747.25,30751.25,30746.5,30750.5,36
1790198460,30749.5,30749.5,30744.25,30745.5,48
1790198520,30744.75,30750.25,30742.5,30745.75,130
1790198580,30745,30747,30743,30744.75,54
1790198640,30745.5,30747.75,30741.25,30743,70
1790198700,30743,30743.25,30734.75,30740.75,228
1790198760,30741.25,30745.75,30739.25,30744.25,92
1790198820,30743.75,30746,30737.5,30739,64
1790198880,30738.75,30738.75,30734,30734.5,69
1790198940,30736,30738,30732.5,30737.75,82
1790199000,30736.5,30749,30733.25,30748.5,151
1790199060,30748.75,30750.75,30741,30749.75,180
1790199120,30749.25,30758.75,30746.5,30753.5,181
1790199180,30755.25,30756.5,30748.75,30750.5,106
1790199240,30750,30761,30749.75,30757.75,151
1790199300,30756.25,30760,30748,30750,168
1790199360,30750.75,30751,30744.5,30750,133
1790199420,30749.25,30755,30749.25,30749.5,81
1790199480,30750.5,30752,30747.75,30750.5,44
1790199540,30749.75,30750.75,30745.25,30747.75,70
1790199600,30748.5,30748.5,30742.5,30745,68
1790199660,30744.5,30756.5,30744.5,30753,112
1790199720,30753,30754.75,30748.25,30749.25,31
1790199780,30750.5,30751.25,30738,30738.75,111
1790199840,30738.75,30741.25,30735,30736.25,91
1790199900,30735,30739,30732.75,30734,129
1790199960,30735.5,30736.75,30726.5,30726.75,158
1790200020,30726,30726.5,30720.75,30724.75,167
1790200080,30724.75,30726.5,30719.25,30726.25,130
1790200140,30726.75,30731.5,30724.25,30728,94
1790200200,30729.25,30730,30713.75,30715.5,205
1790200260,30715.5,30729.75,30715.5,30728.5,81
1790200320,30730,30741,30730,30738.25,190
1790200380,30738,30745.25,30737.75,30744.5,63
1790200440,30745.5,30747.25,30734.5,30738.25,121
1790200500,30738.5,30738.5,30731,30736.25,61
1790200560,30736.5,30739.25,30736,30737.25,15
1790200620,30737,30738.5,30734.25,30734.75,26
1790200680,30735.75,30743.5,30734.25,30743.5,52
1790200740,30742,30746,30740.75,30744.75,59
1790200800,30743,30750,30741,30741.25,189
1790200860,30741,30743.75,30738.75,30742.75,59
1790200920,30743.5,30745.5,30741.25,30742,55
1790200980,30740.5,30743.5,30734.5,30736.75,114
1790201040,30737,30738,30730.5,30732.5,114
1790201100,30731.25,30731.25,30725.25,30726.25,78
1790201160,30727.25,30727.25,30715,30717.25,201
1790201220,30717.5,30720.25,30714.5,30716.75,102
1790201280,30717,30717.5,30708.75,30711,131
1790201340,30710.5,30714.5,30708.75,30713.5,75
1790201400,30714.25,30720.25,30714,30720,91
1790201460,30718.5,30718.5,30713.75,30716.75,36
1790201520,30715.5,30725.25,30715.5,30723.25,86
1790201580,30723.75,30728.75,30722,30726.75,78
1790201640,30728,30729,30725,30725.25,38
1790201700,30725,30739.5,30723.5,30735.75,310
1790201760,30736,30741.5,30736,30737.25,86
1790201820,30737,30740,30736,30740,36
1790201880,30738.25,30740,30735.75,30738.5,59
1790201940,30738.5,30742,30737.5,30739,76
1790202000,30739,30739,30735.25,30735.25,44
1790202060,30735,30737.75,30734.25,30736,44
1790202120,30735,30735.75,30729.75,30733.25,70
1790202180,30733.25,30734.25,30730.5,30733,30
1790202240,30732.5,30735,30731.5,30734,35
1790202300,30734,30736,30731,30731.75,26
1790202360,30731,30732.25,30729.25,30729.25,50
1790202420,30730.25,30730.5,30726,30726.25,56
1790202480,30726.5,30729.5,30724.5,30726.5,47
1790202540,30727.25,30734,30727.25,30729.75,63
1790202600,30729,30736.25,30726.5,30733.75,99
1790202660,30734.75,30737,30731,30734.75,70
1790202720,30734,30745.5,30733.5,30741,176
1790202780,30741.5,30743.75,30739,30741.25,61
1790202840,30740.25,30742.25,30739.25,30740.5,31
1790202900,30741.5,30741.5,30737.75,30740.5,31
1790202960,30739.25,30741.5,30737.25,30740.25,45
1790203020,30738.75,30744,30735.75,30744,50
1790203080,30743,30746.5,30742.75,30742.75,52
1790203140,30742,30742.75,30737.75,30738,50
1790203200,30739,30747,30739,30745.5,31
1790203260,30744.75,30745.25,30743.25,30744,22
1790203320,30745.75,30747,30744.25,30744.25,34
1790203380,30744,30745.25,30741.75,30741.75,33
1790203440,30741,30744.75,30740.75,30744.5,23
1790203500,30745.5,30747,30744.25,30744.25,281
1790203560,30744.5,30744.5,30741,30742,40
1790203620,30743.75,30744.5,30742.25,30742.75,31
1790203680,30744.25,30745.25,30742.5,30742.5,33
1790203740,30742.75,30743.75,30739,30742.75,53
1790203800,30743.5,30743.5,30741.75,30742.25,8
1790203860,30743,30743.5,30738.5,30738.5,29
1790203920,30738.25,30740.5,30737.75,30740,31
1790203980,30739,30739.25,30737.5,30738.25,21
1790204040,30738.25,30744.5,30737,30743,64
1790204100,30743.5,30747,30742.75,30743.5,107
1790204160,30744.25,30745.25,30743,30744.5,31
1790204220,30743.25,30744.75,30739,30739.25,47
1790204280,30740.25,30743.75,30738.75,30741.5,45
1790204340,30742.25,30742.5,30741.25,30741.25,4
1790204400,30740.75,30740.75,30735,30736.75,82
1790204460,30736.25,30742,30735.75,30738.25,43
1790204520,30737.25,30740,30736.5,30736.5,22
1790204580,30736.25,30737.75,30735.5,30735.75,28
1790204640,30735,30739.5,30730.75,30735.25,146
1790204700,30734.25,30735,30730.75,30730.75,25
1790204760,30731.75,30731.75,30722,30724,132
1790204820,30723,30724.75,30715.25,30716,215
1790204880,30717,30718,30709.5,30712.25,127
1790204940,30713,30714.5,30706,30710.75,114
1790205000,30709.25,30711.25,30705,30707.75,135
1790205060,30710.25,30713,30706.5,30711.75,96
1790205120,30711,30712,30705.5,30711.5,53
1790205180,30710.75,30716.25,30710.25,30715,81
1790205240,30715.25,30720,30713,30719.25,70
1790205300,30719.75,30721.75,30715.75,30716,94
1790205360,30717.5,30718.25,30710.25,30714.25,76
1790205420,30713.75,30720,30713.5,30720,55
1790205480,30720.25,30722.5,30718.5,30719.25,63
1790205540,30721.5,30723,30716,30717.25,52
1790205600,30717.75,30721.25,30717.25,30718.5,53
1790205660,30719.5,30719.5,30713,30715,79
1790205720,30713.75,30719.5,30713.75,30714.75,70
1790205780,30714.5,30714.75,30710.75,30712,45
1790205840,30711.75,30714.25,30711.25,30714.25,48
1790205900,30714,30720,30705.25,30706.25,161
1790205960,30707,30709.5,30700.25,30708,219
1790206020,30709,30709,30703.25,30706.75,75
1790206080,30706.5,30710,30705.5,30708.75,45
1790206140,30707.25,30708.25,30704.25,30706.25,49
1790206200,30706,30706.5,30698.75,30701.75,123
1790206260,30700.75,30707,30698.5,30706.5,142
1790206320,30705.5,30706.5,30702.5,30706.5,40
1790206380,30706.75,30707.75,30704,30704.75,34
1790206440,30704.25,30709.25,30701.5,30704,61
1790206500,30703.5,30705,30702.25,30702.25,24
1790206560,30702.5,30705,30701,30703.25,82
1790206620,30702.75,30703.75,30700.25,30702,65
1790206680,30701.75,30705.25,30698,30705.25,100
1790206740,30704.25,30707,30703.5,30706.75,49
1790206800,30706,30707,30701.75,30702.5,52
1790206860,30702,30703.5,30702,30703,23
1790206920,30701.5,30702.75,30696.75,30698.5,135
1790206980,30699,30701,30695,30697.25,104
1790207040,30696.5,30697.25,30688.25,30693.25,292
1790207100,30692,30695.75,30691,30695.75,60
1790207160,30695.75,30698.5,30693.25,30697,87
1790207220,30695.75,30698,30693.5,30697.25,32
1790207280,30697.25,30702,30697.25,30699.5,74
1790207340,30699.5,30705,30698.25,30702,108
1790207400,30703,30704.25,30701.5,30703.75,40
1790207460,30704,30708,30697.75,30700,118
1790207520,30701.5,30701.75,30696.75,30697.75,36
1790207580,30697.25,30703,30697.25,30703,28
1790207640,30702.75,30704.75,30702.25,30704.5,56
1790207700,30704.75,30709.25,30702.75,30704.25,100
1790207760,30704.75,30706,30701.5,30705,52
1790207820,30704.25,30705,30699.5,30701.75,24
1790207880,30702.25,30705.25,30699.5,30704,38
1790207940,30704,30708,30703.25,30707,41
1790208000,30706.75,30706.75,30693.25,30694,155
1790208060,30696.75,30696.75,30686.5,30690.25,109
1790208120,30690.75,30690.75,30685,30687.25,174
1790208180,30686.75,30686.75,30656,30669.25,1428
1790208240,30669.5,30673.5,30660,30664.25,649
1790208300,30666,30673,30664.75,30667,155
1790208360,30666.25,30671,30663.75,30670,105
1790208420,30669,30669.75,30661.25,30662,91
1790208480,30661,30663.5,30657.75,30661,83
1790208540,30660.5,30669.25,30660.5,30665.25,114
1790208600,30665,30666.25,30663.5,30665.5,57
1790208660,30663.75,30668.75,30663.25,30667.25,44
1790208720,30666.75,30668.5,30662.5,30662.75,77
1790208780,30660.25,30661.5,30653,30655.75,185
1790208840,30654.75,30660.5,30654.5,30659,74
1790208900,30657.75,30658.75,30651.5,30658,151
1790208960,30658,30667,30658,30664.75,158
1790209020,30664.75,30665.75,30656,30656.5,124
1790209080,30655.75,30660.5,30651.25,30652.75,272
1790209140,30653.25,30657.25,30652.25,30656.75,112
1790209200,30656.25,30664.25,30654.25,30662,106
1790209260,30661.5,30663,30659.5,30660.5,40
1790209320,30661.5,30670,30661,30667.75,96
1790209380,30668.25,30668.75,30658.75,30659.5,86
1790209440,30658.25,30662.5,30656.75,30659,79
1790209500,30658.25,30662,30658.25,30661,25
1790209560,30662,30665.5,30654.75,30659.75,99
1790209620,30661.25,30661.5,30660,30660.25,14
1790209680,30661,30668.75,30660,30666.5,64
1790209740,30667.75,30677,30666.75,30676,146
1790209800,30675.5,30679.25,30673.25,30677,95
1790209860,30675.75,30682.75,30675.75,30681,80
1790209920,30681.5,30688,30680.25,30684.5,120
1790209980,30683.75,30692.75,30683.75,30692.25,120
1790210040,30692.5,30696.5,30689.5,30694,103
1790210100,30694,30695,30691.25,30693.5,54
1790210160,30694.75,30695.75,30690,30692.75,60
1790210220,30693,30693.5,30691.5,30692,35
1790210280,30693,30700,30691.75,30698,165
1790210340,30697.75,30698,30692.75,30693.25,57
1790210400,30693.5,30693.75,30687.75,30692.75,104
1790210460,30692.75,30693,30690,30691.25,20
1790210520,30692,30692,30682.5,30683.5,168
1790210580,30683.75,30683.75,30677.25,30681.25,133
1790210640,30681.75,30683,30678.75,30681.75,146
1790210700,30682,30682,30674.75,30677.25,122
1790210760,30676.5,30680.75,30675.5,30678.75,58
1790210820,30677.25,30678,30674.75,30674.75,32
1790210880,30676.25,30676.5,30673.75,30675,53
1790210940,30676.5,30680,30675.5,30680,81
1790211000,30680,30680.5,30675.5,30678.5,36
1790211060,30678.75,30678.75,30674.75,30675.5,25
1790211120,30674.75,30680,30674.75,30678.5,31
1790211180,30678.25,30680,30676.5,30680,30
1790211240,30680.5,30681,30675.25,30677.75,45
1790211300,30678.75,30682.75,30678.75,30680.25,73
1790211360,30681.25,30688,30680,30688,120
1790211420,30687,30688,30683.75,30686.25,112
1790211480,30685.5,30685.5,30680,30680.5,39
1790211540,30681.25,30689.25,30680.5,30687,111
1790211600,30685.75,30696.25,30685.75,30695.25,149
1790211660,30695.25,30699.75,30694.75,30699.25,84
1790211720,30698.25,30704.25,30697,30704.25,245
1790211780,30703.75,30706,30698.25,30706,85
1790211840,30707,30707.25,30702.5,30703.5,62
1790211900,30703.75,30705,30702.5,30704,35
1790211960,30704,30704,30699,30702,111
1790212020,30703,30716,30702,30711,190
1790212080,30710.75,30715.75,30704.5,30704.75,144
1790212140,30703.25,30704.75,30701.25,30703.5,61
1790212200,30703.5,30703.5,30698,30698,90
1790212260,30698.5,30699,30693.25,30693.5,43
1790212320,30693.75,30695.25,30691,30695,40
1790212380,30694,30695.25,30688.25,30690.25,95
1790212440,30690.5,30692.75,30690.25,30692.75,34
1790212500,30691,30696.75,30691,30691.5,96
1790212560,30691.25,30692.25,30687,30692,91
1790212620,30690.5,30694.5,30690.5,30694,35
1790212680,30693.75,30694.75,30691.75,30693.75,37
1790212740,30694,30697.25,30693,30696.75,41
1790212800,30695.5,30698.25,30693,30694.25,60
1790212860,30693.75,30693.75,30679.75,30679.75,192
1790212920,30680.75,30686.5,30679.75,30686.25,55
1790212980,30685.5,30688,30683,30687.25,40
1790213040,30686.25,30687,30683.75,30685.5,37
1790213100,30685.5,30691.75,30683.75,30687.5,107
1790213160,30688,30694,30687.25,30688.25,81
1790213220,30689.25,30691.25,30687,30690.75,74
1790213280,30690.5,30704.25,30690.5,30702.25,200
1790213340,30702.25,30708,30698.75,30707.25,167
1790213400,30706.5,30710.5,30700.75,30706,98
1790213460,30704.75,30704.75,30701.75,30703.5,28
1790213520,30703,30705.75,30702.25,30705.25,29
1790213580,30705.75,30708.75,30700.5,30700.5,48
1790213640,30700.25,30701.75,30695.25,30698,103
1790213700,30698,30700,30691.25,30691.25,75
1790213760,30691.5,30694.5,30689.5,30690.75,128
1790213820,30692,30693.5,30689.5,30692.25,39
1790213880,30690.25,30692,30687.75,30691.75,52
1790213940,30690.75,30690.75,30685.5,30689,99
1790214000,30690,30698.5,30689,30694,137
1790214060,30694.25,30694.75,30686.5,30688.25,56
1790214120,30689.25,30690,30682,30683.25,102
1790214180,30683,30684.25,30679.75,30681.25,59
1790214240,30680.5,30681.75,30669.5,30671,255
1790214300,30670.25,30670.25,30657.5,30666.25,267
1790214360,30667.75,30670.5,30667.25,30668.25,65
1790214420,30668.5,30668.5,30663.75,30663.75,52
1790214480,30664.75,30666.25,30659.5,30662.25,106
1790214540,30661,30662,30658.5,30660,40
1790214600,30660,30660.5,30655.75,30657.75,62
1790214660,30658.25,30663,30658,30661.25,73
1790214720,30660.75,30669.5,30660,30669.25,119
1790214780,30669,30670,30656.75,30657.5,130
1790214840,30657.75,30661,30655,30657.75,83
1790214900,30657,30657,30646,30647,283
1790214960,30647,30647.25,30629.5,30630.5,920
1790215020,30630.5,30632.25,30619.5,30623.5,665
1790215080,30624,30625.25,30613.25,30616.25,395
1790215140,30617,30617.75,30607,30608.75,500
1790215200,30607.75,30610.75,30596,30599.5,541
1790215260,30598.25,30602.5,30580,30585.5,479
1790215320,30585,30593,30573.5,30576.75,513
1790215380,30575.25,30582,30572,30581.75,344
1790215440,30582.25,30588,30572,30576,360
1790215500,30575.25,30578,30568.25,30576,686
1790215560,30574.75,30581.25,30564.5,30577.5,851
1790215620,30578,30606.5,30577.75,30606.5,391
1790215680,30605.25,30615,30604.25,30607,416
1790215740,30606,30610.5,30597.25,30610.5,206
1790215800,30612,30615,30600,30614.25,225
1790215860,30614.5,30622.5,30603.75,30617.75,230
1790215920,30617.75,30628,30615.5,30624.5,246
1790215980,30624.75,30625,30613.75,30622.75,183
1790216040,30622,30625.5,30616.25,30618.75,115
1790216100,30619.75,30629.25,30612.5,30615.75,267
1790216160,30616.25,30619.5,30611,30618,149
1790216220,30617.5,30629.75,30610.75,30627,228
1790216280,30626.5,30631.25,30621.25,30630,158
1790216340,30629.75,30630,30613.25,30613.25,164
1790216400,30612.75,30613.75,30590.75,30591.25,318
1790216460,30593,30596.75,30589.5,30590.75,170
1790216520,30590,30594.5,30588.25,30589.75,123
1790216580,30588,30592.25,30583.5,30585,150
1790216640,30585.5,30603.5,30583,30599.75,266
1790216700,30599.25,30608,30598,30601.75,140
1790216760,30603.75,30605.25,30599,30603.5,75
1790216820,30603.75,30604.25,30598.25,30599.25,54
1790216880,30599,30606.5,30594.75,30595.5,164
1790216940,30595.25,30605,30589,30601.5,229
1790217000,30599.75,30599.75,30587,30592.5,145
1790217060,30592.25,30595.5,30589.5,30593.25,89
1790217120,30592.25,30597.75,30588.5,30588.75,76
1790217180,30589,30589.75,30580.75,30582.25,127
1790217240,30582,30584.25,30577.5,30584,120
1790217300,30582,30586,30579,30582.5,105
1790217360,30582,30585.75,30577,30578.25,136
1790217420,30576.5,30576.5,30567,30573.5,246
1790217480,30572.75,30573,30567.75,30572.25,167
1790217540,30570.25,30573.75,30569.75,30571.75,95
1790217600,30572.25,30578.5,30563.5,30567,275
1790217660,30568.5,30573,30562.5,30571,176
1790217720,30571,30581.75,30567.75,30576,202
1790217780,30576.75,30589.75,30576.25,30589.75,229
1790217840,30588,30592.5,30577.75,30579.25,149
1790217900,30578.25,30588,30577.25,30585.75,82
1790217960,30586.75,30586.75,30577,30577.5,93
1790218020,30577.25,30583,30575,30577,71
1790218080,30577,30578.5,30572.5,30577.5,89
1790218140,30577,30586.25,30577,30579.5,73
1790218200,30579.25,30582.75,30573.5,30573.5,95
1790218260,30575,30576,30568.75,30569.75,103
1790218320,30570.5,30570.75,30554.5,30557.5,655
1790218380,30556.75,30559.25,30555.25,30557.75,127
1790218440,30558,30567.75,30553.5,30555,142
1790218500,30554.75,30556.5,30545.5,30555,570
1790218560,30553.5,30557,30551,30555.5,87
1790218620,30556,30557.5,30547.5,30552.5,152
1790218680,30553,30558,30544.25,30545.5,191
1790218740,30546,30546,30535.25,30541.75,374
1790218800,30541.5,30545.75,30523.75,30537.5,822
1790218860,30538,30559.25,30538,30544,383
1790218920,30543,30545.5,30521.5,30524,346
1790218980,30524.25,30537.5,30512.75,30531.25,697
1790219040,30531.25,30544,30521,30537.75,714
1790219100,30539.5,30551.75,30526.5,30549,282
1790219160,30546,30570.5,30542.75,30569.75,360
1790219220,30569,30577.75,30561.25,30575.5,299
1790219280,30577,30589.75,30576.5,30582.75,318
1790219340,30582.5,30588,30581.75,30584.75,118
1790219400,30586.75,30594.25,30583.25,30591.75,166
1790219460,30590.25,30592.25,30582,30585.75,208
1790219520,30584.25,30587.25,30575.25,30581,199
1790219580,30580.25,30587,30576.75,30586,210
1790219640,30585.5,30595.5,30585.5,30594.75,135
1790219700,30593.75,30604,30582.5,30585,318
1790219760,30585.5,30590.75,30584,30584,87
1790219820,30584.25,30590.75,30580.5,30580.5,120
1790219880,30581.25,30594,30577,30592,175
1790219940,30592.5,30598.5,30590,30597.25,89
1790220000,30596.75,30598,30588.5,30592.25,138
1790220060,30590.25,30595,30582.5,30584.5,92
1790220120,30584.5,30589.25,30583.25,30587,76
1790220180,30587.5,30592.5,30583.5,30589.75,63
1790220240,30590.5,30591,30582,30583.5,63
1790220300,30583.25,30589.5,30581.5,30583.5,99
1790220360,30582.25,30590.5,30574.75,30588,178
1790220420,30587.75,30596.5,30587.5,30593.25,185
1790220480,30592,30598.25,30588.25,30592.25,158
1790220540,30591.5,30608,30591,30606.25,207
1790220600,30606.75,30616,30601.75,30607.5,482
1790220660,30608.25,30614.25,30601.75,30604.5,298
1790220720,30605,30609.25,30601.5,30606.25,94
1790220780,30602,30620.25,30601.25,30618,171
1790220840,30618.75,30618.75,30606.75,30607.5,110
1790220900,30611.25,30616.75,30606,30616.25,89
1790220960,30616.75,30629.25,30614.75,30629,237
1790221020,30629.75,30632.5,30626.25,30629.25,232
1790221080,30629,30631,30622,30624.75,152
1790221140,30625,30626.25,30618,30622.25,99
1790221200,30621,30624.25,30618,30620,84
1790221260,30619.5,30622.5,30615,30616.5,75
1790221320,30617,30617.25,30611.75,30615.5,65
1790221380,30613,30618.25,30612,30617.75,58
1790221440,30619,30627.25,30618,30624,68
1790221500,30620.25,30623.5,30617.75,30619,64
1790221560,30621,30622.75,30616.25,30618.75,75
1790221620,30618.5,30618.5,30608.5,30609,111
1790221680,30612.25,30612.75,30606,30608.25,53
1790221740,30608.5,30610.5,30604.25,30606.75,35
1790221800,30606.75,30606.75,30597,30603.75,141
1790221860,30603,30610.25,30601.75,30609.5,102
1790221920,30607,30610,30602,30602,47
1790221980,30601,30601.5,30594,30597,108
1790222040,30599,30601,30596.25,30600,75
1790222100,30598.25,30598.25,30576,30581.5,254
1790222160,30580.25,30580.25,30565,30570,219
1790222220,30569.25,30572,30563.25,30564.25,104
1790222280,30564.75,30566.5,30562.25,30563.5,98
1790222340,30563.5,30566.75,30559,30559.5,142
1790222400,30559.25,30577.75,30551.5,30571.25,431
1790222460,30571,30590,30559.5,30587.25,398
1790222520,30586.75,30586.75,30557.5,30559.75,347
1790222580,30560.25,30566,30547.5,30559.5,280
1790222640,30559.75,30560,30533,30543.75,315
1790222700,30547.25,30551.25,30535,30538.25,187
1790222760,30537,30541.75,30532.75,30540.75,237
1790222820,30540,30544.5,30535,30536.75,178
1790222880,30536.75,30542,30528.5,30528.75,186
1790222940,30528.75,30537,30525,30532.25,225
1790223000,30531,30531.25,30514.75,30517.25,292
1790223060,30516,30516.25,30496.75,30506.75,549
1790223120,30507.5,30511.25,30493.5,30498.75,377
1790223180,30498.5,30501.25,30482,30483.25,461
1790223240,30486,30491,30479.5,30487.5,358
1790223300,30487,30495.25,30479.75,30479.75,352
1790223360,30479.5,30497.5,30479,30494.5,303
1790223420,30494.5,30511.25,30489.75,30503,485
1790223480,30502,30503.75,30486,30491.25,249
1790223540,30493.75,30501.25,30486.5,30491.5,176
1790223600,30490.5,30490.5,30477,30480.25,347
1790223660,30481,30483.25,30472.5,30476.25,320
1790223720,30475.5,30487.5,30474.5,30481.75,322
1790223780,30483,30487.75,30477.5,30477.75,189
1790223840,30479,30491,30472.5,30483,313
1790223900,30483.25,30493.25,30477.25,30477.75,259
1790223960,30477,30478.25,30457.5,30463.5,505
1790224020,30462.5,30464,30454,30460.5,410
1790224080,30459.75,30461.5,30453.25,30455,253
1790224140,30455.25,30466.25,30453.5,30455.25,258
1790224200,30457.5,30468,30453.5,30463.25,290
1790224260,30463.5,30484,30463.5,30484,490
1790224320,30483.75,30492,30477.5,30491.25,461
1790224380,30491.25,30497.5,30481,30483,384
1790224440,30484,30484.25,30447.25,30451,918
1790224500,30451.5,30452.5,30441.75,30446.75,476
1790224560,30446,30446.5,30435.75,30436.75,409
1790224620,30436.75,30444.75,30431.25,30440.75,354
1790224680,30441,30448,30436,30443.25,386
1790224740,30442.75,30453.25,30439.25,30449.75,310
1790224800,30450.5,30452,30436.25,30438.25,221
1790224860,30437.25,30440,30431.25,30434.5,216
1790224920,30433.75,30451.25,30430.75,30449,271
1790224980,30448.25,30458,30446,30455.75,318
1790225040,30454.75,30454.75,30438.75,30445.75,187
1790225100,30449.25,30456.5,30436.25,30443,330
1790225160,30443.5,30449.25,30439,30443.25,142
1790225220,30440,30440.75,30430,30435,228
1790225280,30436,30436,30422.25,30423.75,498
1790225340,30423,30426.5,30412.25,30415,448
1790225400,30413.75,30416,30407.25,30412.5,468
1790225460,30412.25,30434.75,30411.75,30434.5,438
1790225520,30432.75,30434.5,30425.25,30430.25,195
1790225580,30431,30434.25,30419.5,30424.75,206
1790225640,30423.75,30428.25,30417.25,30422.5,163
1790225700,30422.75,30430,30417,30425.5,184
1790225760,30426.25,30427.75,30420.75,30422.25,115
1790225820,30421.5,30431.5,30420,30428.5,203
1790225880,30427.75,30435.5,30425.75,30429.5,237
1790225940,30432.25,30433.25,30425.25,30433.25,165
1790226000,30433.5,30440.5,30426,30435.75,306
1790226060,30436.25,30454.25,30435,30447.25,399
1790226120,30446.75,30448.75,30440.5,30443,173
1790226180,30442.5,30448,30439.25,30443.25,198
1790226240,30442.75,30446.25,30433.25,30438.75,224
1790226300,30440,30448.75,30433.25,30437.5,293
1790226360,30436.75,30439,30426.75,30439,207
1790226420,30440.25,30444,30438.25,30442,310
1790226480,30442.5,30455.5,30439.25,30449.5,462
1790226540,30450.5,30452.5,30437.5,30438.5,301
1790226600,30438.25,30447.75,30437.25,30443,107
1790226660,30442.25,30444.75,30429.25,30432.5,199
1790226720,30431.25,30432,30419.25,30421.5,237
1790226780,30418.5,30432,30417.75,30430,156
1790226840,30430.25,30433,30426.5,30431.5,114
1790226900,30431.25,30436.25,30427.5,30435.25,123
1790226960,30433.25,30436,30426.75,30428.75,89
1790227020,30428.5,30441,30426.25,30429.5,134
1790227080,30428.75,30438.5,30422.75,30438.5,91
1790227140,30437.5,30444.5,30433.75,30441.75,148
1790227200,30441.75,30452,30440.5,30451.75,163
1790227260,30450.75,30451.75,30441,30441.25,168
1790227320,30441.75,30444.75,30434.75,30439.25,151
1790227380,30439,30452.75,30438.25,30450.5,118
1790227440,30451,30456,30447.75,30453.75,269
1790227500,30454.25,30464.5,30452.5,30461.5,279
1790227560,30460.75,30462.25,30447.75,30453,179
1790227620,30451.5,30451.5,30438.75,30440.5,172
1790227680,30440.75,30442.5,30437,30440.5,99
1790227740,30441,30444.5,30440.25,30441.75,67
1790227800,30442,30444.25,30432.75,30433.75,156
1790227860,30432,30439.25,30424,30434.75,174
1790227920,30435.75,30437.25,30428.5,30437.25,83
1790227980,30436.5,30436.75,30430,30430,102
1790228040,30430.25,30438.25,30427.25,30436.75,92
1790228100,30438.25,30442,30430.5,30433.5,92
1790228160,30431.5,30433.25,30422,30424.75,110
1790228220,30424.75,30425,30415.75,30416.75,210
1790228280,30416.25,30417,30405.75,30410.75,337
1790228340,30410,30419.25,30409.5,30411.5,163
1790228400,30412,30415.5,30405.25,30406.5,243
1790228460,30406,30406,30389.25,30394,605
1790228520,30392.75,30401.5,30388,30399.25,254
1790228580,30399,30400.25,30371.5,30379.25,915
1790228640,30378.75,30378.75,30370,30377.5,379
1790228700,30378,30381.75,30371.75,30377,319
1790228760,30377.25,30391,30375.25,30389.25,197
1790228820,30389.75,30401.25,30380,30391.75,256
1790228880,30390.75,30400.75,30388.5,30396,174
1790228940,30395.25,30408.75,30395.25,30407,181
1790229000,30406.25,30417,30405.25,30412,182
1790229060,30412,30415,30407,30412,239
1790229120,30412.25,30420.5,30408.75,30417.75,129
1790229180,30419.25,30421,30412,30414.75,93
1790229240,30413,30419.5,30402,30419,226
1790229300,30419.5,30432.75,30419.25,30429.5,252
1790229360,30429.25,30433.75,30426,30430.25,148
1790229420,30429,30429,30420.75,30421,69
1790229480,30420.75,30431.75,30420,30429.75,73
1790229540,30430,30438.5,30429.25,30436.5,168
1790229600,30434.75,30445.75,30431,30442,220
1790229660,30441.75,30448.75,30441.25,30447,211
1790229720,30448,30451,30438.75,30438.75,110
1790229780,30439.25,30443,30435.25,30435.75,103
1790229840,30437,30439,30425.5,30427.25,154
1790229900,30428.25,30430.5,30421.5,30424,155
1790229960,30424.25,30425.5,30416,30418.25,152
1790230020,30416.5,30424.5,30415.75,30423.25,98
1790230080,30423,30424.75,30420.75,30421.75,38
1790230140,30421.25,30426.75,30420,30422.75,75
1790230200,30423.25,30445.25,30421.25,30434.75,515
1790230260,30434.25,30444,30433.75,30434.25,189
1790230320,30434.25,30437.5,30429.5,30430.5,107
1790230380,30431,30436.5,30425.25,30426.5,123
1790230440,30425,30438.5,30423.75,30437,106
1790230500,30437.25,30443,30435.25,30442,108
1790230560,30443,30457,30440.75,30457,471
1790230620,30455.25,30460,30451,30452.25,191
1790230680,30452,30457.5,30438.25,30440.5,331
1790230740,30440.75,30448,30440.75,30444.5,77
1790230800,30444.5,30447,30441.75,30443.75,85
1790230860,30443.75,30447.75,30441,30444.5,116
1790230920,30443.25,30444.75,30436.25,30437.25,161
1790230980,30439.5,30444.5,30435,30435,71
1790231040,30433.5,30446.75,30418.5,30421.5,584
1790231100,30421.25,30427.5,30415,30423.5,285
1790231160,30423,30435.25,30420.5,30429.25,331
1790231220,30429,30432,30426.25,30428.25,128
1790231280,30427,30448.5,30421.25,30445.75,524
1790231340,30445.5,30449.25,30431,30432.75,353
1790231400,30432.5,30445.25,30420.75,30428.5,373
1790231460,30430.25,30441.5,30428.25,30438,190
1790231520,30439,30449,30439,30447.5,175
1790231580,30448,30454.75,30443,30445,87
1790231640,30443.5,30455.25,30443,30452,115
1790231700,30452,30461.25,30452,30458.25,139
1790231760,30457.25,30459.5,30450.5,30454.5,63
1790231820,30454.25,30461,30453.75,30460,121
1790231880,30460.25,30468.75,30457,30466.75,193
1790231940,30467.25,30480,30467.25,30475.75,447
1790232000,30475.75,30480.5,30472.75,30478.25,244
1790232060,30478.25,30481.25,30472,30477.5,227
1790232120,30476.25,30484.75,30476.25,30482,214
1790232180,30482.25,30483.25,30476.75,30479,154
1790232240,30479.75,30483.25,30477,30478.5,130
1790232300,30478.25,30478.75,30471.75,30476.5,199
1790232360,30475.5,30480,30474.75,30479.5,81
1790232420,30478.25,30483.25,30476.5,30476.5,100
1790232480,30476.25,30486.5,30473.5,30484.5,162
1790232540,30485.75,30522.25,30485,30519.25,1409
1790232600,30520,30523.75,30499.5,30505,602
1790232660,30505.75,30509.5,30495,30495,278
1790232720,30495.25,30496.25,30488,30494.5,244
1790232780,30494.25,30496.75,30491.25,30491.25,109
1790232840,30490.75,30494,30479.5,30480.75,222
1790232900,30479.75,30483.25,30473,30476.25,269
1790232960,30476.5,30480.75,30473.5,30479.25,122
1790233020,30479.5,30486.75,30478.25,30486.75,124
1790233080,30485.25,30493.25,30483.75,30488.75,194
1790233140,30488.5,30491.5,30485,30488.75,118
1790233200,30487.75,30503.75,30485.25,30490.75,420
1790233260,30492,30492,30479,30486,214
1790233320,30486.25,30492.5,30485.75,30488.75,106
1790233380,30487.25,30490.25,30482.25,30487.25,93
1790233440,30486.5,30488,30481.25,30482,108
1790233500,30481.25,30481.25,30474.75,30480.25,159
1790233560,30480.75,30484.25,30479.5,30484.25,82
1790233620,30482.5,30487,30476.5,30477.25,159
1790233680,30479,30481.75,30464,30466.75,341
1790233740,30466.75,30477.75,30465,30471.75,165
1790233800,30472.5,30477.25,30470.25,30474.25,73
1790233860,30474,30474.75,30464.5,30466.25,83
1790233920,30465.75,30466.25,30460.25,30461.5,106
1790233980,30461,30472.5,30456.5,30468,148
1790234040,30472.75,30491,30472.75,30488.25,394
1790234100,30488.75,30510,30479,30508,634
1790234160,30506.5,30512.75,30495.5,30502.25,282
1790234220,30503.5,30506.75,30488.5,30489.25,460
1790234280,30490.5,30492.75,30480.25,30483.25,267
1790234340,30482.75,30488.5,30482.5,30484,137
1790234400,30483.75,30495.75,30482.75,30489,173
1790234460,30489.25,30489.25,30476.5,30478,162
1790234520,30477.25,30494,30476.25,30490.75,142
1790234580,30491.75,30496.5,30490.5,30494.75,111
1790234640,30494.25,30498.75,30488.75,30494,228
1790234700,30495,30495.25,30480.75,30482.25,97
1790234760,30481.25,30487,30480,30486,62
1790234820,30485,30485.25,30472.75,30474.75,135
1790234880,30475.75,30478.75,30472,30473.5,64
1790234940,30473.25,30475.5,30471,30471.75,114
1790235000,30471.5,30494,30471.5,30487.5,301
1790235060,30486.5,30501,30484.5,30492.5,114
1790235120,30491.75,30492.5,30481.25,30481.75,101
1790235180,30483,30485.75,30476,30479.25,99
1790235240,30479,30482.25,30470.5,30470.75,126
1790235300,30470.75,30470.75,30450.25,30465.75,429
1790235360,30466.75,30466.75,30458.5,30462,72
1790235420,30462.75,30466,30451.25,30452.25,140
1790235480,30453,30454.25,30447,30447,239
1790235540,30448,30451.75,30447.75,30450.25,83
1790235600,30451,30451.25,30444.75,30446,84
1790235660,30444.75,30451,30444.75,30451,78
1790235720,30451,30452,30445.75,30447.25,74
1790235780,30446.25,30448.25,30441.25,30447.25,186
1790235840,30447.75,30452,30446,30451.75,81
1790235900,30452,30452.25,30444,30446.5,153
1790235960,30446.75,30448,30440,30441.5,179
1790236020,30441,30449,30438.5,30444,116
1790236080,30444.75,30444.75,30432.75,30435.75,239
1790236140,30434.25,30434.75,30428,30429,223
1790236200,30429.25,30439.75,30429.25,30436.75,142
1790236260,30435.25,30440.5,30432,30440.5,143
1790236320,30438.5,30442.25,30432.75,30437,77
1790236380,30436.25,30439.25,30432.5,30437,71
1790236440,30437.25,30446.25,30435.5,30444.75,207
1790236500,30445,30449.75,30440.25,30445.75,168
1790236560,30445.75,30446.5,30432.25,30436,107
1790236620,30436.5,30447.5,30434.5,30447.25,124
1790236680,30447,30461.25,30447,30460.25,298
1790236740,30460,30474.75,30458.25,30462.75,785
1790236800,30462.5,30468.25,30452.5,30453.75,521
1790236860,30454,30456.25,30420.25,30432.25,445
1790236920,30432,30460.25,30429,30452.75,557
1790236980,30454,30456.75,30434.5,30436.5,241
1790237040,30436.5,30448.25,30434.25,30438.5,133
1790237100,30438.5,30446,30438,30445.75,97
1790237160,30447.25,30450,30442.5,30448.25,161
1790237220,30449,30460,30446.75,30453.5,212
1790237280,30454.75,30463,30452.5,30461.75,158
1790237340,30461,30461.75,30455.5,30457.25,64
1790237400,30456.5,30465.75,30456.5,30465.5,216
1790237460,30465.5,30468,30461.25,30462,165
1790237520,30462.25,30474.25,30462.25,30468.75,188
1790237580,30469,30469.5,30465.5,30466.25,116
1790237640,30465.5,30487.25,30464.75,30482,437
1790237700,30482,30485.75,30478.25,30484.75,169
1790237760,30485.5,30491,30478.75,30486,201
1790237820,30486.75,30501,30486.75,30495.25,251
1790237880,30497.75,30499.75,30489.75,30492.25,167
1790237940,30492.25,30499.5,30488.75,30495.5,162
1790238000,30496.25,30509.5,30496.25,30500.5,366
1790238060,30499.75,30505.75,30497.5,30498.5,169
1790238120,30497.5,30504,30495.75,30499.75,178
1790238180,30500.5,30500.75,30490,30494,228
1790238240,30494.5,30505,30488.5,30502.25,317
1790238300,30500.25,30504.5,30457.25,30486,1986
1790238360,30485.25,30486,30458,30463.5,571
1790238420,30462.75,30477.75,30454.75,30468,683
1790238480,30467.25,30475.5,30467.25,30475.25,89
1790238540,30474.5,30476.75,30470.75,30471.75,129
1790238600,30473,30482.5,30465,30476.25,551
1790238660,30475.5,30476.5,30455,30455.5,329
1790238720,30458,30461.25,30452.25,30452.75,256
1790238780,30452,30457.5,30441,30446,561
1790238840,30446,30451,30436,30437.25,323
1790238900,30437.5,30441.25,30429,30430,356
1790238960,30431.25,30436.75,30427.75,30431.25,469
1790239020,30431.25,30440.25,30425.5,30427,446
1790239080,30427.25,30428.25,30420.25,30427.25,377
1790239140,30427.25,30437.25,30427.25,30436.75,287
1790239200,30435.75,30451.75,30435.25,30441.25,470
1790239260,30441.25,30464.25,30439,30462.75,446
1790239320,30463.5,30478.75,30463.5,30463.5,576
1790239380,30464,30473,30461.25,30472.5,227
1790239440,30471.75,30478.75,30470,30473,289
1790239500,30472.5,30480,30469.25,30470.25,325
1790239560,30469.75,30470.25,30463.25,30467.5,327
1790239620,30467.25,30471.25,30462.5,30468,209
1790239680,30468.25,30481,30463.5,30480.25,294
1790239740,30480.25,30481,30470.25,30475.75,151
1790239800,30474,30474.25,30458.25,30461.75,237
1790239860,30462.25,30471.5,30462.25,30466.25,161
1790239920,30466,30474.5,30463,30472.25,167
1790239980,30471.25,30474.25,30463.75,30464.75,115
1790240040,30464.75,30483.75,30464,30482,431
1790240100,30482,30488.25,30479.75,30488,303
1790240160,30488,30497.5,30475,30476.25,428
1790240220,30475.5,30491.75,30474.75,30491,426
1790240280,30491,30491.5,30484.25,30485.75,141
1790240340,30485,30488.25,30479.75,30485.25,372
1790240400,30486.5,30495.75,30485,30495.75,407
1790240460,30496,30501.5,30495,30496,342
1790240520,30495.75,30511,30495,30509.25,738
1790240580,30509.25,30509.75,30498,30498.25,823
1790240640,30499,30504.5,30495,30498.75,372
1790240700,30498.5,30499.75,30484.25,30491.5,412
1790240760,30491.75,30498.75,30489.5,30493,215
1790240820,30493,30498,30490.75,30492.25,123
1790240880,30490.75,30499.25,30487.5,30493.5,145
1790240940,30492.5,30502.25,30491.5,30501.25,165
1790241000,30501.75,30508,30500.5,30504.75,236
1790241060,30505.25,30518.25,30504.75,30516.75,415
1790241120,30516.5,30519.5,30507.75,30508.75,320
1790241180,30509.25,30514.75,30507.75,30510.75,241
1790241240,30511.5,30513.75,30507.75,30510,119
1790241300,30509.5,30512.25,30504,30505.75,279
1790241360,30506.75,30512.25,30502.25,30510.5,237
1790241420,30511.5,30520.75,30511.5,30518,238
1790241480,30518.25,30522.5,30512.75,30521,321
1790241540,30520.5,30521,30513,30519,164
1790241600,30518,30520,30511.5,30513.75,196
1790241660,30513.5,30513.75,30505.5,30506.25,279
1790241720,30505.75,30512.5,30503.75,30511.25,199
1790241780,30511.25,30511.25,30505.5,30510,180
1790241840,30509,30512.75,30507.75,30510.5,180
1790241900,30510,30515.25,30499.5,30512.5,646
1790241960,30513.25,30519.25,30512,30513,389
1790242020,30512.75,30526.5,30507.5,30526,835
1790242080,30525.25,30525.25,30514,30518.5,798
1790242140,30519.5,30522.5,30515.5,30519.25,868
1790242200,30519,30532.5,30493.25,30516,6695
1790242260,30515.75,30524.25,30497.5,30523.5,4082
1790242320,30524,30544.75,30502.75,30506,4526
1790242380,30506.5,30533.25,30502.25,30525.75,2979
1790242440,30524.75,30551.25,30519.5,30540,2792
1790242500,30540.5,30566.5,30536,30561.5,3757
1790242560,30561.5,30593.25,30561.5,30580.5,3369
1790242620,30580.75,30587.5,30564,30586,2255
1790242680,30586.25,30606.5,30583.25,30604.5,2922
1790242740,30604.75,30605.75,30590.75,30596,1927
1790242800,30595.25,30597.75,30577,30590.5,2391
1790242860,30590.5,30597,30562.5,30564.75,2361
1790242920,30565.75,30582.5,30558,30564.5,2209
1790242980,30565,30578.25,30562.25,30575.25,1648
1790243040,30574.25,30586.75,30569.25,30583.25,1841
1790243100,30583.5,30597.75,30569.25,30592.25,2837
1790243160,30592.25,30608.25,30585.75,30603.75,2146
1790243220,30604,30622.75,30602,30615.75,2682
1790243280,30615.75,30616.75,30582,30584.75,2754
1790243340,30585,30586.75,30566.75,30576.25,2381
1790243400,30576.5,30586,30565.5,30574.75,2009
1790243460,30575.75,30589.75,30562.25,30564.75,1667
1790243520,30564.25,30587.25,30561.25,30575.5,1631
1790243580,30574.75,30578,30558.25,30559,1699
1790243640,30559,30562.75,30535.25,30545.25,2364
1790243700,30544.75,30562.75,30543,30545.75,1964
1790243760,30545.25,30552.25,30531.75,30549.25,1521
1790243820,30549,30559.25,30546.5,30553,1161
1790243880,30552.75,30566.75,30545.5,30560,1163
1790243940,30560,30583,30557.5,30578.75,1538
1790244000,30579,30608,30570.25,30596.25,2513
1790244060,30596.25,30609.75,30581,30583.25,1754
1790244120,30584.25,30596.5,30579.5,30589.5,1135
1790244180,30590.5,30600.75,30585.5,30600.5,1050
1790244240,30600,30611.5,30595,30606.75,1457
1790244300,30607,30611,30599,30604.75,1001
1790244360,30605,30606.75,30591.25,30597.5,1102
1790244420,30598,30616.75,30595,30612.25,1212
1790244480,30613,30613,30597.5,30599.5,903
1790244540,30599.25,30608.5,30597.75,30599,690
1790244600,30599.5,30600,30578.5,30594.5,1761
1790244660,30594,30594.75,30569.5,30573.75,1223
1790244720,30574,30577.5,30565,30570.25,1033
1790244780,30570.25,30583.25,30567.5,30580.5,1020
1790244840,30580.25,30588.5,30578.75,30586.25,896
1790244900,30586,30595.75,30569.75,30572,1604
1790244960,30571.25,30582,30566.25,30581,952
1790245020,30580.25,30586.5,30562.5,30575.5,1539
1790245080,30575.5,30598.75,30573.25,30595.5,1647
1790245140,30595.5,30602,30589.25,30595.75,1180
1790245200,30596.5,30602,30590,30599.75,876
1790245260,30599,30607,30591.75,30592,991
1790245320,30592.25,30601.5,30590,30596,739
1790245380,30596,30617.75,30595.5,30609.25,1209
1790245440,30609.5,30613,30597.25,30601.5,836
1790245500,30601.75,30612.25,30595,30608.75,1049
1790245560,30608.75,30616.25,30607.5,30614.5,1065
1790245620,30613.5,30638.5,30609.25,30637.75,2317
1790245680,30637.25,30637.5,30626.5,30631.75,1316
1790245740,30631.75,30635.25,30619,30631,1410
1790245800,30630,30630.5,30602.75,30607.25,1619
1790245860,30607.25,30616,30604,30610.5,965
1790245920,30611,30623.5,30606,30612.25,1199
1790245980,30612.5,30627,30606,30620.75,1097
1790246040,30620.75,30632.25,30618.25,30631.5,871
1790246100,30630.5,30639.75,30619.25,30634.25,1049
1790246160,30634.25,30634.75,30607.25,30613.5,1304
1790246220,30614,30620.75,30606.75,30611,772
1790246280,30610.5,30617.75,30603.5,30605,715
1790246340,30606.25,30613.75,30598,30608.25,1166
1790246400,30607.75,30612.75,30602,30604.25,759
1790246460,30606,30607.5,30597,30597.5,671
1790246520,30598,30615.75,30596.5,30602.25,989
1790246580,30603,30603,30586.25,30587.25,1140
1790246640,30587.25,30588.75,30572,30578.75,1489
1790246700,30579.75,30582.75,30572.5,30575,1252
1790246760,30575,30585.5,30568.75,30585.5,1076
1790246820,30584.75,30607,30583.5,30603.25,1581
1790246880,30602.75,30605.5,30592,30593,752
1790246940,30593.25,30598.5,30587,30592.5,682
1790247000,30592.5,30614,30588.25,30589.5,2020
1790247060,30589,30594.5,30580.75,30586.5,1099
1790247120,30586.5,30591.75,30572.25,30573.75,1065
1790247180,30573.25,30574.75,30556.75,30572,1690
1790247240,30572,30573.75,30560,30564,855
1790247300,30565,30566.25,30544,30546,1440
1790247360,30546,30551.75,30544.5,30551,794
1790247420,30550.75,30552.75,30538.5,30545.75,997
1790247480,30545,30547.5,30532.75,30543.25,1382
1790247540,30543,30545,30532.5,30541.25,1023
1790247600,30542.25,30552.25,30539.25,30543.5,1724
1790247660,30544,30551.25,30543,30547.75,839
1790247720,30547.75,30568.75,30545.5,30550.25,1575
1790247780,30551.5,30563.5,30544,30561.75,1100
1790247840,30561.5,30572.75,30549.5,30553.75,1149
1790247900,30553.25,30558.5,30540.5,30543.75,1705
1790247960,30543.5,30552,30530.5,30534.5,1396
1790248020,30534.75,30535,30524,30529.5,1190
1790248080,30530.25,30538.75,30525.25,30534.5,987
1790248140,30534.5,30534.5,30514.75,30516.75,1113
1790248200,30516.5,30528,30515.75,30525.5,885
1790248260,30525,30530,30522.25,30529.25,774
1790248320,30529,30538.25,30518,30519.5,1302
1790248380,30519.5,30521.5,30505.5,30511.25,1524
1790248440,30511.5,30517.25,30504,30511.25,1201
1790248500,30510.75,30523.5,30505.5,30519.5,1478
1790248560,30519,30546.75,30517,30533.5,2683
1790248620,30534.25,30547.5,30528,30538.5,1193
1790248680,30539.5,30539.75,30516.5,30523.25,1001
1790248740,30524.5,30525,30512.75,30518.5,759
1790248800,30517.75,30520.5,30509.75,30515.25,935
1790248860,30514.5,30530.25,30514.5,30528.5,1070
1790248920,30528,30533,30522.5,30532.75,935
1790248980,30532.5,30546,30529.75,30543.75,1221
1790249040,30543.75,30557.75,30543,30554.5,1180
1790249100,30554.75,30555.5,30528,30532.25,1411
1790249160,30532.25,30533.75,30519.5,30521,989
1790249220,30521.5,30523.5,30514,30520.75,848
1790249280,30520,30522.25,30509.25,30510.5,774
1790249340,30510,30517.25,30506.75,30513.5,837
1790249400,30514.25,30518.25,30503.75,30506.5,948
1790249460,30506.75,30515.75,30506,30510.75,742
1790249520,30509.5,30520,30502.5,30517.25,1090
1790249580,30518,30522,30511.75,30519.5,543
1790249640,30519.75,30526.75,30517.5,30521,892
1790249700,30521.75,30537.25,30519.75,30530.75,1125
1790249760,30531.25,30542.75,30530,30535,1291
1790249820,30535.25,30542.25,30534.25,30540,720
1790249880,30540,30543.75,30530.5,30531.25,640
1790249940,30531,30531.5,30515.5,30526,1092
1790250000,30526,30530.25,30518.75,30519.5,636
1790250060,30519.25,30528.5,30518,30523.5,568
1790250120,30523,30525.25,30509.75,30516,710
1790250180,30515.75,30528.75,30513.75,30528.5,720
1790250240,30528,30540.5,30527.25,30537.25,875
1790250300,30537.75,30550,30537.5,30545,951
1790250360,30544.75,30544.75,30535,30537.75,778
1790250420,30538.25,30546.5,30526.75,30527.75,621
1790250480,30527.5,30532.25,30513.25,30514,888
1790250540,30514,30520,30506.75,30516.75,955
1790250600,30516.75,30546.25,30514.75,30545.25,1301
1790250660,30546,30553.25,30542.25,30550,1129
1790250720,30549.5,30562,30549.5,30559.5,1259
1790250780,30560,30568,30554.5,30556.75,1011
1790250840,30556.75,30567.75,30553.5,30566.75,1092
1790250900,30567,30569.5,30559,30559.25,734
1790250960,30558.75,30559,30546,30555,1432
1790251020,30554.75,30556,30546.75,30554,610
1790251080,30553.75,30561.75,30552.75,30559.75,695
1790251140,30560,30562.75,30553.25,30554.75,568
1790251200,30554,30556.75,30526.5,30528.75,1349
1790251260,30529.25,30539.25,30523.25,30532,846
1790251320,30531.5,30538.25,30527,30533.75,465
1790251380,30533.25,30534.25,30525.5,30532,405
1790251440,30530.75,30540,30527,30539.75,457
1790251500,30539,30542,30530.5,30541.75,603
1790251560,30541.5,30541.75,30524.75,30531.5,667
1790251620,30531.25,30532.5,30517.5,30523.5,717
1790251680,30523,30525.25,30518,30524,394
1790251740,30524.25,30525.75,30516.75,30522.75,367
1790251800,30522.5,30528,30520,30522,487
1790251860,30521.75,30522,30506.5,30509.5,764
1790251920,30510,30518.25,30509.25,30511.75,547
1790251980,30511.75,30523.75,30507.75,30522.75,603
1790252040,30522.5,30561.25,30521.5,30559,1399
1790252100,30559.75,30632,30556,30625,8140
1790252160,30625.5,30714,30617.75,30700,8538
1790252220,30699.25,30724.75,30680,30712.5,5489
1790252280,30711.75,30748,30693,30695.25,5496
1790252340,30694.5,30710,30664.75,30682.75,4059
1790252400,30682.5,30708.75,30677.75,30693.5,3257
1790252460,30693.25,30694.25,30671.5,30676.25,2115
1790252520,30677,30703.75,30676.25,30699.75,2031
1790252580,30700.5,30706.75,30682.5,30687,2538
1790252640,30687,30696.25,30676.75,30689,1405
1790252700,30689.5,30698.5,30653.75,30655.75,1880
1790252760,30656,30674.5,30653.75,30669.25,1476
1790252820,30669.75,30692,30651,30690.25,1685
1790252880,30690,30710,30688,30703.5,2094
1790252940,30703.25,30705.25,30693,30698,1071
1790253000,30696.75,30701.25,30689.25,30694.5,1098
1790253060,30695,30701.5,30673.75,30674,1196
1790253120,30674.25,30676.25,30661.25,30671,1134
1790253180,30671.5,30686.5,30668.75,30684,1111
1790253240,30682.25,30687.25,30671.75,30684.75,1038
1790253300,30685,30705.75,30681.25,30703.5,1182
1790253360,30703.75,30735,30703,30734.5,1734
1790253420,30734.25,30749,30733.75,30736.25,1743
1790253480,30736.25,30741.75,30731.75,30735.25,900
1790253540,30735.75,30747.5,30733.75,30746.5,928
1790253600,30746.5,30777.75,30737.75,30776.75,1782
1790253660,30777.25,30795.75,30776.75,30795.75,2136
1790253720,30795.25,30815,30795.25,30811,2048
1790253780,30811.5,30813.5,30784.25,30787.25,1889
1790253840,30787.5,30792,30744.75,30746.25,1836
1790253900,30746.75,30751.5,30725.75,30738,2403
1790253960,30738.25,30752.5,30733,30747.25,2001
1790254020,30747,30750.5,30733,30743,1609
1790254080,30744,30780.5,30744,30775.75,1815
1790254140,30776,30792.5,30769.75,30786,1437
1790254200,30786,30792.75,30774.5,30781.5,1548
1790254260,30782,30805.75,30781.25,30793.75,1588
1790254320,30793.5,30796.25,30762.75,30766.75,1361
1790254380,30767,30770.75,30749.75,30756,1185
1790254440,30756.5,30771.25,30751.5,30763,1075
1790254500,30762.75,30777.5,30759,30768.25,1057
1790254560,30768,30799,30765.25,30798.5,1205
1790254620,30798.25,30815.75,30796.25,30796.25,1508
1790254680,30797.25,30805.25,30794.75,30799.5,1108
1790254740,30800,30801.25,30790.5,30792.25,810
1790254800,30792.25,30792.25,30766,30772.75,1502
1790254860,30772.5,30795.75,30768.5,30785.75,1109
1790254920,30785.75,30788.25,30758.5,30788,1497
1790254980,30788.25,30818.5,30787,30805.5,2295
1790255040,30805.25,30808.5,30784.5,30807,2110
1790255100,30806.25,30827.5,30801.25,30805.75,2037
1790255160,30806.25,30815,30798.25,30803.25,1163
1790255220,30803.5,30813.75,30795.75,30796.75,855
1790255280,30796.25,30805.75,30789.75,30805,1071
1790255340,30804.25,30805.25,30791,30792.25,693
1790255400,30792.25,30792.75,30763.75,30772.75,2676
1790255460,30773.5,30777.25,30762,30772,1219
1790255520,30771.25,30775.75,30762.5,30765.25,864
1790255580,30765.25,30783.25,30757,30783.25,1099
1790255640,30782.5,30796,30780.5,30790.25,946
1790255700,30790,30793.25,30768.75,30772.75,988
1790255760,30772.25,30782.5,30769.25,30770.75,592
1790255820,30771,30780.25,30764.25,30764.75,618
1790255880,30765.5,30789,30765.5,30783,755
1790255940,30782,30782.5,30745.5,30747.25,1979
1790256000,30746.75,30748.25,30733.25,30746.25,1333
1790256060,30746.25,30753.75,30740,30745.5,874
1790256120,30745.75,30761,30744,30753.5,976
1790256180,30751.5,30759.25,30743.75,30751,744
1790256240,30749.75,30761,30733.75,30736.5,841
1790256300,30736.75,30740,30721.5,30722.75,1060
1790256360,30722.75,30727,30700.25,30706.75,1448
1790256420,30706.5,30718.25,30705,30714.75,985
1790256480,30715.5,30736.75,30714.5,30733.75,1284
1790256540,30733.25,30739.75,30730.75,30735.75,835
1790256600,30735,30754.5,30732.75,30750.75,1514
1790256660,30750,30760.75,30745.75,30752.5,867
1790256720,30752,30755.5,30740.25,30747.5,823
1790256780,30746.75,30746.75,30732,30738,844
1790256840,30738,30738.25,30717,30718.25,1004
1790256900,30717.75,30727.75,30714.25,30716.5,737
1790256960,30716,30726.5,30714,30720,594
1790257020,30719.25,30723.75,30707.75,30709.75,798
1790257080,30709.25,30713,30698,30706,779
1790257140,30706.5,30721.25,30705.75,30712.75,787
1790257200,30712.5,30724,30712.25,30715.25,715
1790257260,30714.5,30720,30702.75,30707.75,1142
1790257320,30709,30723.25,30706.5,30707.75,660
1790257380,30708,30708.75,30673.25,30679.75,1730
1790257440,30679.25,30685.5,30672.25,30673.25,984
1790257500,30673.25,30682.25,30665.75,30679.5,1343
1790257560,30680,30694.75,30678,30689.25,1001
1790257620,30689,30705.25,30686.25,30704.75,1095
1790257680,30703.75,30707,30690.5,30694.25,976
1790257740,30695,30708.25,30693.5,30701.75,751
1790257800,30701.5,30705.5,30694,30697.25,669
1790257860,30698.75,30703.75,30690.75,30692.25,521
1790257920,30692.25,30702,30683.25,30687.5,834
1790257980,30687.25,30694,30680.25,30681.25,813
1790258040,30681.5,30685.75,30670.75,30681.75,1345
1790258100,30682.5,30687.5,30672.75,30672.75,652
1790258160,30673,30704,30672.75,30696.75,1254
1790258220,30696.75,30697.25,30685,30691.25,894
1790258280,30690.75,30693.75,30681.5,30693.25,507
1790258340,30692.75,30705.5,30690.25,30696.75,807
1790258400,30697.5,30698.5,30685.25,30686,881
1790258460,30687,30688.5,30655,30664.75,1754
1790258520,30665,30665,30647,30650.75,1456
1790258580,30651,30651,30623.25,30633.75,2012
1790258640,30634.25,30643,30622,30627,1259
1790258700,30627,30642.75,30626.5,30638.75,1095
1790258760,30637.25,30662.5,30628,30657.25,1854
1790258820,30656.5,30668.25,30647.75,30657.5,1174
1790258880,30657.75,30690.75,30657.75,30679.75,1911
1790258940,30679.25,30690.75,30678.5,30683.5,720
1790259000,30683.5,30693,30678,30682,833
1790259060,30682,30705,30682,30693.5,1341
1790259120,30693.25,30694.75,30680.75,30682.25,683
1790259180,30682,30687.75,30677.5,30683.5,645
1790259240,30683.25,30697.75,30682,30695.75,690
1790259300,30695.5,30702.5,30689.75,30699.25,698
1790259360,30698.5,30719.75,30697.75,30713,1366
1790259420,30713.25,30721.25,30710.75,30720,944
1790259480,30720.5,30729.5,30709.25,30711.75,1262
1790259540,30711.5,30716,30706.5,30714,507
1790259600,30714,30718,30693.75,30697.5,934
1790259660,30696.75,30710.25,30696,30707.25,715
1790259720,30707.5,30712.5,30705.25,30705.75,492
1790259780,30706.25,30724,30704,30720,632
1790259840,30719.75,30719.75,30714.5,30717.5,341
1790259900,30716.5,30746.75,30715.25,30732.25,2406
1790259960,30732.25,30753,30732,30743.25,1520
1790260020,30743,30745.25,30736,30738.75,913
1790260080,30739,30748.5,30735.75,30741.5,774
1790260140,30741.5,30746.75,30736.75,30740.5,481
1790260200,30740.25,30746.5,30736,30740.75,601
1790260260,30740.5,30741.75,30722.5,30732.5,1008
1790260320,30733,30733,30717.25,30724,820
1790260380,30724.25,30732.75,30723.5,30726,424
1790260440,30727,30731,30717.75,30717.75,375
1790260500,30717.25,30719.5,30703.5,30707.25,812
1790260560,30706.5,30719.25,30705,30713.5,613
1790260620,30713.25,30721.75,30710.75,30715.5,653
1790260680,30715.25,30759.75,30715,30757.75,3359
1790260740,30759.5,30783.25,30745.75,30753,3193
1790260800,30752.5,30752.5,30730,30738,939
1790260860,30737.5,30743,30731,30740.25,575
1790260920,30740.25,30746.25,30727.5,30734.25,653
1790260980,30734,30735,30724.5,30735,467
1790261040,30734,30741,30730.75,30736.75,546
1790261100,30736.5,30750.75,30736,30744.75,569
1790261160,30745,30749,30741.75,30746.75,436
1790261220,30747,30750.25,30742.25,30744.5,283
1790261280,30744,30752.25,30741,30748,323
1790261340,30747.75,30750.25,30741.5,30747.5,332
1790261400,30746.75,30768.25,30744.25,30762.5,1240
1790261460,30762.75,30763,30750.25,30758.5,597
1790261520,30758,30776.5,30758,30771.5,760
1790261580,30771,30771,30763.25,30766.75,527
1790261640,30766.75,30768.75,30763.25,30765.75,332
1790261700,30766.5,30779.25,30765.5,30775.5,718
1790261760,30775.75,30788.25,30774.5,30785,672
1790261820,30785,30792.5,30783.75,30788.5,602
1790261880,30789.5,30791.75,30781.5,30788,658
1790261940,30788.25,30791.25,30776.5,30779.75,576
1790262000,30779.5,30784,30767.75,30774.25,1447
1790262060,30774.75,30775.75,30749.5,30757.75,2029
1790262120,30757.75,30761.25,30739.75,30742.25,1039
1790262180,30742.5,30744,30727.75,30728.25,805
1790262240,30728.5,30735,30726.5,30734.5,732
1790262300,30734.25,30743.75,30732.25,30743.75,709
1790262360,30743.25,30746.5,30737.25,30739,603
1790262420,30738,30746,30732.75,30742.5,396
1790262480,30743.25,30748.75,30739,30739.25,344
1790262540,30739.75,30742.25,30733.25,30738.75,450
1790262600,30738.5,30744.25,30726.75,30728.5,634
1790262660,30728.25,30733.25,30724,30729.5,608
1790262720,30729.75,30735,30726.25,30733.75,497
1790262780,30733.25,30742.5,30731.25,30738.25,575
1790262840,30737.5,30739.25,30725.5,30726.5,497
1790262900,30726.75,30742.25,30726.75,30739,1032
1790262960,30739.25,30754.75,30737.75,30753,720
1790263020,30754,30759.75,30750.5,30755.75,772
1790263080,30755,30768,30754.75,30763.25,789
1790263140,30763.75,30764.75,30752.25,30762,1470
1790263200,30761.75,30765.5,30755,30755.5,398
1790263260,30755.75,30761,30749.5,30761,454
1790263320,30760.5,30764,30757.75,30760,412
1790263380,30759,30760.5,30753.75,30760.5,242
1790263440,30760,30769,30759.5,30766.5,497
1790263500,30766.75,30772.5,30765.25,30766.25,482
1790263560,30766,30771,30762,30770,432
1790263620,30768.25,30769.25,30761.5,30761.5,325
1790263680,30761.75,30765.25,30757.25,30758.75,493
1790263740,30758,30759.5,30745.25,30750.75,666
1790263800,30749.75,30757.25,30747.5,30753.75,694
1790263860,30754,30764,30752.25,30764,524
1790263920,30764,30764.25,30747,30749.75,592
1790263980,30750.5,30756.75,30750.25,30756.5,335
1790264040,30756.5,30768.25,30754.5,30767.75,492
1790264100,30767.25,30768.75,30752.25,30757.25,501
1790264160,30757,30764.5,30757,30761.5,348
1790264220,30761.75,30761.75,30748.5,30751.75,359
1790264280,30752,30758,30749.5,30754.25,270
1790264340,30755.25,30764,30753.75,30763.25,459
1790264400,30763.25,30769.75,30756,30756.25,568
1790264460,30756.25,30762.75,30754.5,30761.75,382
1790264520,30761.75,30762.25,30753,30754,270
1790264580,30754,30759.5,30750.25,30756.25,354
1790264640,30756.75,30760.5,30750,30753,371
1790264700,30752.75,30759.25,30747.75,30753,587
1790264760,30753,30758.5,30751,30757.25,529
1790264820,30756.75,30762.25,30756,30756.75,329
1790264880,30757,30757.5,30749.75,30752.25,417
1790264940,30752,30755.75,30746.25,30747.5,710
1790265000,30747.25,30774.5,30747.25,30757.25,1886
1790265060,30757.25,30781.5,30755.25,30777.25,1161
1790265120,30777.5,30783.5,30774.25,30780.75,688
1790265180,30781,30791,30780.25,30782.75,1065
1790265240,30783.25,30785.25,30774,30779,1605
1790265300,30779.5,30780.5,30764.75,30776.25,1654
1790265360,30776.75,30783,30768.25,30770.75,767
1790265420,30771,30771.5,30765,30769,810
1790265480,30769.25,30776.5,30768,30768.5,1690
1790265540,30768.25,30777.5,30756.5,30756.75,7679
1790265600,30756.75,30762,30745.5,30746,2753
1790265660,30746,30746.25,30732.5,30733.25,1058
1790265720,30732.25,30734.5,30723.25,30726.5,659
1790265780,30726.75,30728.25,30722.75,30724.25,273
1790265840,30724.5,30728,30724.25,30727.75,227
1790265900,30728,30729.75,30725.25,30727.5,216
1790265960,30727.75,30729.25,30723.75,30728.25,212
1790266020,30728.75,30732.75,30726.25,30730.25,293
1790266080,30730.75,30733.75,30730,30731.75,149
1790266140,30731.5,30734.25,30727.75,30728.75,244
1790266200,30728.75,30730,30717.25,30718,414
1790266260,30717.75,30718.25,30710.5,30712.75,319
1790266320,30713,30717.25,30713,30715.5,190
1790266380,30715.5,30715.5,30705.75,30708,293
1790266440,30708.25,30712,30696.5,30698,532
1790266500,30698,30710,30692.25,30692.25,681
1790266560,30693.25,30698.5,30677.75,30681.75,495
1790266620,30682,30686.75,30674.5,30681,383
1790266680,30680.25,30685.5,30672,30679.75,502
1790266740,30679.25,30686,30676.75,30680.25,276
1790266800,30679.75,30682.5,30675.25,30676.25,186
1790266860,30675,30676.5,30670.75,30675,318
1790266920,30675.5,30679.5,30671,30673.5,167
1790266980,30674.25,30675.75,30671.75,30674.5,196
1790267040,30674.25,30680,30671.5,30673.5,200
1790267100,30672,30677.5,30665.5,30677.5,257
1790267160,30676.5,30680.5,30670,30672.5,195
1790267220,30673.25,30673.5,30668.5,30670.25,134
1790267280,30670,30674.75,30667.5,30668.75,147
1790267340,30669.25,30669.25,30662.25,30666.75,213
1790267400,30666.25,30672.5,30664,30671.5,198
1790267460,30671.75,30675.5,30668.5,30672.75,164
1790267520,30672.75,30678.5,30672.5,30674.25,125
1790267580,30675.5,30679.25,30674,30678.25,85
1790267640,30677.75,30684.75,30676.75,30680.25,147
1790267700,30680.5,30683.75,30678.25,30678.25,139
1790267760,30678.25,30686.5,30677.75,30684.5,167
1790267820,30684.75,30686.5,30679.25,30682.5,219
1790267880,30683.25,30685.25,30681.5,30683.5,60
1790267940,30683.5,30690.75,30682.75,30690,141
1790268000,30690,30691.5,30687,30687.5,103
1790268060,30687.75,30695,30686.25,30691.5,139
1790268120,30692.5,30693.5,30688.5,30692.25,114
1790268180,30693,30703.5,30693,30702.25,144
1790268240,30703.25,30708,30702.5,30705.5,194
1790268300,30705.5,30710.25,30705.5,30705.75,137
1790268360,30705.75,30718.25,30705.75,30715.25,238
1790268420,30715.25,30717.25,30711.25,30714,160
1790268480,30714.75,30718.25,30714,30715.75,100
1790268540,30716,30718.75,30714.75,30717,109
1790268600,30716.75,30721.25,30716.5,30719.5,66
1790268660,30719.5,30720.5,30717.5,30720,91
1790268720,30720,30723.25,30718.5,30722.5,154
1790268780,30722.25,30724,30720.5,30721,117
1790268840,30720.75,30727.5,30720.75,30727.25,109
1790268900,30728.25,30731.25,30727.25,30730,175
1790268960,30730.5,30732.75,30728.5,30731,103
1790269020,30731.5,30734.5,30723.5,30734,195
1790269080,30733.25,30740,30732.5,30736,355
1790269140,30736.5,30739,30732.75,30736.25,235
1790272800,30726.5,30738,30715.75,30735.75,243
1790272860,30736.5,30748.5,30733.25,30741,344
1790272920,30741,30765.25,30740.75,30750.75,273
1790272980,30750.5,30755.75,30748.75,30750.25,60
1790273040,30749.75,30749.75,30741,30743.25,148
1790273100,30744.75,30746.75,30722.5,30727.75,257
1790273160,30726,30731.75,30708.5,30716.25,243
1790273220,30716.25,30734.75,30711.5,30731.25,199
1790273280,30731.75,30734,30727.5,30728.75,62
1790273340,30730.25,30733.75,30729.75,30733,30
1790273400,30733.25,30735.25,30731.75,30733.5,14
1790273460,30732.75,30732.75,30729.5,30730,37
1790273520,30730.5,30732.5,30729.75,30731.25,19
1790273580,30732.25,30733.25,30726.25,30728.75,58
1790273640,30727,30728.5,30725.25,30727.25,34
1790273700,30727,30730.25,30724.25,30728,59
1790273760,30726.25,30728.5,30721.25,30724.25,98
1790273820,30724,30728,30723.25,30724.75,43
1790273880,30724.5,30725.5,30722.75,30724.75,28
1790273940,30725,30725.75,30721.25,30722.25,57
1790274000,30720.75,30721.5,30716,30719.75,94
1790274060,30719.25,30719.5,30712.75,30719.5,103
1790274120,30717.75,30723,30716.5,30722,88
1790274180,30721.75,30722.75,30718,30718.25,58
1790274240,30719.5,30719.5,30714.5,30715.5,44
1790274300,30714,30716.25,30713.25,30714,42
1790274360,30713.5,30713.75,30705,30709.25,95
1790274420,30707.75,30710.5,30707.75,30709.25,44
1790274480,30706.75,30708.5,30704.25,30708.5,67
1790274540,30708.75,30716.75,30707.5,30710.5,85
1790274600,30711.5,30723.75,30709.25,30718,249
1790274660,30718,30721.75,30717,30719,79
1790274720,30719,30722,30714.75,30718.25,106
1790274780,30718.75,30720.25,30715.5,30717.5,35
1790274840,30718,30720.25,30717.75,30718,23
1790274900,30718,30723.75,30718,30722,54
1790274960,30722.25,30722.5,30718.5,30720,40
1790275020,30720.5,30723.25,30717.5,30722.25,37
1790275080,30721.25,30723,30718.5,30720,52
1790275140,30720,30721.75,30714.75,30719.25,58
1790275200,30719,30721.75,30716.5,30721.75,20
1790275260,30721.5,30729,30720,30727,100
1790275320,30727.5,30734.75,30726.25,30733,116
1790275380,30732.25,30735.5,30731.75,30734.25,61
1790275440,30735.25,30736,30729,30731.75,87
1790275500,30732.75,30734,30727.75,30730.75,69
1790275560,30730.75,30730.75,30723,30727.25,108
1790275620,30728.25,30728.25,30726.25,30728.25,12
1790275680,30728,30728,30725.25,30725.25,14
1790275740,30726.5,30733,30726,30731.5,176
1790275800,30731.5,30734,30730,30732.75,53
1790275860,30733,30734.25,30729.25,30732.5,31
1790275920,30733,30734.75,30730,30731.25,22
1790275980,30732,30732.25,30730.75,30730.75,7
1790276040,30732,30733.5,30730.5,30732.75,20
1790276100,30731,30731,30726,30727.5,27
1790276160,30728,30731.5,30728,30731,27
1790276220,30731,30736,30730.25,30736,55
1790276280,30734.75,30735,30730,30730,91
1790276340,30729.75,30731.5,30727.75,30730,37
1790276400,30729.75,30735,30728.75,30731.25,95
1790276460,30731.25,30733,30731.25,30732,22
1790276520,30732,30733,30729.5,30729.75,41
1790276580,30729.25,30733.25,30728,30730.75,60
1790276640,30731.5,30736,30730.75,30732,65
1790276700,30733.75,30737.75,30732.5,30732.75,46
1790276760,30730.5,30731.5,30724.25,30731.25,89
1790276820,30730.25,30730.5,30726.75,30728.25,31
1790276880,30727.25,30728.25,30714.25,30720.75,138
1790276940,30720.25,30723,30720.25,30720.75,31
1790277000,30721,30723.5,30717.25,30719,39
1790277060,30718.5,30721,30716.5,30720.25,28
1790277120,30719.5,30720.5,30715.25,30716.5,74
1790277180,30716.25,30717.5,30709.75,30716.25,126
1790277240,30715,30717.5,30715,30716.75,20
1790277300,30717.75,30720,30711.75,30718.75,73
1790277360,30719,30721.25,30716.25,30718,57
1790277420,30719,30721,30717.5,30718,40
1790277480,30717.25,30718.5,30717,30718,15
1790277540,30716.5,30718.75,30714.25,30716.75,38
1790277600,30715,30717.25,30712.5,30717.25,33
1790277660,30714.75,30716.5,30714.25,30715.75,41
1790277720,30714.5,30717,30714,30716,28
1790277780,30716,30719.5,30715.75,30719,27
1790277840,30718.75,30725.75,30718.75,30724.25,106
1790277900,30726,30726.5,30722.5,30723.25,35
1790277960,30722.75,30726.5,30722.5,30726,41
1790278020,30726.25,30733.5,30726.25,30732.25,83
1790278080,30731.5,30732.5,30729.75,30730.25,32
1790278140,30730,30731.5,30724.5,30725.75,65
1790278200,30726.25,30729.25,30726.25,30728.5,25
1790278260,30728,30729.25,30727.25,30728,19
1790278320,30727.5,30727.75,30726.25,30727,9
1790278380,30727.75,30732.25,30726.75,30728,47
1790278440,30730.25,30730.25,30727.75,30727.75,15
1790278500,30727,30727.75,30723.5,30723.5,25
1790278560,30723.25,30731.25,30723.25,30730,57
1790278620,30729.25,30730.5,30724.25,30724.25,19
1790278680,30724.75,30727.25,30724.75,30726.5,19
1790278740,30726.25,30726.75,30724.25,30725.5,17
1790278800,30726,30726.75,30723.5,30723.5,31
1790278860,30724.5,30725.75,30724.5,30725.75,4
1790278920,30724,30725.5,30722.25,30725,16
1790278980,30724.75,30724.75,30713.5,30713.75,200
1790279040,30713,30713.75,30707.5,30707.5,114
1790279100,30709.5,30713.25,30707,30710.5,106
1790279160,30711,30711,30701,30705.25,153
1790279220,30705.5,30707.5,30702.5,30704.25,47
1790279280,30703.75,30706.25,30696.5,30697,138
1790279340,30697.5,30704.75,30696.5,30701.5,93
1790279400,30701,30703.75,30697.25,30700.5,77
1790279460,30699.5,30699.5,30686.25,30691,211
1790279520,30693,30696.75,30691,30696.75,91
1790279580,30695.25,30696,30692.25,30695,46
1790279640,30695.25,30695.25,30692,30692,22
1790279700,30693,30695.5,30692.25,30693.75,36
1790279760,30694.5,30695.5,30692,30693.25,48
1790279820,30694,30695.75,30683.75,30685.5,114
1790279880,30685.75,30689.5,30685.75,30687.25,71
1790279940,30686.5,30690.75,30686.5,30687.25,63
1790280000,30687,30709,30686.75,30699.25,326
1790280060,30697.5,30707.75,30697.25,30697.25,140
1790280120,30697.5,30702.5,30695.5,30699.5,104
1790280180,30700,30712,30698.5,30707.25,152
1790280240,30707.75,30717,30703.25,30706.5,196
1790280300,30705,30708.25,30697,30705.25,86
1790280360,30704.25,30704.75,30684.5,30685.5,173
1790280420,30686.5,30693.5,30684.75,30692.25,98
1790280480,30693.25,30701.75,30693.25,30700.75,98
1790280540,30700.75,30701.75,30695,30699.5,48
1790280600,30699.5,30703.75,30696.25,30697,62
1790280660,30697.25,30702.5,30692.25,30692.25,59
1790280720,30692.25,30695.5,30690,30692.25,70
1790280780,30690.75,30700.5,30687,30699.25,115
1790280840,30700.75,30700.75,30695.25,30696.5,46
1790280900,30697.5,30697.75,30679,30693.5,322
1790280960,30694.75,30695.5,30687,30695.5,125
1790281020,30695.75,30701.5,30690,30690.5,163
1790281080,30691,30695.75,30686.75,30692,129
1790281140,30694,30695.75,30689.25,30693.5,67
1790281200,30693.75,30709.5,30691.75,30704.5,215
1790281260,30705.25,30711.25,30705,30707.75,67
1790281320,30707,30720,30706.75,30719.25,188
1790281380,30720.75,30724.25,30718.25,30719,104
1790281440,30720,30722.25,30716.75,30721,55
1790281500,30719.75,30725.25,30710.25,30724.25,197
1790281560,30723.5,30727.25,30717,30721.75,183
1790281620,30721.75,30722.25,30715.25,30718,38
1790281680,30719,30721.5,30715.5,30716.25,61
1790281740,30717,30720.75,30712,30713.25,101
1790281800,30712.75,30715.25,30709,30710.5,81
1790281860,30709.75,30711.75,30704.25,30706.25,82
1790281920,30706.75,30711,30701,30709.75,126
1790281980,30710.25,30714.75,30707.25,30712,85
1790282040,30712.5,30712.5,30703,30706,32
1790282100,30706.75,30710,30705.75,30706.25,44
1790282160,30708.25,30708.25,30698.25,30698.25,66
1790282220,30700,30702,30689,30691,285
1790282280,30691.25,30695.75,30682.75,30687.25,202
1790282340,30685,30694.75,30684,30691.5,112
1790282400,30690.75,30702.25,30689.5,30698.5,152
1790282460,30696.75,30699,30692.75,30697.5,71
1790282520,30694.75,30704.25,30693,30703.25,82
1790282580,30703.75,30706,30700,30702.25,107
1790282640,30700.5,30701.75,30699,30700.5,39
1790282700,30701,30706,30698.25,30702,66
1790282760,30703.25,30707.75,30699,30700.25,66
1790282820,30701.5,30704,30694.5,30697.25,53
1790282880,30697,30703.75,30696.75,30701.75,53
1790282940,30700,30707.5,30700,30704.25,73
1790283000,30704,30706.5,30694.75,30696.5,55
1790283060,30695.75,30697.75,30689.5,30689.5,59
1790283120,30689,30693.25,30685.25,30691,121
1790283180,30691,30697.75,30691,30697.75,44
1790283240,30697,30702.5,30696.75,30699.25,74
1790283300,30700,30704.25,30697.25,30699.75,50
1790283360,30699.75,30700.75,30693.5,30696.75,46
1790283420,30696.75,30697,30690.25,30692.75,42
1790283480,30691.75,30702.5,30691.75,30701.75,64
1790283540,30702.5,30705,30696.5,30697.75,66
1790283600,30698.75,30699,30680,30696,233
1790283660,30697,30706,30696.25,30704.75,154
1790283720,30702.75,30709,30702.75,30705,145
1790283780,30704.75,30705,30701,30702.5,96
1790283840,30701.75,30711.25,30701.75,30708,138
1790283900,30708.75,30710,30700.25,30701,93
1790283960,30700.75,30707.25,30697,30705.75,66
1790284020,30707.75,30715,30707.25,30711.5,117
1790284080,30712.5,30722.5,30710.5,30714,247
1790284140,30714.75,30720,30714.5,30717,54
1790284200,30717.5,30736.25,30716.25,30734.25,342
1790284260,30735,30756.25,30734.25,30755,506
1790284320,30753.5,30761.25,30740.5,30744.5,290
1790284380,30743.25,30760.5,30742.75,30760.5,183
1790284440,30759.75,30775,30757.75,30764.75,383
1790284500,30764.25,30768.75,30761.25,30767,163
1790284560,30766.75,30779.25,30762.25,30779.25,274
1790284620,30778.5,30790,30775.5,30779.5,366
1790284680,30778.75,30778.75,30772,30773.75,160
1790284740,30774,30775.25,30767.75,30771,135
1790284800,30772.75,30780.75,30769.25,30773.25,123
1790284860,30776,30788.25,30775,30786,147
1790284920,30786.5,30789,30782.75,30784.75,137
1790284980,30782.5,30784.75,30779.25,30779.5,68
1790285040,30780.75,30782.5,30773.25,30776.75,80
1790285100,30776,30779,30772,30775.25,96
1790285160,30776,30784.5,30776,30779.5,64
1790285220,30781,30788.25,30781,30782.25,90
1790285280,30782.5,30784,30776.25,30778.5,64
1790285340,30779.75,30780.5,30773,30776.75,52
1790285400,30776.75,30778.5,30761.25,30763.25,180
1790285460,30762.25,30764.5,30753,30755.5,157
1790285520,30755.25,30770,30755,30764,178
1790285580,30764.5,30768.25,30763.25,30764.25,87
1790285640,30763,30764,30756,30756.5,66
1790285700,30754.5,30768.25,30750,30767.25,129
1790285760,30767,30770.75,30762.25,30767.75,148
1790285820,30767.5,30782,30767.5,30778,161
1790285880,30778.25,30783.25,30776.75,30782,95
1790285940,30782.25,30792.5,30781.75,30791.75,166
1790286000,30791,30792.5,30786.75,30790.75,96
1790286060,30789.5,30800.75,30789.5,30799.75,217
1790286120,30798.5,30803.75,30798.25,30802.75,137
1790286180,30802.75,30810,30801.5,30806,100
1790286240,30805.75,30807,30798.25,30798.25,92
1790286300,30798.5,30801.25,30795.25,30795.25,102
1790286360,30796.25,30799,30792.25,30796.25,63
1790286420,30795.25,30797.75,30784,30787.25,93
1790286480,30787.5,30794.5,30786.25,30787.25,58
1790286540,30788.25,30798.5,30788.25,30798,47
1790286600,30797.5,30799,30790.25,30796.25,94
1790286660,30795.25,30795.75,30782,30786.25,102
1790286720,30786.5,30790,30785.75,30787.5,39
1790286780,30787,30787.75,30781.5,30782.25,47
1790286840,30783.5,30784.75,30778,30780.25,162
1790286900,30781.25,30781.5,30776.5,30779,57
1790286960,30777.75,30777.75,30771,30774.75,75
1790287020,30773.5,30778.25,30773.5,30775.5,46
1790287080,30776,30784,30775,30781.75,65
1790287140,30783.25,30791.25,30782,30790.5,98
1790287200,30791,30796.25,30786,30787.75,112
1790287260,30788.5,30789.75,30783,30783.75,64
1790287320,30785,30792.75,30784.25,30792.75,45
1790287380,30788.5,30791,30787.5,30790.25,23
1790287440,30790.5,30796.75,30787,30793.75,81
1790287500,30795.25,30799,30795.25,30795.75,58
1790287560,30794.75,30805.25,30793.25,30804.25,77
1790287620,30803.5,30809.75,30801,30804,190
1790287680,30804.5,30809,30800.25,30803,64
1790287740,30802.25,30810.5,30802.25,30806.5,141
1790287800,30806.25,30809.75,30806,30807.75,78
1790287860,30807.5,30807.5,30803,30805,88
1790287920,30806,30806.5,30801.25,30801.5,50
1790287980,30801,30801.75,30795.25,30799.25,103
1790288040,30800,30800.75,30793.75,30797.25,60
1790288100,30797.25,30800.5,30795.25,30798,28
1790288160,30798.5,30800,30796.75,30799,35
1790288220,30799,30802,30797.75,30799.25,37
1790288280,30800,30806,30800,30806,47
1790288340,30805.75,30808.5,30804.25,30805.5,58
1790288400,30807,30810.75,30806.5,30809.25,87
1790288460,30808.5,30814,30808.25,30813,128
1790288520,30812.75,30814.5,30805,30807.25,102
1790288580,30806.5,30809.25,30805.75,30807.5,55
1790288640,30807,30810.5,30804,30804,59
1790288700,30803.75,30803.75,30796.75,30800.75,122
1790288760,30800.75,30803.25,30799.25,30802.5,41
1790288820,30802.5,30803.75,30797.25,30797.25,36
1790288880,30797.25,30801.5,30791,30791.5,101
1790288940,30792,30792,30784,30786.25,83
1790289000,30786.5,30787,30781.25,30784,79
1790289060,30783.25,30786.5,30782.5,30784.75,41
1790289120,30786,30789,30784,30786.25,64
1790289180,30787.75,30787.75,30780,30780.75,63
1790289240,30780,30780.75,30765.25,30766.5,225
1790289300,30766.75,30768.25,30763.25,30764.75,94
1790289360,30764.5,30769.75,30763.75,30766.25,74
1790289420,30766.75,30768.5,30762.5,30767.25,64
1790289480,30767,30772.5,30761,30769.5,98
1790289540,30769.5,30774.5,30768.75,30773,81
1790289600,30773.5,30781.25,30773.25,30774.25,122
1790289660,30774.75,30777,30772,30775.5,32
1790289720,30774.25,30779.75,30774.25,30778.75,42
1790289780,30778.75,30788.25,30778.75,30786.75,103
1790289840,30786.25,30794.75,30784.75,30787.25,145
1790289900,30786.75,30788.75,30782.75,30782.75,42
1790289960,30781.5,30783,30771,30773.5,133
1790290020,30772.5,30776.25,30771,30773.25,29
1790290080,30771.5,30776,30769.25,30772.5,53
1790290140,30772.5,30773.5,30770.75,30772.25,30
1790290200,30770.5,30771.75,30764.5,30769.25,89
1790290260,30770,30773,30768.75,30769.25,53
1790290320,30771.25,30772.75,30768.25,30769.75,23
1790290380,30770,30775.5,30770,30774.25,40
1790290440,30775.25,30785.5,30774.25,30784.75,57
1790290500,30783.75,30786.25,30783.25,30785.75,35
1790290560,30786,30787.5,30781.75,30782,63
1790290620,30781,30784.25,30779.5,30783.5,44
1790290680,30784.25,30787.5,30783.75,30786.25,28
1790290740,30787.75,30790.75,30787.25,30790.75,66
1790290800,30790.75,30792,30787.25,30789.5,82
1790290860,30792.25,30792.75,30781.25,30781.75,96
1790290920,30782.75,30788.25,30779.75,30788.25,57
1790290980,30783,30783.75,30781.5,30783.75,12
1790291040,30783.75,30787.25,30783.75,30785.75,25
1790291100,30786,30793.5,30786,30790.5,45
1790291160,30791.25,30802.25,30791.25,30798.75,173
1790291220,30799.5,30808,30797,30808,131
1790291280,30807,30811,30806.25,30809.25,130
1790291340,30810,30811.75,30804,30807,109
1790291400,30806.25,30806.25,30800,30801,54
1790291460,30800.75,30803.5,30800.75,30802.25,29
1790291520,30802.5,30804,30800.5,30800.5,34
1790291580,30800.75,30802.5,30797,30797,44
1790291640,30796.75,30804,30795.75,30804,55
1790291700,30803.25,30809.75,30800,30805.25,114
1790291760,30804.25,30807.25,30800,30802.5,137
1790291820,30800.75,30801,30790,30793.75,159
1790291880,30794.75,30801,30788,30796.75,136
1790291940,30796.75,30800.5,30796.75,30800.25,20
1790292000,30799,30805.75,30799,30805.5,64
1790292060,30804.5,30807.25,30802.25,30804,35
1790292120,30804,30808,30804,30807.25,33
1790292180,30806.5,30806.5,30799.25,30800.5,17
1790292240,30800,30801.75,30798.25,30800,44
1790292300,30801.25,30802.75,30796.25,30796.25,33
1790292360,30795.25,30798.25,30794,30796.5,55
1790292420,30797.75,30798,30795.5,30796,19
1790292480,30796,30798,30793.75,30795,29
1790292540,30793.5,30795.5,30792.5,30793.25,17
1790292600,30794.25,30795.5,30790.75,30794.25,40
1790292660,30794.5,30796.25,30793,30794,25
1790292720,30793.75,30798,30791.5,30796.25,69
1790292780,30794.5,30801.25,30794.5,30799.75,64
1790292840,30799,30802.25,30797,30797,59
1790292900,30798,30802.75,30795.75,30798.25,43
1790292960,30798.25,30800.25,30792.75,30795,83
1790293020,30794.25,30805.75,30792.75,30805.75,89
1790293080,30803,30808,30802.75,30803.25,50
1790293140,30803,30807.75,30802.25,30807.75,46
1790293200,30807.75,30808.75,30805.75,30807.75,59
1790293260,30809,30813.75,30804.25,30808,112
1790293320,30807.25,30810.25,30803.25,30805,66
1790293380,30805.25,30806.5,30799,30801.5,128
1790293440,30803.25,30804.5,30783.5,30784.75,195
1790293500,30786.25,30788,30782.5,30784.75,79
1790293560,30784.25,30784.5,30774.25,30780,111
1790293620,30780.75,30783.75,30778,30780,80
1790293680,30778.75,30782.5,30777.75,30780,77
1790293740,30780,30790,30780,30787.5,50
1790293800,30785.75,30791.25,30782,30784.25,66
1790293860,30784,30789.25,30784,30787.25,37
1790293920,30786.75,30793.5,30786.5,30792.25,89
1790293980,30792.25,30792.25,30788.25,30790,64
1790294040,30790,30790,30780.25,30786.25,51
1790294100,30785.75,30788.25,30783.75,30788.25,14
1790294160,30786.75,30792.25,30786.75,30787.25,24
1790294220,30786,30794.5,30786,30792.25,38
1790294280,30794.75,30795,30789.25,30790.25,35
1790294340,30791.25,30792.75,30789.75,30791,35
1790294400,30791.75,30793.75,30785.25,30787.75,41
1790294460,30786,30788.25,30781.5,30786.5,52
1790294520,30786,30786.25,30780,30783.75,41
1790294580,30784.25,30784.75,30772.25,30779,110
1790294640,30778,30779.75,30775.25,30777.5,35
1790294700,30778.75,30781.25,30776,30776.75,39
1790294760,30776.75,30776.75,30767.5,30771.5,102
1790294820,30773,30777,30771.5,30775.25,49
1790294880,30775.25,30777.75,30774,30775.5,23
1790294940,30776,30779.25,30775.5,30777,21
1790295000,30775.5,30779.5,30773.25,30773.5,41
1790295060,30774,30774.25,30771.75,30774.25,32
1790295120,30774.25,30776.5,30773.5,30774.5,16
1790295180,30776,30781.75,30774,30778.5,106
1790295240,30776.5,30778.5,30775,30775,36
1790295300,30774,30781.5,30771.75,30776.25,65
1790295360,30775.75,30777.5,30774,30775.75,31
1790295420,30775.5,30780.5,30775.5,30778.5,42
1790295480,30779.75,30779.75,30767.75,30770.75,62
1790295540,30770.25,30772.5,30767.75,30771.75,55
1790295600,30772,30773.25,30767.5,30769.5,50
1790295660,30770,30770.75,30768.25,30769,19
1790295720,30769,30771.5,30763.25,30768,98
1790295780,30769.5,30774.25,30769.5,30770.25,38
1790295840,30771,30778,30771,30777,54
1790295900,30778.75,30781.25,30775.75,30779.5,60
1790295960,30779,30779,30771.75,30771.75,16
1790296020,30771,30774.75,30769.25,30772.25,36
1790296080,30771.5,30776.5,30770,30776,22
1790296140,30777.25,30780,30774.5,30775,50
1790296200,30776,30780.75,30775.25,30778,60
1790296260,30776.5,30778.25,30770,30774.75,59
1790296320,30774.75,30775,30770.25,30771.25,21
1790296380,30772.5,30774.25,30770.75,30774,22
1790296440,30774,30784,30773.5,30782.5,90
1790296500,30782.5,30785.25,30780,30783,64
1790296560,30783,30786.5,30778.5,30781.25,91
1790296620,30781,30783.75,30780.25,30783.25,20
1790296680,30782,30790.5,30782,30788.75,77
1790296740,30788,30789,30786.75,30789,36
1790296800,30789.25,30792.5,30787.5,30790.5,49
1790296860,30790.5,30790.5,30784.5,30784.5,38
1790296920,30785,30791,30784.75,30790.5,41
1790296980,30791.25,30791.25,30784,30785.25,26
1790297040,30785,30786.75,30781.75,30783.25,67
1790297100,30783.5,30788.5,30783.25,30787.75,10
1790297160,30789,30791.25,30786.5,30786.5,53
1790297220,30787.75,30790.25,30787.25,30788.5,21
1790297280,30786.25,30789.75,30783.5,30784,18
1790297340,30784.5,30786.5,30783,30784.75,35
1790297400,30784.5,30784.5,30780,30784.25,34
1790297460,30784.25,30791.25,30784.25,30788.5,71
1790297520,30788.25,30788.25,30782.25,30783,27
1790297580,30781,30782.5,30777,30782.5,51
1790297640,30779.75,30783.75,30779.5,30783.75,21
1790297700,30783.25,30783.5,30780.25,30780.25,11
1790297760,30782.75,30784,30778,30779,18
1790297820,30778,30778,30767.5,30769,74
1790297880,30769,30774,30769,30774,51
1790297940,30774.5,30779.5,30774.5,30779.25,28
1790298000,30777,30781,30776,30779.75,59
1790298060,30778.25,30784.25,30777.25,30777.25,41
1790298120,30778,30782,30776.75,30782,27
1790298180,30780.75,30785,30780.5,30784.5,37
1790298240,30786.5,30793.75,30785.25,30789,113
1790298300,30791,30798.25,30791,30795.75,124
1790298360,30795,30801.25,30794.75,30799.5,122
1790298420,30797.5,30797.5,30791.75,30794,99
1790298480,30791.5,30802.25,30789,30800.5,85
1790298540,30800.75,30809.5,30800.75,30807.5,136
1790298600,30807.5,30811.25,30805,30810.5,96
1790298660,30811,30812.5,30808.25,30810.5,67
1790298720,30810.75,30813.75,30809,30810.25,94
1790298780,30811.5,30812.25,30804.75,30806.75,85
1790298840,30805,30806.75,30800.25,30800.5,73
1790298900,30803.75,30811,30803.75,30808.75,119
1790298960,30808,30810.25,30803.5,30809.5,59
1790299020,30810,30813.25,30803.5,30803.5,31
1790299080,30804,30806.25,30804,30806.25,25
1790299140,30804,30807,30800,30805.25,52
1790299200,30806,30807,30800.75,30801.5,88
1790299260,30804,30807,30803.75,30807,28
1790299320,30805,30805,30801,30801.25,26
1790299380,30802.25,30805.75,30800,30800.75,53
1790299440,30800.5,30801.75,30790,30791.25,133
1790299500,30789.75,30796.75,30788,30795.5,77
1790299560,30796.25,30806,30794,30804.25,132
1790299620,30804.5,30806.5,30802.5,30806.5,64
1790299680,30807,30809,30805,30808.25,62
1790299740,30808,30808,30802.5,30805,42
1790299800,30805.75,30821.5,30803.25,30820.25,316
1790299860,30821.25,30832.5,30820.75,30828.75,367
1790299920,30827.5,30836,30827,30827.5,317
1790299980,30827.75,30847,30825.75,30846.25,396
1790300040,30845.75,30849,30836.75,30837.75,151
1790300100,30837.75,30848.25,30837.75,30844.75,113
1790300160,30843.75,30853,30841.25,30845.75,228
1790300220,30846.25,30848.5,30845.75,30846.5,51
1790300280,30846.5,30850.25,30844.5,30844.5,77
1790300340,30845.5,30852.25,30845.25,30848.75,79
1790300400,30848.25,30853.5,30848.25,30852.5,85
1790300460,30852.25,30854.25,30850.75,30850.75,51
1790300520,30851.25,30851.25,30845.25,30845.75,73
1790300580,30846.75,30855.5,30846,30853.25,68
1790300640,30853.75,30868,30853.75,30865.5,235
1790300700,30866,30868.75,30859,30862.75,188
1790300760,30863,30865,30858,30863.25,100
1790300820,30863.5,30865.75,30863,30863.5,99
1790300880,30863,30864,30857,30857.25,74
1790300940,30857.75,30857.75,30851.5,30852.5,110
1790301000,30853,30859,30852.5,30855.75,84
1790301060,30856.75,30863.75,30854.75,30862.75,75
1790301120,30863.5,30864.25,30861.75,30864.25,67
1790301180,30862.75,30865,30861.75,30864.25,77
1790301240,30863.25,30864.75,30862,30864,39
1790301300,30863.5,30863.5,30858.75,30860,56
1790301360,30860.25,30860.25,30847.5,30847.5,99
1790301420,30848.5,30851.25,30846,30850.5,83
1790301480,30850,30855.25,30850,30854,67
1790301540,30853,30854.75,30848.5,30850.75,126
1790301600,30850.5,30861.5,30849.5,30854,173
1790301660,30854.25,30866.25,30853.5,30864.5,142
1790301720,30864.25,30865.25,30861.75,30863.75,62
1790301780,30863.5,30865.25,30859,30861.75,110
1790301840,30861,30865.25,30858.5,30864.75,75
1790301900,30865,30868.25,30861.25,30863.5,114
1790301960,30863,30870.75,30863,30864,119
1790302020,30864.5,30873.25,30864.5,30869,217
1790302080,30869.25,30870.25,30864.75,30867.25,72
1790302140,30867.75,30876.25,30866.5,30875,212
1790302200,30875,30884.25,30873.5,30884.25,351
1790302260,30881.75,30885,30877.5,30883.75,154
1790302320,30883.75,30890.25,30883.5,30886.75,216
1790302380,30885,30888,30883.5,30886.25,94
1790302440,30885.25,30891.25,30884.5,30887,54
1790302500,30887,30890.75,30884.5,30884.75,118
1790302560,30884.25,30896.75,30881,30892,263
1790302620,30893.25,30900.75,30891.25,30898.25,178
1790302680,30897.5,30898,30886.75,30891.75,114
1790302740,30890.75,30896,30890,30896,57
1790302800,30895.75,30904.25,30895.75,30901,163
1790302860,30900.5,30906,30900,30904.5,103
1790302920,30904,30904.5,30894,30894.75,155
1790302980,30894.5,30897.5,30892.25,30893.25,94
1790303040,30893.5,30899.5,30891.25,30897.5,92
1790303100,30899.5,30901,30893.75,30895.75,154
1790303160,30895,30896,30888.25,30889,311
1790303220,30889.5,30893.25,30883,30888,409
1790303280,30889.75,30889.75,30883,30884,120
1790303340,30883.75,30883.75,30873.5,30879.5,192
1790303400,30880.25,30887.5,30879.75,30885.75,118
1790303460,30884.25,30885.5,30880,30881,58
1790303520,30880.75,30885,30880.25,30884.5,40
1790303580,30881,30883,30874.75,30881,92
1790303640,30881.5,30892,30881.25,30891,91
1790303700,30890.5,30892,30886,30889.5,73
1790303760,30890,30890,30879,30879,36
1790303820,30879,30882.5,30877.5,30880.5,53
1790303880,30880.75,30885,30880.5,30883.75,48
1790303940,30882.25,30882.5,30879.75,30881.5,22
1790304000,30881.5,30886.5,30880.75,30884.5,25
1790304060,30884.75,30887.25,30884,30885.5,44
1790304120,30884.5,30887.75,30884.25,30887.25,29
1790304180,30887.75,30887.75,30879.25,30883.25,128
1790304240,30882.75,30883,30875.25,30881.25,144
1790304300,30881.5,30886,30878.25,30882,85
1790304360,30882,30884,30879.25,30882.25,51
1790304420,30882.75,30883.25,30866.5,30867.25,163
1790304480,30867.5,30875.25,30864.25,30873.75,123
1790304540,30874.5,30879.25,30873,30875.5,79
1790304600,30875.5,30878.75,30870,30872,86
1790304660,30870.25,30873.5,30867.75,30868.75,87
1790304720,30867.5,30872,30864.5,30865.75,55
1790304780,30865.25,30868.5,30864.75,30868.5,24
1790304840,30867.25,30875.5,30866.25,30875,61
1790304900,30873.75,30880.75,30873.75,30879.5,91
1790304960,30879.25,30883.5,30875.5,30879.25,75
1790305020,30879,30879,30873.25,30874,55
1790305080,30872.75,30873,30869.25,30869.25,66
1790305140,30870.25,30870.25,30864,30867.25,71
1790305200,30866.75,30880.5,30865.75,30876.75,205
1790305260,30875.75,30879.25,30871.75,30878.5,126
1790305320,30877.75,30885,30877.75,30881.75,63
1790305380,30882,30884.5,30874.25,30883.75,165
1790305440,30883.5,30888,30870.5,30872.25,134
1790305500,30871.75,30883.5,30866.75,30880,179
1790305560,30881,30881,30876.5,30880,48
1790305620,30882.75,30887.75,30873.5,30875,88
1790305680,30874.75,30883,30874,30877.5,58
1790305740,30877.75,30880,30872.25,30878.75,46
1790305800,30879.75,30883.5,30871.75,30876,197
1790305860,30875.25,30883,30873.75,30883,94
1790305920,30880.75,30885.5,30877,30885.5,89
1790305980,30885.25,30897,30885.25,30892,206
1790306040,30891,30897.75,30890.75,30894.5,74
1790306100,30894.5,30903.75,30893.25,30894.25,242
1790306160,30893.5,30899.25,30889.75,30891.75,188
1790306220,30892.75,30894.5,30890,30894.25,86
1790306280,30893.75,30894.25,30888.25,30889.25,55
1790306340,30889.5,30892,30880.5,30885.5,144
1790306400,30885.25,30892,30876.5,30882.75,522
1790306460,30882,30890.25,30879.5,30884,241
1790306520,30885.25,30889,30883.5,30884,48
1790306580,30884,30891,30880,30881.25,143
1790306640,30881.5,30886,30880.75,30883,47
1790306700,30883,30885,30878.25,30882.5,111
1790306760,30881.75,30882.5,30876.75,30876.75,56
1790306820,30877.5,30888,30871.75,30886.5,197
1790306880,30886.5,30894.75,30885.25,30893.5,488
1790306940,30892.75,30903,30891,30902.25,172
1790307000,30901.25,30903.5,30891.25,30898.25,121
1790307060,30896.75,30905,30896.5,30897.5,106
1790307120,30898.25,30898.25,30875,30876.75,134
1790307180,30876.5,30879.75,30864.25,30865.25,184
1790307240,30865.75,30866.75,30861.25,30864.5,134
1790307300,30863.75,30870,30863,30866,136
1790307360,30866.75,30871.25,30865.5,30868.75,69
1790307420,30867.5,30873,30867,30872.5,156
1790307480,30872.5,30873.25,30863,30863.25,239
1790307540,30864.5,30865.75,30860,30860.5,79
1790307600,30859.75,30864.75,30857,30859.75,94
1790307660,30857.75,30863.25,30856.25,30862.75,70
1790307720,30863.75,30869.25,30863.75,30867.5,46
1790307780,30866.25,30868.75,30865,30867.5,85
1790307840,30864.5,30864.5,30859.5,30861.25,87
1790307900,30861.25,30866,30861,30861,65
1790307960,30862,30876.5,30861.5,30875.5,390
1790308020,30875.5,30880.75,30872.5,30874.5,110
1790308080,30874.75,30874.75,30862,30862.25,73
1790308140,30864.5,30867.75,30862.75,30862.75,45
1790308200,30863.75,30866.5,30859,30865,57
1790308260,30865.25,30867,30862,30866.5,39
1790308320,30864.75,30866.75,30862.5,30862.75,31
1790308380,30864,30872.25,30863,30871,91
1790308440,30871.25,30871.5,30862.25,30866.75,58
1790308500,30866.75,30874.5,30863.75,30869.25,106
1790308560,30868.5,30875.75,30867.25,30875,46
1790308620,30873,30878.5,30868.25,30870.25,59
1790308680,30870.75,30870.75,30867.25,30868.5,52
1790308740,30869.75,30875,30868,30868,48
1790308800,30867.25,30876,30863,30871,241
1790308860,30874,30877,30869,30872.5,91
1790308920,30873,30877,30867,30867.25,102
1790308980,30870.75,30870.75,30842.5,30852.25,324
1790309040,30852.25,30854.5,30846.25,30847.25,119
1790309100,30847.5,30858.5,30846.75,30853,124
1790309160,30853,30860,30846.75,30846.75,114
1790309220,30846.75,30848.75,30838,30848.75,176
1790309280,30847.75,30861.25,30844.75,30859.5,98
1790309340,30858.25,30863.25,30855.75,30857.25,105
1790309400,30860,30866.5,30858.5,30863.75,57
1790309460,30862.25,30870,30858.5,30869.25,104
1790309520,30868.75,30884.75,30868.25,30884.75,188
1790309580,30883.5,30889,30877,30880.5,191
1790309640,30881.75,30890.75,30876,30878.5,116
1790309700,30880.25,30886.5,30880.25,30886.5,51
1790309760,30886.5,30896,30882.75,30896,212
1790309820,30896,30897.5,30883,30883.5,148
1790309880,30885,30886.25,30879,30886.25,69
1790309940,30886.25,30890,30883.5,30887.5,67
1790310000,30887.5,30890,30885.25,30887.25,71
1790310060,30886,30893.75,30885.5,30893.75,57
1790310120,30893,30904.75,30891.5,30901.75,245
1790310180,30901.75,30902.25,30886.75,30893,95
1790310240,30893.5,30911.25,30892.5,30909,136
1790310300,30909,30909,30903,30904.75,125
1790310360,30905.75,30905.75,30896.5,30903,97
1790310420,30901.75,30915.25,30901.75,30910.5,251
1790310480,30911.5,30926.75,30911.25,30923.5,437
1790310540,30923.5,30927.5,30921.75,30923,131
1790310600,30922,30927,30921.5,30923.5,100
1790310660,30924,30926,30922,30924.5,119
1790310720,30924.5,30926,30915.25,30917.75,96
1790310780,30917.5,30933,30917.25,30933,135
1790310840,30932.5,30934,30926.5,30927,110
1790310900,30927.5,30932,30927.5,30929.75,156
1790310960,30931.5,30931.5,30923.75,30924.75,80
1790311020,30924,30924.75,30920.25,30920.25,58
1790311080,30921.25,30928,30920.5,30925,98
1790311140,30925.5,30925.5,30911.5,30917,170
1790311200,30917,30926.5,30917,30926,89
1790311260,30924.25,30928,30922.25,30925.5,107
1790311320,30925,30931.25,30922.5,30928.5,93
1790311380,30927,30933,30927,30931,54
1790311440,30931.25,30935,30930.5,30934.25,79
1790311500,30934,30941.25,30934,30939,130
1790311560,30939.5,30944.75,30937.75,30938.5,204
1790311620,30939.75,30940.25,30936.75,30936.75,78
1790311680,30937,30940,30935.5,30938,55
1790311740,30939.75,30943,30933.25,30934,76
1790311800,30934,30935.5,30931.5,30933,59
1790311860,30932,30936.5,30930.5,30931.25,89
1790311920,30930.75,30939.75,30930.75,30939.75,76
1790311980,30940.25,30940.75,30935.75,30936.75,61
1790312040,30935,30943.25,30934.75,30941,123
1790312100,30941.25,30949.5,30941.25,30947.25,198
1790312160,30947.75,30952,30944.75,30951.25,252
1790312220,30951.5,30953,30950,30953,113
1790312280,30952.25,30954.25,30951,30951,37
1790312340,30951.25,30951.25,30946,30947,90
1790312400,30945.75,30950.5,30941.75,30950.25,88
1790312460,30949.25,30952.5,30944.5,30949.5,83
1790312520,30948.75,30951,30947.25,30948.75,52
1790312580,30948.75,30956,30948.75,30952.5,109
1790312640,30951.25,30951.25,30946.25,30947.25,41
1790312700,30949,30953.75,30946.5,30953,57
1790312760,30953,30955,30950.75,30954,81
1790312820,30955,30959.5,30955,30957.75,104
1790312880,30956,30960,30954.75,30959,119
1790312940,30960,30960,30957,30959.5,72
1790313000,30959.5,30959.75,30953.25,30955.25,134
1790313060,30955.75,30956.25,30951.75,30953.25,78
1790313120,30952.75,30956.75,30950.25,30956.5,76
1790313180,30958.5,30958.75,30953,30957.5,56
1790313240,30957.5,30958.75,30952.75,30953.5,43
1790313300,30953.75,30963.25,30950,30959,310
1790313360,30959.25,30960,30955.75,30955.75,33
1790313420,30957.25,30958.75,30953,30954.5,35
1790313480,30955.25,30955.75,30948.5,30951.75,90
1790313540,30952.5,30955.5,30949.5,30949.75,53
1790313600,30949.5,30951.75,30942.5,30944.75,127
1790313660,30944.25,30944.5,30940.5,30942.5,95
1790313720,30942.75,30949,30941.25,30949,92
1790313780,30948.5,30951,30939.75,30944,109
1790313840,30943,30949.5,30942.25,30948.5,60
1790313900,30949.5,30950,30939.75,30942.5,73
1790313960,30942.75,30946.5,30941.5,30944.75,57
1790314020,30944.5,30944.5,30940.75,30942.5,46
1790314080,30943.25,30944.5,30941.25,30942.25,43
1790314140,30941.5,30943.5,30936.25,30939.25,103
1790314200,30938.75,30945.5,30930,30943.5,214
1790314260,30943.75,30946.25,30940.75,30945.5,71
1790314320,30946,30952.25,30944.5,30946.5,135
1790314380,30944.5,30946.75,30944.25,30944.5,23
1790314440,30944.25,30948.75,30942,30944.25,61
1790314500,30943.5,30943.5,30939.5,30942.75,55
1790314560,30944,30946.25,30937,30941,78
1790314620,30939,30943.25,30938.5,30941,34
1790314680,30942.5,30942.5,30935.25,30938,88
1790314740,30937.5,30941.75,30934.5,30941.75,44
1790314800,30941.25,30943,30935.5,30941.25,71
1790314860,30939.75,30942.5,30939,30940.5,27
1790314920,30941.5,30944.5,30940,30940.25,26
1790314980,30940.5,30942,30932.75,30940.75,89
1790315040,30940,30940,30936.75,30936.75,32
1790315100,30937,30937,30925,30927.75,157
1790315160,30926,30926.5,30916.25,30918.75,163
1790315220,30917,30919.75,30916,30918.75,84
1790315280,30919,30920.25,30916.25,30918.75,65
1790315340,30920.75,30923,30918.5,30921.25,71
1790315400,30921.75,30921.75,30912,30914.75,108
1790315460,30914.25,30919,30913.75,30918.25,37
1790315520,30918.75,30920.25,30914.5,30914.75,67
1790315580,30914.5,30923.5,30913.25,30921.5,112
1790315640,30922,30923.25,30920.5,30921.5,51
1790315700,30921.75,30924.5,30917,30922.5,50
1790315760,30922.25,30930,30922.25,30927.5,65
1790315820,30926.25,30927.5,30923.75,30925.25,29
1790315880,30924.5,30928.25,30924.5,30926.5,48
1790315940,30927.5,30927.5,30916.25,30916.75,81
1790316000,30916.25,30924.5,30914.5,30924,96
1790316060,30923.75,30923.75,30916.25,30921.5,75
1790316120,30920,30920,30908.75,30910.5,143
1790316180,30909.25,30910.75,30905.25,30905.75,95
1790316240,30906,30909.75,30906,30906.25,41
1790316300,30906.75,30908.5,30902.5,30908.5,103
1790316360,30908.75,30910.25,30905,30906.25,48
1790316420,30905.25,30905.25,30900,30904,207
1790316480,30904.25,30911.5,30904.25,30910.25,68
1790316540,30910,30913.75,30909.75,30910.5,37
1790316600,30911,30915.25,30910.25,30914,81
1790316660,30914.75,30923.25,30914.5,30919.5,126
1790316720,30920,30923.5,30918.75,30922.75,40
1790316780,30924,30929.75,30922.25,30929,84
1790316840,30930,30932.5,30927.75,30927.75,112
1790316900,30927.25,30936.75,30927,30934.75,165
1790316960,30934.75,30939,30932.5,30934.5,122
1790317020,30934.75,30939.75,30931.5,30932.5,62
1790317080,30932.75,30934.25,30931,30931.75,34
1790317140,30931.5,30935,30931,30935,68
1790317200,30934,30940,30933,30939.75,73
1790317260,30940.5,30942,30935,30938.25,89
1790317320,30938.75,30939.5,30931.25,30934,114
1790317380,30933.25,30934,30926,30930.75,165
1790317440,30931.75,30932.5,30929,30931.25,31
1790317500,30930.5,30932.25,30927.75,30931,60
1790317560,30930.25,30934.75,30929.75,30933.5,33
1790317620,30933.25,30934.5,30932.25,30933,20
1790317680,30933,30933.25,30927.5,30930.75,39
1790317740,30930.75,30933.25,30928.25,30929,22
1790317800,30929,30938.5,30929,30935.75,60
1790317860,30933.75,30933.75,30926.5,30929.5,58
1790317920,30928.25,30928.5,30921,30921.75,89
1790317980,30922.5,30924.75,30918.25,30922.5,83
1790318040,30918.5,30929.25,30918.25,30928,64
1790318100,30926.25,30932.5,30926.25,30926.75,62
1790318160,30927.75,30930.75,30927.25,30929.75,24
1790318220,30929.25,30932.25,30925.75,30925.75,38
1790318280,30926.5,30926.75,30914.25,30916.25,106
1790318340,30915.75,30919.25,30912,30914,95
1790318400,30913.5,30917,30911.5,30916,93
1790318460,30915,30923.75,30915,30922.25,100
1790318520,30920.75,30923.5,30919,30919,50
1790318580,30918.75,30924.25,30918.25,30922,30
1790318640,30922.5,30923.75,30919.5,30921.25,40
1790318700,30920.5,30923.5,30917.25,30921.5,77
1790318760,30920.75,30922.75,30916.75,30918,57
1790318820,30919.75,30925.25,30919.25,30925.25,34
1790318880,30924,30927.25,30922.75,30925.75,76
1790318940,30924.25,30926,30912,30925,156
1790319000,30923.25,30926.25,30920.25,30924,52
1790319060,30922,30927.25,30921.5,30924.75,60
1790319120,30923.5,30924.5,30922.5,30923,15
1790319180,30924.25,30924.5,30915.25,30924,81
1790319240,30924.5,30933,30923.75,30926.75,192
1790319300,30926.5,30926.5,30915.5,30916.5,66
1790319360,30917.5,30920.75,30915.5,30920,64
1790319420,30919.5,30924.5,30919,30920.5,50
1790319480,30920.25,30921.25,30919,30920.25,34
1790319540,30919.75,30922,30914.75,30922,128
1790319600,30922.75,30933.5,30913.5,30917.25,291
1790319660,30916.75,30938.25,30912.75,30929.75,310
1790319720,30930,30933,30923.25,30928,126
1790319780,30929.75,30930,30924,30924.25,64
1790319840,30924,30925.75,30920,30921.75,71
1790319900,30921.25,30932,30921.25,30928.25,92
1790319960,30927.75,30944.75,30926.5,30943.5,149
1790320020,30942.5,30950.75,30939.5,30949,150
1790320080,30949.25,30956,30948,30955,146
1790320140,30955.5,30960.5,30951,30959,164
1790320200,30959,30965,30957.5,30959.25,196
1790320260,30959.5,30963.25,30958.5,30960.75,132
1790320320,30960.5,30961,30956,30960.75,83
1790320380,30958,30963.25,30956.75,30962.5,75
1790320440,30962.25,30975,30960.25,30975,317
1790320500,30974.25,30981,30972.75,30975.25,330
1790320560,30975.75,30994.75,30975.75,30990.25,424
1790320620,30989.5,30990.25,30978,30981.75,170
1790320680,30981.5,30982.25,30974.5,30980,154
1790320740,30978.25,30983.75,30976,30982.25,121
1790320800,30981,30984.75,30977.25,30980,141
1790320860,30980.5,30983.25,30976.75,30977,110
1790320920,30975.25,30983.25,30975,30978.5,69
1790320980,30979,30981.5,30978,30978.5,102
1790321040,30977.75,30983.5,30976.25,30978.75,154
1790321100,30978,30981.5,30978,30980,77
1790321160,30980.75,30986.5,30979.5,30985.25,84
1790321220,30984.75,30991,30981.5,30987.75,154
1790321280,30986.75,30986.75,30982,30982,100
1790321340,30982.5,30983.25,30974,30976.75,127
1790321400,30977.5,30980.5,30972.25,30973.75,135
1790321460,30976.75,30977.25,30970,30975,118
1790321520,30976,30979.75,30972.75,30977.25,105
1790321580,30978.75,30980,30973.25,30976.75,34
1790321640,30977,30981.25,30977,30978.75,44
1790321700,30976,30999.5,30976,30989.5,498
1790321760,30988.75,30989.5,30970.5,30973.5,202
1790321820,30971.75,30976.25,30971.75,30973,101
1790321880,30974.5,30974.75,30963.75,30964,114
1790321940,30965.25,30966.25,30959.25,30961.5,117
1790322000,30961.25,30966.5,30961,30962.5,66
1790322060,30963.5,30966,30963,30965.5,47
1790322120,30966.5,30973.25,30964.5,30965.75,118
1790322180,30966.75,30974,30966.25,30970.5,131
1790322240,30971.75,30978.25,30968,30970,178
1790322300,30971.25,30972.25,30967.75,30970.75,57
1790322360,30971,30973,30968.5,30972.25,71
1790322420,30972.25,30974.25,30970.25,30970.75,74
1790322480,30970.25,30973,30968,30969,44
1790322540,30969.75,30974.25,30968.5,30969,64
1790322600,30967.75,30970,30962.5,30970,99
1790322660,30969.75,30976,30967.75,30973.25,143
1790322720,30973.75,30981.25,30973.5,30977.5,84
1790322780,30977.75,30980.5,30975.25,30978,93
1790322840,30979.25,30981,30974.75,30978.75,57
1790322900,30979.25,30981,30977.25,30978.75,74
1790322960,30978.5,30978.5,30967.75,30968.25,105
1790323020,30968.25,30971.75,30966.75,30970.5,83
1790323080,30970,30971.25,30966.5,30971.25,55
1790323140,30971.25,30972,30960.25,30961.5,192
1790323200,30960.5,30967.5,30956.75,30961,369
1790323260,30960.25,30977,30959.25,30977,192
1790323320,30975.5,30978,30968,30969.5,129
1790323380,30970,30977,30969.5,30973.25,70
1790323440,30974.25,30974.25,30969.25,30972,78
1790323500,30971.5,30971.75,30967,30969.75,94
1790323560,30970.25,30977,30970,30976,50
1790323620,30975.5,30975.75,30968.75,30969.25,68
1790323680,30970.25,30971.5,30962.25,30967.75,163
1790323740,30967.5,30967.75,30960.5,30961.75,129
1790323800,30961.25,30969.75,30947.25,30947.75,251
1790323860,30947.25,30967.25,30944,30966,256
1790323920,30965.5,30968.5,30962.75,30964,115
1790323980,30962.75,30962.75,30947.5,30950.25,275
1790324040,30950,30953.25,30943,30952.25,266
1790324100,30953,30953,30946.25,30950,117
1790324160,30950,30952.75,30934.75,30934.75,223
1790324220,30934.75,30936.25,30929,30930.5,245
1790324280,30931.25,30935.75,30928.25,30930.5,112
1790324340,30930.75,30930.75,30916.75,30924,244
1790324400,30923.75,30929,30919.75,30923.75,173
1790324460,30925.75,30937.75,30925.5,30937.75,237
1790324520,30938,30945,30935,30936,168
1790324580,30936,30939,30932.75,30938.25,175
1790324640,30939.5,30944.25,30934,30935,154
1790324700,30934,30934.5,30928.75,30932.75,123
1790324760,30931.75,30936.25,30930.75,30932.25,76
1790324820,30933,30938.5,30931.5,30937,90
1790324880,30936.75,30941.25,30936.25,30940.25,93
1790324940,30939.75,30941,30930.75,30932.5,123
1790325000,30933,30938.5,30926,30929.25,230
1790325060,30929.5,30931,30915.5,30916.5,350
1790325120,30916.75,30916.75,30903.5,30911,490
1790325180,30910,30919,30908.75,30917.25,146
1790325240,30915.5,30922.75,30915,30920,246
1790325300,30919.5,30920,30908.5,30915.75,279
1790325360,30916,30918,30907,30910.75,235
1790325420,30910.75,30911.25,30903.25,30908,127
1790325480,30907.5,30909.75,30904.5,30908.75,115
1790325540,30909.5,30911.5,30904.75,30909.25,196
1790325600,30910.5,30914.25,30901.75,30909,272
1790325660,30909.5,30911.25,30903,30904,121
1790325720,30902.25,30903.75,30897.75,30899.75,362
1790325780,30899.25,30905.25,30885.75,30887.75,516
1790325840,30887.25,30906,30877.75,30898,864
1790325900,30896.25,30896.25,30877.25,30895,537
1790325960,30897.75,30919.75,30887.75,30906.75,959
1790326020,30906,30920.75,30880,30913.5,1072
1790326080,30913.5,30918.5,30896,30896.25,598
1790326140,30895,30896.25,30884.5,30886.25,297
1790326200,30885.75,30889.5,30883,30885.5,207
1790326260,30885.75,30887.5,30876,30881,238
1790326320,30879.75,30881.25,30871.75,30877.25,351
1790326380,30877.25,30882.5,30876.25,30879.75,206
1790326440,30879.5,30882,30875.5,30876,199
1790326500,30876.5,30877.75,30871.75,30876.75,127
1790326560,30877.75,30884,30876.5,30884,162
1790326620,30883.5,30887.25,30876.5,30877.25,216
1790326680,30877,30882.75,30871.5,30881.25,259
1790326740,30881.25,30882.25,30872,30877.5,232
1790326800,30878,30881.75,30856,30860,820
1790326860,30859.75,30871.75,30853.75,30871,437
1790326920,30870.5,30875,30866.75,30870.5,314
1790326980,30871,30883.25,30871,30875,543
1790327040,30875,30880.25,30871.5,30878.5,343
1790327100,30879,30893.25,30877.75,30889,692
1790327160,30889.5,30898,30889.5,30894,346
1790327220,30893.75,30897,30889,30893,218
1790327280,30893,30897.25,30887.5,30887.5,176
1790327340,30888.25,30900,30887.75,30899.75,309
1790327400,30898.5,30905.5,30895.5,30897.75,321
1790327460,30898.5,30905,30895.25,30902.25,307
1790327520,30900.75,30903,30896.75,30901,141
1790327580,30902,30908.75,30902,30906.75,241
1790327640,30906.75,30907.5,30898,30899,202
1790327700,30897.5,30899.75,30894.25,30898.75,312
1790327760,30898.75,30898.75,30878.5,30879.25,604
1790327820,30878.5,30878.5,30872.25,30872.25,281
1790327880,30872.5,30873.75,30865.25,30869.25,299
1790327940,30869.25,30869.75,30858.5,30860,405
1790328000,30861.25,30865,30858.75,30864,311
1790328060,30863.5,30869,30858.75,30861.75,318
1790328120,30862.5,30869.5,30862.5,30868.25,210
1790328180,30867.75,30868.25,30859.25,30860.75,259
1790328240,30860.75,30864.25,30855.75,30857,429
1790328300,30856.75,30862.5,30852.25,30857,749
1790328360,30856.75,30856.75,30839.75,30843.75,712
1790328420,30843.5,30843.75,30828,30835.75,995
1790328480,30835.75,30835.75,30820.75,30833,912
1790328540,30834,30834.25,30819.5,30820,922
1790328600,30819,30822,30770,30804.25,7082
1790328660,30805,30817.25,30779,30784.75,4904
1790328720,30784.25,30806.25,30767.5,30803.5,3626
1790328780,30803.5,30819.25,30791.25,30819.25,2468
1790328840,30819.25,30852,30815.75,30848.75,3185
1790328900,30848,30868,30847,30857.75,2971
1790328960,30858.5,30863.5,30846,30852,1659
1790329020,30852.5,30864.25,30845.75,30856,1749
1790329080,30855.5,30877,30851.75,30867.5,1575
1790329140,30868.75,30871.5,30843,30868.25,2073
1790329200,30868.25,30877.75,30860,30877,1631
1790329260,30876.75,30890,30873.75,30883.5,1851
1790329320,30883.5,30884,30857.5,30881.25,1755
1790329380,30880.5,30880.5,30855.75,30864.25,1539
1790329440,30863.75,30877.5,30851.25,30876.75,1596
1790329500,30877,30888.75,30858.25,30860,2672
1790329560,30860,30876.5,30850,30872,1652
1790329620,30871.75,30888,30861.5,30881.5,1507
1790329680,30882.25,30887.25,30847.5,30855.5,1773
1790329740,30855.75,30879.25,30855.75,30874.25,1353
1790329800,30875,30882.75,30866,30878.75,1261
1790329860,30878.5,30885.25,30870.5,30872,947
1790329920,30872.25,30898,30872,30895.25,1411
1790329980,30895,30905.5,30885.75,30902.75,1614
1790330040,30903.25,30922.5,30900,30911,1798
1790330100,30910.75,30926.5,30910.75,30921.25,2151
1790330160,30921,30923.25,30902.25,30909.75,1520
1790330220,30909,30909.25,30883.5,30888.25,1473
1790330280,30888.25,30901.5,30884.5,30889.75,1358
1790330340,30891,30901.25,30878.5,30900,1106
1790330400,30900.25,30905,30866.5,30870,1998
1790330460,30870.75,30871.25,30842.5,30842.75,2348
1790330520,30844.5,30852.25,30821.25,30839.25,2992
1790330580,30840.5,30841.25,30816.25,30839.25,2333
1790330640,30839.5,30839.75,30798.25,30803.75,2509
1790330700,30803.5,30803.5,30755,30757.75,4232
1790330760,30757.5,30783,30752,30781.25,3133
1790330820,30781.75,30807,30779.75,30790.75,2917
1790330880,30791.5,30809,30780.25,30808,1662
1790330940,30807.25,30817,30792.5,30806.75,1650
1790331000,30807,30823.5,30796.5,30796.75,1914
1790331060,30796.75,30818.75,30783.5,30811.5,2074
1790331120,30811.25,30812.25,30791,30793.75,1251
1790331180,30793,30796.75,30765.25,30771.25,1849
1790331240,30771.5,30775,30734.75,30740.25,2605
1790331300,30741.5,30747,30691.25,30736,4674
1790331360,30736,30752.5,30707.5,30712.25,2672
1790331420,30712.25,30718.25,30686.25,30700.25,3160
1790331480,30700.75,30728.25,30699,30706.25,2513
1790331540,30707,30727.75,30684,30720.25,2746
1790331600,30721,30742.25,30709,30738.75,2444
1790331660,30739,30750.5,30717.75,30728.25,2287
1790331720,30727.75,30746.25,30722.75,30737.5,1644
1790331780,30737.5,30755.5,30735.25,30739.75,1817
1790331840,30740.75,30760.5,30738.5,30752.25,1470
1790331900,30752.25,30766.5,30739.75,30766,1509
1790331960,30766,30779.25,30757.5,30762.75,1890
1790332020,30763.25,30766,30749.75,30752.5,1216
1790332080,30752.25,30754.25,30726,30746.5,2147
1790332140,30746.25,30760.25,30726,30731.5,1499
1790332200,30731,30745,30718.75,30735.5,1664
1790332260,30734.75,30750.25,30728.5,30749.25,1182
1790332320,30749.25,30763,30746.5,30757.5,1709
1790332380,30757.5,30774,30754.25,30761.5,1487
1790332440,30762,30783.75,30759,30770.25,1350
1790332500,30770,30786,30761.5,30778.5,1446
1790332560,30776.75,30782,30765.75,30769.5,1049
1790332620,30769,30782.5,30766.25,30780,901
1790332680,30780.25,30803.5,30779,30784.5,1820
1790332740,30784.5,30793.5,30783.5,30791.25,707
1790332800,30791.25,30796.25,30768.75,30771,1273
1790332860,30770.25,30781.5,30749.25,30751,1622
1790332920,30751.5,30764.25,30742.75,30758.75,1251
1790332980,30758.25,30762.25,30741.5,30746,1023
1790333040,30745,30766.75,30738.75,30765.25,1271
1790333100,30766,30767.5,30742.75,30764.5,1051
1790333160,30764.25,30786.5,30749.75,30769.25,3034
1790333220,30768.5,30780.25,30759.75,30772.25,967
1790333280,30772.25,30777,30758.25,30761.5,924
1790333340,30762,30798,30759,30789.75,1426
1790333400,30789.5,30792.5,30773.75,30787,969
1790333460,30787,30793.25,30759.25,30760,1079
1790333520,30761,30764.75,30751.25,30758.25,1015
1790333580,30757.25,30778.25,30756.5,30770.25,952
1790333640,30770.75,30789,30770,30785,761
1790333700,30786.25,30809.25,30782.5,30805.75,1144
1790333760,30806,30818.25,30802.5,30803.5,1338
1790333820,30803.25,30819.5,30803.25,30812.75,702
1790333880,30813,30824.25,30802.75,30823.5,952
1790333940,30823.25,30829.75,30818,30823,930
1790334000,30823,30824.25,30814,30819.75,1153
1790334060,30819.25,30843,30817,30835.25,2377
1790334120,30835.5,30854,30835.25,30844.5,1269
1790334180,30845,30858.75,30845,30850,1836
1790334240,30850,30867.5,30848,30855.75,1182
1790334300,30856.25,30870,30855,30862,1157
1790334360,30861.25,30871.5,30860.5,30863,731
1790334420,30863.5,30868.5,30857,30860.75,916
1790334480,30861.5,30864,30853,30859.25,1052
1790334540,30858.75,30861.75,30844.5,30846.5,961
1790334600,30846,30849.5,30825.75,30833.25,1452
1790334660,30833,30835.5,30806,30813.25,1549
1790334720,30813.25,30822.25,30807.25,30815,1038
1790334780,30814.75,30824,30811.25,30818.5,1110
1790334840,30818.25,30828,30814.5,30820.5,724
1790334900,30821,30826,30816.5,30822.75,754
1790334960,30822.25,30837.75,30820.75,30835.5,1040
1790335020,30835.75,30838,30826.5,30828,628
1790335080,30827.25,30834.5,30823.25,30826.5,560
1790335140,30826.75,30827.25,30803,30812,1209
1790335200,30811.25,30825.25,30800.5,30823.5,1189
1790335260,30823.75,30844.5,30813.5,30822.75,2074
1790335320,30824,30829.5,30820,30824.5,483
1790335380,30826,30835.5,30822,30824,908
1790335440,30824.25,30826.25,30808,30812,870
1790335500,30812,30819.25,30806.25,30812,631
1790335560,30811,30824,30803.75,30823.75,884
1790335620,30823,30826,30809.25,30813,657
1790335680,30814,30817.75,30808,30813.25,383
1790335740,30814.75,30828,30812.25,30813.25,478
1790335800,30813.5,30850,30811.75,30835.75,3473
1790335860,30836,30853.75,30830.5,30853.5,1369
1790335920,30853.5,30860.5,30847.5,30854.5,1391
1790335980,30854.5,30857.5,30844.25,30848.5,783
1790336040,30849.25,30852.75,30815,30818,2064
1790336100,30818,30822.5,30798.5,30809,1584
1790336160,30808.75,30808.75,30781.75,30787,1163
1790336220,30787.75,30794.75,30773.25,30791.25,1170
1790336280,30790.5,30790.75,30766.5,30771,1054
1790336340,30770.75,30778.5,30764,30772.25,960
1790336400,30772.25,30784.75,30763,30783.75,1001
1790336460,30784.25,30789,30777.5,30783.75,856
1790336520,30783,30791,30767.25,30774,724
1790336580,30774.5,30777.25,30761.25,30765.75,523
1790336640,30765.25,30767.75,30749.5,30751.75,1240
1790336700,30751.5,30758.5,30746.25,30748,937
1790336760,30748.5,30766,30735,30765.75,1485
1790336820,30765,30772,30763.5,30766.5,670
1790336880,30766,30779.5,30757.75,30771,768
1790336940,30771.25,30782.75,30768.5,30782.5,663
1790337000,30781.25,30786.5,30772.25,30774,499
1790337060,30774,30775,30737,30737.75,1173
1790337120,30737.75,30750,30731.25,30742,988
1790337180,30742.75,30749,30740,30744.75,628
1790337240,30745.25,30783.75,30740.75,30773.75,3441
1790337300,30773.25,30788.75,30772.75,30784.5,1338
1790337360,30785,30802.25,30781,30802.25,1293
1790337420,30802,30811.25,30800,30811.25,955
1790337480,30810.75,30843,30809.25,30834.5,2034
1790337540,30834.5,30860,30831.25,30857.5,1715
1790337600,30856.75,30886,30846.5,30883.5,2856
1790337660,30883.5,30892,30874.25,30875.75,2058
1790337720,30876.5,30904,30876.5,30901,2345
1790337780,30901.75,30919.75,30892.25,30917.25,2169
1790337840,30918.25,30918.75,30897,30913.75,2050
1790337900,30914.25,30941,30905.75,30935.25,2258
1790337960,30935.5,30937.75,30918.75,30931.25,2226
1790338020,30931.5,30937,30919.5,30923,1641
1790338080,30923.75,30933.25,30914,30922,1760
1790338140,30922.5,30935,30910.5,30930.25,1529
1790338200,30930.75,30950.25,30929.75,30935.5,2018
1790338260,30936.25,30937.25,30921.25,30936,1395
1790338320,30935.75,30946,30924,30930.25,1085
1790338380,30930.25,30934,30925.5,30931.75,708
1790338440,30931.25,30931.5,30907.5,30927.25,1387
1790338500,30927.25,30940.5,30920.75,30936.25,1365
1790338560,30936.25,30947.75,30927,30946.25,1083
1790338620,30946,30951.5,30918,30920.25,1163
1790338680,30920.5,30920.75,30897.25,30902.75,1504
1790338740,30902,30906,30894.5,30901.75,1032
1790338800,30901.25,30907,30875,30877.75,1882
1790338860,30877.25,30883.75,30864,30880.5,1925
1790338920,30879.5,30884,30861.25,30871,1331
1790338980,30871,30873,30838,30859.75,2230
1790339040,30859.75,30869.25,30855.75,30866.25,1283
1790339100,30865.75,30885.5,30861.25,30876.75,1412
1790339160,30876,30916,30872,30914.25,1600
1790339220,30915,30922,30910.75,30914.5,1067
1790339280,30914.5,30916.5,30905,30914.25,1115
1790339340,30914.75,30927.5,30914.25,30924.75,935
1790339400,30925,30927,30906.75,30917.75,984
1790339460,30917.75,30923.5,30913.5,30922,567
1790339520,30922.5,30931.5,30915.5,30920.25,684
1790339580,30919.75,30931.75,30918,30931.25,570
1790339640,30931.25,30932.5,30863.5,30878.75,5285
1790339700,30880.25,30897.75,30879.5,30893.75,1270
1790339760,30893,30894.75,30877.5,30889.25,999
1790339820,30888.5,30916.75,30888.5,30905.5,1191
1790339880,30905.75,30905.75,30887,30901.5,858
1790339940,30901.25,30908.25,30896.75,30898.5,476
1790340000,30898,30903.5,30888.5,30890.25,590
1790340060,30890.5,30898.75,30886.5,30894,477
1790340120,30894.25,30913.25,30890,30893.25,1346
1790340180,30894.25,30919,30893.5,30914,723
1790340240,30913,30921.25,30902.75,30906,697
1790340300,30904.75,30906.25,30891.75,30901.75,516
1790340360,30901,30907.5,30896,30898.25,659
1790340420,30896.75,30899.5,30891.25,30892.75,492
1790340480,30893,30895.25,30870,30873.75,1124
1790340540,30874.25,30883.75,30864.5,30882,811
1790340600,30882.5,30889.25,30876.75,30884,614
1790340660,30884.25,30887.25,30877.75,30887.25,408
1790340720,30887.25,30896,30882.75,30893.5,599
1790340780,30893.75,30898.5,30885.25,30887.25,409
1790340840,30887.75,30894,30882.25,30892.5,373
1790340900,30892.75,30900.75,30890,30893.5,383
1790340960,30893.5,30902.75,30888,30893,578
1790341020,30893.25,30893.25,30879,30881,461
1790341080,30881.75,30884.5,30875,30876.75,368
1790341140,30877.5,30888.25,30860.5,30877.5,2261
1790341200,30878,30884.75,30872.75,30877.5,660
1790341260,30878,30906.75,30878,30903.5,1657
1790341320,30903.75,30917,30898.5,30911.75,763
1790341380,30912,30920.5,30907.75,30911.5,691
1790341440,30911.75,30915,30904.5,30909.75,593
1790341500,30909.75,30917.5,30907.5,30910,433
1790341560,30909.5,30914.5,30905.75,30908.75,450
1790341620,30909.25,30910.5,30898.25,30905.75,518
1790341680,30906.25,30906.75,30889.5,30902,695
1790341740,30903,30916.5,30900.75,30912,604
1790341800,30911.5,30912.5,30905.75,30908.25,331
1790341860,30908.25,30910.25,30896.25,30898.5,445
1790341920,30898.5,30906.5,30891.75,30905.75,382
1790341980,30906,30919.25,30904.75,30911.75,539
1790342040,30912,30922.5,30909.25,30922.5,420
1790342100,30922,30925.5,30916.25,30922.5,645
1790342160,30922.5,30923.25,30915.25,30915.75,373
1790342220,30916.25,30927,30914.25,30915.25,573
1790342280,30914.75,30917.5,30906.5,30912,506
1790342340,30912,30915.5,30908.25,30911.5,356
1790342400,30911.5,30919.25,30909.75,30917.25,453
1790342460,30917,30917.5,30910.25,30913.25,355
1790342520,30913.75,30922.5,30912.5,30916.25,338
1790342580,30916,30923.5,30915,30921.75,347
1790342640,30922,30925,30917.75,30923,286
1790342700,30923.25,30925.25,30918.25,30919,248
1790342760,30919.25,30920.75,30914,30915.75,311
1790342820,30914.25,30916.75,30911,30913.75,296
1790342880,30914,30920,30914,30916.75,265
1790342940,30915.75,30919.25,30914,30918.25,253
1790343000,30917.75,30923.25,30914,30918.5,654
1790343060,30918.25,30918.25,30900.75,30902.75,706
1790343120,30903.25,30909.25,30903,30909.25,349
1790343180,30908,30914.75,30901.5,30902,627
1790343240,30902,30902.75,30889.5,30899,882
1790343300,30899.25,30902.75,30894.75,30899.5,473
1790343360,30899.5,30904,30892,30893.25,563
1790343420,30892.75,30894.25,30886.25,30891.25,634
1790343480,30891,30899.25,30889.25,30894.25,481
1790343540,30895.25,30916.75,30894,30903.5,1271
1790343600,30903,30915.25,30902,30906.5,825
1790343660,30906.25,30920,30905.75,30915.5,567
1790343720,30915.75,30922.75,30915.25,30921,425
1790343780,30921,30921.5,30909.5,30912.5,429
1790343840,30912.75,30917.5,30902.5,30905.25,395
1790343900,30905.25,30908.75,30901,30904.5,397
1790343960,30904.25,30907.25,30901.75,30903,241
1790344020,30903.25,30906,30898.75,30902.5,308
1790344080,30902.5,30907,30899.5,30905.25,253
1790344140,30906,30919,30906,30918,401
1790344200,30918.25,30918.75,30912.5,30917.25,350
1790344260,30917,30917.5,30910.75,30912.5,248
1790344320,30912.5,30912.75,30899,30899,390
1790344380,30899.25,30905.75,30897,30903.25,492
1790344440,30903,30903.5,30890.75,30900.25,710
1790344500,30899.75,30903.75,30898,30903.25,225
1790344560,30902.75,30908.75,30901,30906.75,393
1790344620,30906.75,30907.5,30903.25,30904.25,265
1790344680,30904.5,30911,30904.5,30906.5,389
1790344740,30906.75,30912.25,30906.75,30912.25,284
1790344800,30912,30916.75,30909,30909,507
1790344860,30909.25,30916,30907,30915,374
1790344920,30915.5,30916,30906.75,30908.75,218
1790344980,30909.75,30913.5,30909.25,30910.75,165
1790345040,30911.25,30912,30902.75,30905.25,223
1790345100,30904.75,30909.5,30901.75,30903.5,245
1790345160,30903.5,30906.75,30900.75,30903.5,201
1790345220,30903,30904.25,30896.5,30900.25,319
1790345280,30900.25,30911.5,30899.25,30911.25,440
1790345340,30911.25,30914.5,30910,30912.75,297
1790345400,30912.5,30914,30910,30910.75,223
1790345460,30911.75,30911.75,30906.75,30909.25,200
1790345520,30909,30916.75,30905.25,30915.75,381
1790345580,30915.5,30923.25,30915.5,30922.25,477
1790345640,30922,30929,30918.25,30928.5,562
1790345700,30928.5,30931,30924.25,30924.25,571
1790345760,30925,30928.75,30922.75,30925,374
1790345820,30925,30926.5,30923.5,30925.25,182
1790345880,30925.75,30929.75,30919.75,30920,404
1790345940,30920,30920,30913.5,30919.75,334
1790346000,30919.25,30922.5,30918.25,30920.5,265
1790346060,30920.5,30921.5,30913,30914.25,230
1790346120,30914.25,30919,30909.75,30911.5,309
1790346180,30911.5,30917,30910.5,30916.75,241
1790346240,30916.75,30920.5,30916.5,30917.75,220
1790346300,30917.5,30922.25,30916.25,30917.5,288
1790346360,30917.5,30917.75,30888.75,30896,2428
1790346420,30895,30899.25,30873,30879,1272
1790346480,30878.75,30887,30871.25,30883,1365
1790346540,30882.75,30891.5,30876.75,30891,932
1790346600,30891.5,30907.75,30890.75,30903.75,844
1790346660,30904.25,30916.5,30903.5,30911.5,694
1790346720,30910.75,30916.25,30907.5,30909.25,386
1790346780,30909.75,30915,30906.75,30911.75,334
1790346840,30911.5,30913,30905,30906.25,312
1790346900,30905.75,30908.25,30898,30905,451
1790346960,30904.75,30908,30903,30904.75,242
1790347020,30904,30906.25,30882.75,30886.75,814
1790347080,30886.25,30886.5,30878.5,30884,517
1790347140,30883.5,30885.5,30876.25,30876.75,468
1790347200,30876.75,30878.25,30868.5,30876.5,626
1790347260,30876.25,30882,30873.75,30880.25,541
1790347320,30880.5,30891.5,30880.25,30891,662
1790347380,30891,30894,30888.75,30892,419
1790347440,30891.75,30901,30889.75,30900,423
1790347500,30900,30902.5,30896.25,30897,396
1790347560,30897.5,30899.5,30889.75,30889.75,385
1790347620,30890,30890.75,30879.75,30882.5,513
1790347680,30882.25,30888.25,30880.5,30885.5,487
1790347740,30887,30888.75,30883.25,30885.5,258
1790347800,30885.25,30886.75,30879.25,30882.75,458
1790347860,30882.75,30887,30878,30883.5,330
1790347920,30884.25,30887.5,30881,30887.25,324
1790347980,30887.25,30887.75,30881.25,30882.5,236
1790348040,30882.25,30882.75,30873.25,30875,482
1790348100,30876,30881,30875.25,30876.75,361
1790348160,30877.25,30879.5,30871.5,30872,335
1790348220,30871.75,30874.5,30868.75,30872.5,474
1790348280,30872.75,30876.25,30868.5,30874.75,350
1790348340,30875.5,30877.5,30867.25,30868.5,346
1790348400,30869,30880.5,30869,30874.25,581
1790348460,30873.75,30888,30868.25,30870,1104
1790348520,30870.5,30871.75,30864,30868.25,434
1790348580,30868.25,30874.25,30863,30874,557
1790348640,30874.25,30883,30873.5,30880.5,478
1790348700,30880.5,30887.25,30876.5,30883,443
1790348760,30883,30888,30876.75,30879,415
1790348820,30879.25,30891,30878.25,30888.75,464
1790348880,30889,30892,30887.5,30891.5,310
1790348940,30891.25,30891.5,30884.75,30887.5,297
1790349000,30887.5,30891,30885.75,30889.25,333
1790349060,30890,30890,30882.75,30886.5,321
1790349120,30887.25,30894,30885.25,30892,389
1790349180,30892.75,30897,30888,30895,375
1790349240,30894.5,30900.5,30893.5,30898.75,368
1790349300,30898.5,30904,30893.75,30896.5,619
1790349360,30896.25,30898.25,30892.5,30894,270
1790349420,30893.75,30897.25,30890.25,30893.5,284
1790349480,30894.25,30897,30891.75,30896.25,206
1790349540,30896.25,30896.5,30886,30886,310
1790349600,30886.25,30890,30880.75,30880.75,399
1790349660,30880.75,30886.75,30878.75,30883.5,394
1790349720,30884.5,30885.25,30873.75,30875,380
1790349780,30875.25,30877.5,30870.75,30877.25,406
1790349840,30877.5,30885.75,30876.75,30879.75,421
1790349900,30879,30880,30872.75,30874.5,416
1790349960,30874.75,30875,30860,30866.5,729
1790350020,30866,30871.25,30863.75,30867.5,395
1790350080,30868.25,30874,30863.75,30865.25,398
1790350140,30866,30866.75,30859.25,30865.5,389
1790350200,30865.5,30867.25,30858,30862,712
1790350260,30861,30869.5,30858.25,30869.25,804
1790350320,30869,30870.5,30864.5,30867.5,371
1790350380,30867.75,30870,30863,30865,316
1790350440,30864.75,30866.5,30850,30852.25,590
1790350500,30852.75,30854.75,30849.25,30852.5,549
1790350560,30852,30855.25,30845,30854.5,576
1790350620,30853.5,30875,30852,30873,1693
1790350680,30872.75,30882.25,30870.75,30877.25,900
1790350740,30877.25,30882.75,30875.25,30880,345
1790350800,30880.5,30881.25,30872,30876.75,444
1790350860,30876,30884.5,30875.5,30879.5,336
1790350920,30879.25,30890.75,30879,30886,511
1790350980,30886.5,30899.5,30886,30897.25,636
1790351040,30898.5,30900,30887.5,30891.5,501
1790351100,30891.75,30915,30891.75,30907.25,1953
1790351160,30907.5,30918.75,30905.25,30916,849
1790351220,30916.25,30917.75,30909.25,30913.25,814
1790351280,30913.25,30914.75,30906.75,30909,759
1790351340,30908.75,30912,30906,30907,720
1790351400,30909,30930.5,30909,30930.5,1632
1790351460,30930.5,30935,30919.25,30924.75,912
1790351520,30925.75,30930.25,30919.75,30920.75,817
1790351580,30921,30928.25,30918.5,30923,763
1790351640,30923,30926,30907.75,30911.25,1474
1790351700,30911.75,30918.5,30900.25,30900.5,1603
1790351760,30900.75,30902.25,30889.75,30893.75,1204
1790351820,30893.75,30904.25,30893.25,30902.5,1179
1790351880,30902,30906,30896.5,30899.5,1233
1790351940,30899.5,30901.75,30883.75,30891.5,7277
1790352000,30891.75,30898,30880.5,30895.5,1935
1790352060,30895.75,30896,30883.75,30887.75,478
1790352120,30888,30895.5,30886.5,30895.5,511
1790352180,30896,30898.5,30893,30893.25,368
1790352240,30893.5,30898.75,30893.25,30895.75,384
1790352300,30895,30896.75,30888.75,30896.25,352
1790352360,30896,30898.25,30891.75,30895.75,247
1790352420,30895.5,30903,30895.5,30900.75,193
1790352480,30900.5,30904.5,30897.5,30899.5,257
1790352540,30899.5,30901,30895.5,30897,135
1790352600,30896.25,30897.75,30892.25,30894.25,265
1790352660,30893.5,30896,30890.75,30891.25,261
1790352720,30891.75,30894.75,30891,30893,141
1790352780,30893,30899.75,30893,30898.25,189
1790352840,30898.75,30899.5,30891.25,30892,370
1790352900,30891.25,30893,30889,30891.25,173
1790352960,30890.75,30892.25,30886,30887,127
1790353020,30886.5,30890.25,30884.25,30890.25,146
1790353080,30890.5,30891,30887,30888,76
1790353140,30889,30890.5,30888.75,30889.75,32
1790353200,30889,30890.75,30887.5,30889.5,63
1790353260,30889.5,30889.75,30886.5,30888.75,42
1790353320,30887.25,30888.5,30885,30885.5,103
1790353380,30885.5,30887.25,30884,30887.25,47
1790353440,30887.75,30890.75,30887.75,30888.5,59
1790353500,30888.75,30890.5,30887.25,30890,98
1790353560,30890,30896.75,30890,30891,164
1790353620,30891.75,30893.5,30890.25,30892.5,75
1790353680,30892.5,30897.25,30891.75,30897,69
1790353740,30896.75,30900,30895.5,30898.5,178
1790353800,30898.25,30904.5,30897.5,30901.75,177
1790353860,30902.5,30908.75,30902.5,30907.75,109
1790353920,30908,30909.75,30907,30909.5,83
1790353980,30910,30911,30908.75,30910.25,94
1790354040,30910.25,30914.5,30910.25,30913.75,139
1790354100,30913.5,30917.75,30913.25,30914.25,151
1790354160,30914.25,30921.75,30913.5,30914.5,216
1790354220,30913.25,30915.5,30912.25,30912.75,77
1790354280,30912.75,30913.75,30910.25,30912.5,47
1790354340,30913,30914.5,30911.5,30911.75,72
1790354400,30911.5,30914.5,30910.5,30911.75,45
1790354460,30912.25,30913,30910,30910.25,36
1790354520,30911,30912.25,30910,30910.25,48
1790354580,30910.5,30914.25,30910.5,30913.75,58
1790354640,30914,30917,30912.5,30916,104
1790354700,30915.5,30918.5,30914.25,30916.25,105
1790354760,30916.5,30917.75,30915.25,30917.5,106
1790354820,30917.5,30918.25,30913.25,30914.75,102
1790354880,30915.25,30916.75,30914,30916.5,96
1790354940,30916.25,30916.75,30915.25,30916,125
1790355000,30915.75,30918,30914.75,30916.25,84
1790355060,30916,30922,30915.25,30918.25,127
1790355120,30918.5,30921,30918.5,30919.5,40
1790355180,30919.75,30919.75,30915.75,30917.5,75
1790355240,30917,30918.75,30916.25,30917.25,88
1790355300,30916.5,30917,30914.25,30915.75,87
1790355360,30915,30915,30913.25,30913.5,47
1790355420,30913.25,30918.75,30913,30917.75,86
1790355480,30917.75,30920,30916.5,30919,48
1790355540,30919.25,30922.25,30918,30921.75,244
1790532000,30870,30920.75,30829.25,30841.25,1012
1790532060,30841.75,30874.5,30836.25,30852,528
1790532120,30851.5,30855,30822.25,30831.75,351
1790532180,30828.75,30847,30816.25,30841.25,393
1790532240,30844,30849.25,30840.5,30847.75,145
1790532300,30845.25,30865.25,30843.75,30849.75,322
1790532360,30849.75,30856.25,30844.25,30844.25,110
1790532420,30845.5,30862.25,30833,30848.25,300
1790532480,30849.25,30852.75,30838.75,30845,180
1790532540,30844.5,30851,30842.25,30843.5,90
1790532600,30844.5,30850.75,30844.25,30849,111
1790532660,30850.5,30850.5,30840.5,30846,130
1790532720,30845.75,30848,30834.5,30834.75,122
1790532780,30835.5,30838.25,30821.5,30824.75,189
1790532840,30825.25,30826.5,30816,30821.25,164
1790532900,30820.25,30824.25,30816.5,30821.25,124
1790532960,30822.5,30826.5,30820.25,30825,88
1790533020,30826.5,30832.25,30824.5,30830.25,156
1790533080,30832.75,30833,30821.25,30821.25,155
1790533140,30821,30826.75,30818.75,30820.25,98
1790533200,30820.25,30822.25,30795.75,30802.5,347
1790533260,30805,30813,30803.25,30813,145
1790533320,30812.5,30815,30806.25,30815,69
1790533380,30812.25,30827.5,30812.25,30826.5,158
1790533440,30826.25,30826.75,30820.75,30822.25,59
1790533500,30824.75,30825,30822.5,30824.75,34
1790533560,30824.25,30831.5,30823.5,30828,68
1790533620,30829.25,30843,30828.5,30841.5,174
1790533680,30840.25,30841.5,30835,30841.5,108
1790533740,30840,30840,30821.5,30823.75,175
1790533800,30822.5,30823,30810,30811.5,170
1790533860,30811.5,30816.25,30802,30810.75,243
1790533920,30812,30816.25,30807.75,30812.75,83
1790533980,30814.75,30814.75,30808.25,30809.75,50
1790534040,30808,30808.5,30800.25,30802.25,173
1790534100,30803,30809.25,30800.25,30804,135
1790534160,30803.5,30809.75,30801,30807,99
1790534220,30805.75,30807.75,30801.5,30803.5,63
1790534280,30804,30806.5,30802,30805.75,49
1790534340,30806.75,30809.5,30804.75,30809.25,41
1790534400,30808.25,30809,30807,30808,49
1790534460,30808,30809.25,30805.25,30805.25,58
1790534520,30805.25,30808.5,30802.75,30807.5,74
1790534580,30807.75,30807.75,30803.25,30805,37
1790534640,30804.5,30809.25,30804.5,30807.75,44
1790534700,30806.75,30807.25,30803.25,30805,57
1790534760,30804.75,30804.75,30798,30801,155
1790534820,30800.75,30800.75,30797,30799,92
1790534880,30798,30799,30790,30796.75,211
1790534940,30796.5,30796.75,30793.25,30795,35
1790535000,30796.25,30796.5,30790.5,30793.75,88
1790535060,30794,30794,30784.75,30789.25,168
1790535120,30790.25,30791.5,30781.5,30789.5,146
1790535180,30789.75,30791.25,30788,30790,55
1790535240,30789,30791.25,30785,30786.25,81
1790535300,30787,30792.25,30784.5,30790.75,125
1790535360,30790.25,30791.25,30786.5,30787,60
1790535420,30788,30790.75,30788,30790.5,15
1790535480,30789.25,30792.5,30788,30790.75,29
1790535540,30790,30791.5,30787.25,30791.5,44
1790535600,30792.25,30792.5,30783.25,30787.25,88
1790535660,30786.25,30790.75,30785.25,30790,41
1790535720,30790.25,30797.5,30789.5,30792.5,139
1790535780,30792.5,30794.5,30790,30792.75,45
1790535840,30793,30797.75,30791.25,30794.25,122
1790535900,30796.25,30797.75,30791.5,30792.5,44
1790535960,30792.25,30796.5,30790.5,30795.75,63
1790536020,30795.5,30797,30793.75,30795.5,31
1790536080,30796,30803.25,30796,30799.25,208
1790536140,30800.25,30804.75,30800,30801.25,61
1790536200,30802.5,30804.25,30800.25,30802,64
1790536260,30800.75,30807.25,30799.5,30807.25,76
1790536320,30806.75,30812.5,30805,30808,105
1790536380,30806.25,30810,30806,30809.25,42
1790536440,30808.75,30809.5,30806.5,30809.5,31
1790536500,30810.25,30812,30805.75,30806.75,52
1790536560,30805.5,30811,30805,30810.25,36
1790536620,30810,30812.75,30807.75,30809,80
1790536680,30808.25,30809.25,30806.75,30808.5,47
1790536740,30809.25,30816.75,30809.25,30815,120
1790536800,30815.25,30821.25,30813.75,30820.5,131
1790536860,30820.25,30822,30819.25,30821.25,69
1790536920,30821.5,30828,30819.5,30824.5,175
1790536980,30823,30825,30820.25,30820.25,44
1790537040,30820.25,30820.25,30816.25,30816.25,100
1790537100,30816,30821.5,30815,30820.5,87
1790537160,30820.5,30823.5,30819.25,30819.75,59
1790537220,30819.75,30822.5,30817.25,30820.25,56
1790537280,30820.75,30821,30815,30817.5,55
1790537340,30818.25,30819.25,30815,30819,23
1790537400,30819.75,30823.25,30816.5,30818.5,31
1790537460,30816.5,30818.75,30809.5,30814.5,182
1790537520,30813.5,30817.25,30812,30813.25,33
1790537580,30815,30815.25,30810.5,30810.5,17
1790537640,30810.75,30811.75,30802.75,30807.5,112
1790537700,30806.25,30808.75,30803.75,30808.5,70
1790537760,30808,30808.75,30803.25,30807.75,36
1790537820,30806.5,30816.5,30804.75,30813.25,103
1790537880,30814.25,30814.25,30807.75,30812.25,30
1790537940,30809.25,30810.5,30808.75,30808.75,13
1790538000,30811.5,30814.5,30807.5,30812,41
1790538060,30812.5,30812.5,30804,30806.75,45
1790538120,30806,30807.5,30800.5,30805,127
1790538180,30804,30807.75,30803.75,30807,58
1790538240,30807.75,30813.25,30806,30812.25,57
1790538300,30812,30822,30812,30820,191
1790538360,30820.75,30829.75,30815.5,30825.75,232
1790538420,30825.75,30831.75,30823,30831,165
1790538480,30831,30845,30828,30843,317
1790538540,30843.75,30846,30835.25,30837.25,192
1790538600,30838.25,30847.25,30836.75,30847.25,123
1790538660,30847.25,30848.75,30838.75,30844,195
1790538720,30843.75,30843.75,30833.75,30835.25,131
1790538780,30837.25,30837.25,30822.5,30827,166
1790538840,30826,30828,30821,30827.75,96
1790538900,30827.25,30829.25,30824.25,30828.5,47
1790538960,30830,30840.5,30826.25,30840.25,190
1790539020,30840.75,30845,30837.75,30842.5,156
1790539080,30840.5,30847.25,30840,30846.75,77
1790539140,30847,30849.75,30841.25,30849.5,223
1790539200,30849.5,30858,30840.75,30845.5,512
1790539260,30843.5,30872.75,30843.5,30870.5,444
1790539320,30870,30884,30869,30871.5,550
1790539380,30871.25,30885.75,30868.5,30882.5,249
1790539440,30881.75,30882.5,30868.25,30875,211
1790539500,30875,30877,30865.5,30869,145
1790539560,30868.75,30878,30866,30878,260
1790539620,30877,30882.25,30869,30878.25,162
1790539680,30875.75,30878,30869,30872,94
1790539740,30873.5,30881,30870,30880,103
1790539800,30879.75,30886.75,30879.25,30881.75,226
1790539860,30882.5,30884.25,30877.75,30878.75,106
1790539920,30880,30891.75,30879.5,30891,163
1790539980,30891,30897,30886.25,30893.25,229
1790540040,30893,30897.25,30890,30896.5,139
1790540100,30895.5,30895.75,30882.75,30889.5,256
1790540160,30889.75,30889.75,30881.5,30884.5,172
1790540220,30884.5,30886.25,30876.75,30878.25,200
1790540280,30878.75,30886,30878.75,30885.75,90
1790540340,30885.75,30891,30882,30884.5,107
1790540400,30883.5,30888,30879,30879.25,148
1790540460,30880.5,30889,30880.25,30886,209
1790540520,30885.25,30893,30885.25,30893,274
1790540580,30893.5,30898.25,30890.75,30895.75,188
1790540640,30896.5,30897.5,30887,30887,209
1790540700,30885.25,30890.75,30882.25,30884.5,164
1790540760,30886.25,30886.75,30875.75,30878,192
1790540820,30880.25,30883,30874.25,30877,85
1790540880,30877.25,30877.5,30867.25,30877,231
1790540940,30877.5,30879.25,30871,30872.5,102
1790541000,30870.75,30872.75,30865.5,30868.25,105
1790541060,30869.5,30874,30858,30868.5,283
1790541120,30868.75,30872.5,30863.5,30866.75,97
1790541180,30867,30868,30833.25,30835.25,511
1790541240,30835,30845.5,30829,30842.25,453
1790541300,30841.75,30847,30838.75,30845,153
1790541360,30844,30845.25,30828,30829.75,252
1790541420,30829.75,30833.75,30826.75,30829,123
1790541480,30832,30837.75,30830,30837,154
1790541540,30837.25,30840,30832,30832,73
1790541600,30830.5,30833,30815.75,30819.5,281
1790541660,30818.5,30821.5,30811.25,30821.5,251
1790541720,30819.25,30823,30814.75,30822,132
1790541780,30820.75,30825.75,30817.25,30818.5,143
1790541840,30818.25,30830,30817.75,30824.75,162
1790541900,30825.5,30840,30825.25,30840,287
1790541960,30838.75,30857.25,30836.75,30848,413
1790542020,30849.75,30850,30836,30840,185
1790542080,30839.75,30845,30827,30828,219
1790542140,30828.75,30837.25,30827.25,30830,144
1790542200,30831.75,30832.25,30822.75,30830.5,137
1790542260,30829,30848.25,30828.25,30848.25,297
1790542320,30846.75,30853,30846.5,30848.75,145
1790542380,30849.5,30850.25,30839.25,30842.75,92
1790542440,30842.5,30842.5,30833.75,30833.75,117
1790542500,30835.5,30837.5,30821,30822.25,137
1790542560,30822.75,30827,30812.75,30812.75,230
1790542620,30812.25,30812.25,30804.75,30805.5,383
1790542680,30806,30813,30803.25,30805,180
1790542740,30804.5,30805,30791.5,30797.25,317
1790542800,30798,30804.75,30794.5,30801.25,379
1790542860,30802,30808.25,30797,30797,212
1790542920,30798.75,30822,30795,30806,470
1790542980,30809.25,30817,30792,30813.25,304
1790543040,30813.5,30824.5,30808.5,30824.5,214
1790543100,30824.75,30825.25,30794.25,30796.25,289
1790543160,30797.75,30800.5,30787.25,30794,264
1790543220,30793,30818.5,30790.75,30814.25,250
1790543280,30814.25,30816,30810.75,30815.5,105
1790543340,30813.25,30814.25,30802,30808.75,177
1790543400,30808,30813.5,30803,30806.5,120
1790543460,30806.5,30810.25,30800.75,30807.25,79
1790543520,30807.75,30810,30801.25,30807.5,88
1790543580,30806,30806.5,30795,30795.25,105
1790543640,30796.25,30807,30795.25,30797.75,97
1790543700,30798.75,30802.75,30775,30789.75,546
1790543760,30788.5,30792,30784,30789.75,188
1790543820,30790.25,30791.75,30779.5,30781.25,121
1790543880,30781.75,30783,30777,30778.25,154
1790543940,30776.5,30784.5,30772.75,30783.25,112
1790544000,30784,30790.25,30781.75,30788.5,213
1790544060,30789.25,30810.75,30787.25,30808.25,306
1790544120,30809.75,30812,30796.5,30796.5,163
1790544180,30795.75,30802.5,30789,30791,130
1790544240,30790.25,30792.75,30780.25,30787.25,172
1790544300,30787,30798.25,30784.5,30797.5,131
1790544360,30798,30806,30793,30805.25,92
1790544420,30805,30807.5,30793.25,30798.25,146
1790544480,30799.5,30811.25,30798.75,30810.5,131
1790544540,30811.5,30812.5,30801.5,30807,126
1790544600,30807.25,30820.75,30807.25,30815.5,229
1790544660,30815,30820,30815,30815.5,108
1790544720,30817.25,30822,30810.25,30820.5,158
1790544780,30820,30823,30808.5,30810.25,127
1790544840,30810,30811.25,30805.75,30808.5,118
1790544900,30810,30813.25,30800.5,30807.5,138
1790544960,30808.25,30811.25,30803.25,30808.5,95
1790545020,30805.75,30809.25,30804.75,30805.5,39
1790545080,30807.25,30809,30804.5,30806.75,36
1790545140,30806.75,30812,30806.75,30811,57
1790545200,30810.25,30810.25,30802.75,30803.5,102
1790545260,30804.75,30812,30796.5,30810.75,157
1790545320,30810.5,30816.25,30802.75,30802.75,118
1790545380,30802.25,30806.25,30796.5,30796.75,101
1790545440,30797,30797,30778.75,30782.75,387
1790545500,30783.5,30784,30773.75,30774.25,167
1790545560,30774,30780.25,30771.25,30776.25,151
1790545620,30777,30781.25,30771.75,30779.25,139
1790545680,30780,30789.75,30766.25,30767,342
1790545740,30766,30771.25,30754.25,30758.75,390
1790545800,30758.75,30762.5,30752.5,30753.25,351
1790545860,30754.25,30765,30751.75,30761,173
1790545920,30760.5,30766.25,30755.25,30762.75,182
1790545980,30764,30767.5,30758.75,30761.75,91
1790546040,30761.75,30763,30743,30751.75,376
1790546100,30751.25,30760.25,30749.25,30759.25,158
1790546160,30759.25,30761.75,30753.25,30761.25,139
1790546220,30760.25,30766.75,30747,30747,212
1790546280,30747.25,30751.75,30744.75,30750.25,147
1790546340,30748.5,30750,30741.5,30743,137
1790546400,30742.75,30744,30725,30729.25,473
1790546460,30729,30745.75,30725,30741.25,282
1790546520,30741.25,30742.5,30736.25,30742,112
1790546580,30742,30742.75,30728.25,30732.75,220
1790546640,30731,30738.75,30728.75,30737.75,145
1790546700,30738.5,30739.75,30731.75,30734,90
1790546760,30733,30738.25,30723,30732.75,166
1790546820,30733.5,30733.5,30721.25,30722.25,146
1790546880,30721.25,30734.25,30717,30733.5,262
1790546940,30734.5,30747.25,30734.25,30742.25,212
1790547000,30743,30755,30742.25,30746,321
1790547060,30746.75,30747.5,30740.75,30746,90
1790547120,30746.25,30754.25,30743,30747.75,107
1790547180,30749.75,30754.5,30749.25,30754,107
1790547240,30753.75,30759.75,30745.25,30752.25,139
1790547300,30752.25,30752.25,30738.75,30739.75,106
1790547360,30740.5,30740.5,30729.75,30730.75,152
1790547420,30732,30734.5,30726.5,30727.25,125
1790547480,30727,30727.25,30720.25,30721.25,187
1790547540,30720.25,30732.25,30719.75,30731.75,162
1790547600,30732.5,30733.25,30720,30725.25,133
1790547660,30724.75,30728.75,30713.5,30715,244
1790547720,30715.75,30726.25,30712.75,30722,197
1790547780,30720,30720.75,30707,30711.25,212
1790547840,30711.5,30712,30701.25,30704.5,230
1790547900,30705.5,30709.25,30702.75,30707,198
1790547960,30705.75,30719.5,30703,30719.5,136
1790548020,30719.5,30735,30719.5,30734.25,304
1790548080,30734.25,30735.5,30724.5,30729.25,134
1790548140,30728.75,30729.25,30715.25,30717,135
1790548200,30717.5,30720.75,30703.25,30705.75,220
1790548260,30705.75,30714.5,30705.75,30711,228
1790548320,30711.75,30715.5,30709,30711,52
1790548380,30712.75,30727.5,30711.75,30719.5,180
1790548440,30719.75,30720.5,30709,30709,107
1790548500,30710.5,30717.75,30709,30713.5,46
1790548560,30714.25,30714.5,30696.5,30697.5,343
1790548620,30697.75,30701,30693.5,30700.75,228
1790548680,30700.25,30705.5,30697,30697.5,126
1790548740,30698.5,30701.75,30695.75,30698,106
1790548800,30697,30709,30695.5,30702,142
1790548860,30700.25,30702,30691.25,30695,133
1790548920,30695.25,30698,30694.5,30698,56
1790548980,30698.5,30702.5,30697.5,30699.5,59
1790549040,30699.75,30706.75,30697.25,30702,69
1790549100,30702.75,30705.25,30697,30701.25,82
1790549160,30701,30702.5,30693.5,30694,88
1790549220,30695.75,30695.75,30680.25,30684.5,277
1790549280,30684,30689.5,30681.5,30684,154
1790549340,30684.25,30690.25,30683.75,30686.5,91
1790549400,30685.75,30691,30683.5,30689,83
1790549460,30690,30694.25,30683.75,30686,127
1790549520,30686.5,30694.5,30684.5,30693.5,66
1790549580,30693.5,30697.25,30688.75,30694.5,99
1790549640,30693,30695,30689.5,30691,54
1790549700,30689.75,30690.5,30672,30675,473
1790549760,30675,30675,30667.75,30669.75,164
1790549820,30669.25,30676,30669.25,30674,106
1790549880,30674.25,30686,30674.25,30678.5,140
1790549940,30678.5,30683.25,30677.75,30679.25,104
1790550000,30679.75,30699.5,30679.75,30696.75,263
1790550060,30696.25,30697.25,30688.25,30692.5,112
1790550120,30692.25,30694,30678,30682.5,155
1790550180,30681,30689.75,30680.75,30683,120
1790550240,30684.25,30693,30684.25,30689.5,130
1790550300,30691.75,30699.25,30687.75,30689.75,202
1790550360,30689.5,30698.25,30685,30696,111
1790550420,30696.5,30703.75,30693.75,30696,199
1790550480,30697.75,30698.75,30692.25,30695.75,139
1790550540,30697.5,30702,30689.25,30696.75,127
1790550600,30697.75,30704,30697.75,30701,125
1790550660,30699.75,30699.75,30683.75,30685.5,174
1790550720,30686.75,30692,30681.75,30691.75,99
1790550780,30692.75,30701,30692.75,30696.75,149
1790550840,30695.5,30696.75,30680,30680,103
1790550900,30679.75,30688.75,30677.25,30677.75,159
1790550960,30678.5,30682.25,30673.5,30677,87
1790551020,30677,30679.75,30673,30678,42
1790551080,30678.25,30680.75,30674.75,30677,89
1790551140,30677.25,30686.5,30675.75,30676.25,101
1790551200,30676.75,30682,30674.5,30682,64
1790551260,30680.75,30681.25,30671.25,30675.5,83
1790551320,30675.25,30675.25,30667,30672,227
1790551380,30673.5,30685.5,30673.5,30679.75,144
1790551440,30678.75,30683,30674.5,30676,70
1790551500,30675.75,30676,30668.25,30672,101
1790551560,30673,30674,30667,30668.25,74
1790551620,30668,30670.75,30664,30665.75,156
1790551680,30665.75,30674,30665.25,30670,82
1790551740,30668.75,30672,30663.75,30664.5,71
1790551800,30665.75,30669.25,30656,30661.75,189
1790551860,30660.5,30669.25,30657.25,30669.25,115
1790551920,30669.5,30669.75,30661,30661.5,75
1790551980,30661.25,30668,30660.75,30664.25,64
1790552040,30663,30663.75,30654,30654,126
1790552100,30654.75,30660.5,30650.75,30654.75,202
1790552160,30654.5,30655.25,30644,30654,366
1790552220,30653,30657.5,30651.25,30653,106
1790552280,30653.75,30658,30653,30658,66
1790552340,30657.5,30666.75,30655,30659,109
1790552400,30657.75,30667.75,30651.25,30659.5,173
1790552460,30659,30659.5,30653.25,30657.75,71
1790552520,30658.75,30667.25,30658.75,30663,78
1790552580,30663.25,30666.75,30662.75,30664.5,43
1790552640,30662.75,30668.75,30662.25,30667.25,51
1790552700,30667.25,30669.5,30662.75,30666.75,78
1790552760,30667.75,30671.25,30666.25,30666.5,74
1790552820,30667.5,30676.25,30667.5,30674.5,156
1790552880,30673.5,30674.25,30665.75,30672,96
1790552940,30672.25,30681.25,30670.25,30676.25,126
1790553000,30675.5,30675.5,30666.25,30669,93
1790553060,30671,30671,30657.75,30662.5,139
1790553120,30662.5,30663.25,30660.25,30661.5,35
1790553180,30662.75,30668,30661.25,30666.5,64
1790553240,30666.75,30672.75,30665.75,30671.5,80
1790553300,30671.5,30671.5,30652.5,30652.5,108
1790553360,30653.75,30659.25,30650.75,30651.5,93
1790553420,30651,30652.5,30647.25,30650.75,125
1790553480,30652.5,30653.75,30648.25,30650,40
1790553540,30651,30651.75,30641.25,30648.75,202
1790553600,30648.5,30649.25,30638.5,30641.5,172
1790553660,30641.5,30655.5,30639,30655,151
1790553720,30654.25,30658.5,30652.75,30657,65
1790553780,30657.25,30658.25,30652.25,30655.75,58
1790553840,30654,30656.5,30651,30655,48
1790553900,30654.25,30659,30652.5,30657.75,78
1790553960,30657,30661,30652.25,30656.25,69
1790554020,30657.5,30659.5,30653.5,30655,38
1790554080,30656.25,30657.25,30652.75,30657.25,49
1790554140,30657.25,30669.75,30656,30666.25,143
1790554200,30667.25,30675,30667,30674,109
1790554260,30675,30676,30671,30676,105
1790554320,30675.25,30680.25,30674,30679.25,115
1790554380,30679.75,30679.75,30674,30674,25
1790554440,30673.25,30688.25,30673,30684.75,169
1790554500,30684.5,30685.25,30677.75,30677.75,131
1790554560,30677.25,30678.75,30672.25,30673.5,74
1790554620,30673.5,30683.75,30673.5,30679.25,75
1790554680,30679,30682.75,30679,30682,69
1790554740,30682,30687.25,30679.25,30686,94
1790554800,30685.5,30697.5,30685.5,30694.5,272
1790554860,30693.5,30694.25,30691,30692.25,50
1790554920,30692,30692.5,30685.25,30686.75,79
1790554980,30685.25,30690.25,30685.25,30687.5,39
1790555040,30687,30694.25,30686.75,30692.5,45
1790555100,30692.5,30694.25,30681.75,30686.25,130
1790555160,30686,30686.25,30676.75,30680.25,95
1790555220,30679.5,30683.25,30678,30680.5,43
1790555280,30682.25,30687.25,30682.25,30684,46
1790555340,30685.25,30689.25,30683.5,30687.5,57
1790555400,30688,30689.25,30679,30679.25,57
1790555460,30679.5,30684.75,30679,30684.75,60
1790555520,30683,30683.75,30679.25,30679.25,31
1790555580,30681.25,30684.25,30677.75,30681.25,64
1790555640,30682,30684.75,30675,30680.5,97
1790555700,30682.25,30683.5,30675.5,30678,43
1790555760,30678.25,30681,30673.25,30680.25,60
1790555820,30680.25,30682.5,30678,30681.5,36
1790555880,30682.75,30683.75,30681.25,30681.75,34
1790555940,30682.25,30682.5,30680.75,30680.75,15
1790556000,30681,30684.5,30680.25,30681.5,41
1790556060,30681,30685.25,30679,30683.75,69
1790556120,30684.75,30685.75,30682,30684.5,49
1790556180,30684.75,30688,30683.75,30685.5,58
1790556240,30685.5,30686.25,30682.25,30684.25,26
1790556300,30683.75,30684.25,30674.25,30675.5,62
1790556360,30675.25,30677.5,30674,30677.5,61
1790556420,30675.75,30675.75,30668,30669,97
1790556480,30669.5,30673.25,30668,30672.75,42
1790556540,30673.25,30674.5,30671.75,30674.5,32
1790556600,30675,30685.25,30674,30685.25,121
1790556660,30685,30685,30679.25,30681,133
1790556720,30680,30683.75,30680,30682,19
1790556780,30681.75,30684,30681,30682.25,17
1790556840,30683.75,30683.75,30677,30679.75,36
1790556900,30679,30681,30676.5,30679,39
1790556960,30680.25,30686,30679.25,30680,113
1790557020,30680.75,30683.25,30680.75,30682.25,32
1790557080,30681,30681,30678.25,30680.5,36
1790557140,30679,30679.75,30673,30677.75,57
1790557200,30678.5,30693.5,30678.25,30692.5,173
1790557260,30693.25,30705.5,30693.25,30698.25,329
1790557320,30698.5,30701.25,30695.5,30701.25,93
1790557380,30701.25,30701.25,30689.75,30694,98
1790557440,30693.25,30696.25,30690,30693.25,75
1790557500,30693.75,30695.5,30683.5,30685,104
1790557560,30685.25,30691.25,30684.5,30684.5,65
1790557620,30685,30687.25,30679,30683.25,182
1790557680,30682,30682,30675,30680,109
1790557740,30680.25,30683.75,30677,30679,93
1790557800,30677.25,30682.5,30672.25,30674.75,113
1790557860,30674,30674.5,30662.75,30665.5,197
1790557920,30665.25,30670.5,30663.75,30665,85
1790557980,30663.25,30664.75,30659.25,30662.5,90
1790558040,30662.25,30670.5,30660,30669.75,71
1790558100,30670.25,30678.5,30669.75,30675.25,132
1790558160,30676.25,30677.75,30673,30673,38
1790558220,30674.75,30676.25,30664,30668.75,59
1790558280,30667.75,30668.5,30660,30662.25,78
1790558340,30665,30665,30656.25,30661.25,76
1790558400,30660.5,30662.25,30654,30656.75,107
1790558460,30658.25,30660.5,30655,30657.25,59
1790558520,30656.25,30657.75,30652.75,30653,41
1790558580,30653.75,30663.75,30653,30663.5,67
1790558640,30664,30665.25,30658.5,30660.5,71
1790558700,30660.5,30669.25,30658.75,30665,75
1790558760,30663.5,30669.5,30663,30669,145
1790558820,30667,30672,30667,30669.75,48
1790558880,30670.25,30675.25,30668.75,30669.25,77
1790558940,30669.25,30670.5,30656.75,30665.25,106
1790559000,30664.25,30664.25,30648.5,30654.25,199
1790559060,30653.5,30657.25,30647.25,30649,109
1790559120,30648.25,30658.75,30647.75,30658.75,114
1790559180,30659,30668.75,30654.5,30654.5,212
1790559240,30655,30663.5,30653.75,30653.75,59
1790559300,30655.25,30667.5,30653,30659.25,86
1790559360,30658.5,30659,30652.75,30656,52
1790559420,30656.75,30662,30654.75,30658.5,58
1790559480,30657.25,30660,30645.25,30647,104
1790559540,30646.75,30651.5,30634.25,30643.5,291
1790559600,30644.75,30648,30641.25,30644.25,153
1790559660,30646.25,30647,30637,30640.5,147
1790559720,30640,30645.5,30636.25,30642,113
1790559780,30641.75,30641.75,30628,30634.5,229
1790559840,30632.5,30643,30632,30641.5,70
1790559900,30641,30650.25,30639.5,30641.25,117
1790559960,30641.5,30651.25,30639,30651,82
1790560020,30651.75,30655.25,30648.25,30648.5,97
1790560080,30648,30650.5,30643,30646,56
1790560140,30644,30650.25,30642.75,30650.25,47
1790560200,30649,30661.75,30648.5,30653,178
1790560260,30652.75,30652.75,30640.5,30642.25,90
1790560320,30643,30643.25,30637.25,30641,77
1790560380,30639.75,30639.75,30634.5,30635.25,80
1790560440,30638.25,30643.5,30636.5,30641.75,58
1790560500,30642,30645,30640.5,30642.25,83
1790560560,30642.5,30649.5,30642,30648.75,108
1790560620,30648,30651.75,30643.5,30651.75,105
1790560680,30650.75,30657.25,30646.5,30657.25,116
1790560740,30656,30656,30645.75,30650.25,106
1790560800,30651.5,30672.5,30649,30657,343
1790560860,30656.5,30664.25,30655.5,30658.5,142
1790560920,30660.25,30661.5,30646.25,30648.5,151
1790560980,30648.75,30651.25,30638.75,30644.25,173
1790561040,30644.75,30650.25,30635.5,30635.5,153
1790561100,30635.5,30638,30628,30637.75,242
1790561160,30637.5,30653.25,30636.5,30650.5,204
1790561220,30652,30655.75,30646.5,30648.5,154
1790561280,30648.5,30662.25,30647.5,30660,175
1790561340,30661.5,30666.75,30654,30658.25,160
1790561400,30659,30671,30659,30670,148
1790561460,30671.75,30679,30668.25,30672.5,198
1790561520,30672.5,30672.5,30661,30665.25,174
1790561580,30665,30665,30643.75,30644.5,181
1790561640,30645.25,30645.5,30630.75,30633,442
1790561700,30633.75,30634,30622.75,30628.75,365
1790561760,30630.5,30638,30630.5,30636.5,156
1790561820,30635.5,30636.5,30617.75,30618.5,291
1790561880,30619,30621.5,30613.75,30616.5,154
1790561940,30617,30617.25,30605.75,30609.25,247
1790562000,30608.5,30609,30595.5,30601,438
1790562060,30601,30608.25,30597.5,30608,129
1790562120,30607.75,30612.75,30605,30610.25,151
1790562180,30610.25,30610.5,30600.5,30608,96
1790562240,30609.75,30609.75,30597,30597.25,89
1790562300,30598,30599,30584.5,30588.25,313
1790562360,30586.75,30600.75,30582.75,30591.75,283
1790562420,30592.25,30598.25,30588.25,30596.75,104
1790562480,30595.75,30598.25,30587.25,30591.25,85
1790562540,30592.25,30596.75,30589.75,30590.75,155
1790562600,30590,30597.75,30580,30594.75,492
1790562660,30593.5,30615.5,30593,30613.75,336
1790562720,30615,30616.25,30604,30605.75,190
1790562780,30604,30604.25,30592,30596.25,219
1790562840,30596.75,30604,30591.5,30604,96
1790562900,30603.5,30620.5,30602,30618.5,198
1790562960,30618,30624.5,30614.75,30619,265
1790563020,30618,30621.75,30612.5,30621.25,108
1790563080,30623,30628.5,30616.5,30627,187
1790563140,30627.25,30630,30622.5,30627,101
1790563200,30628.25,30630.5,30615.25,30618.75,169
1790563260,30618.75,30632,30618.5,30632,131
1790563320,30632.5,30637.25,30628.5,30628.75,165
1790563380,30628,30630.75,30620.75,30622.5,89
1790563440,30622.5,30624,30611.5,30611.5,153
1790563500,30612,30621.75,30610,30621.75,129
1790563560,30621,30626.25,30617.25,30619.5,150
1790563620,30619,30625,30614.25,30622.25,116
1790563680,30622,30624,30614.25,30622.25,71
1790563740,30621.25,30624.25,30618.25,30624.25,47
1790563800,30624.25,30625.25,30613,30613.75,45
1790563860,30614,30625,30614,30618.25,60
1790563920,30616.75,30625.5,30616.5,30625.5,56
1790563980,30625.75,30641,30622.75,30633.75,149
1790564040,30633.75,30634.5,30620.5,30623,70
1790564100,30623,30629.25,30623,30625.5,45
1790564160,30620.75,30628.25,30620.75,30621.5,50
1790564220,30621,30626.5,30617.5,30626.25,71
1790564280,30627.25,30642,30626.75,30641.75,101
1790564340,30639.25,30648.75,30639.25,30646.25,124
1790564400,30645.5,30646.5,30623.5,30625,364
1790564460,30625,30627,30613,30623.25,225
1790564520,30623.75,30627,30616.5,30617.75,104
1790564580,30616.75,30624.25,30614,30615,124
1790564640,30614.25,30623,30605.25,30622.25,157
1790564700,30623,30623,30612,30612,125
1790564760,30614.5,30620,30612.75,30616.25,89
1790564820,30615.5,30618.5,30608.25,30614.75,82
1790564880,30614.75,30618.75,30612.5,30612.5,84
1790564940,30612.25,30627.5,30612.25,30619,157
1790565000,30617.75,30623,30611.75,30615,164
1790565060,30616.5,30618.25,30609.25,30611.75,125
1790565120,30611.75,30614.25,30605.5,30605.5,112
1790565180,30607.25,30609.75,30602,30602,79
1790565240,30602.5,30602.75,30590.5,30595.5,230
1790565300,30595.25,30601.5,30588.75,30600.25,177
1790565360,30599.75,30605.5,30598.75,30604.75,123
1790565420,30603.75,30609.5,30601,30604.75,202
1790565480,30605.25,30609,30595,30603.5,154
1790565540,30602.75,30607.75,30598,30606.75,125
1790565600,30606,30612.5,30599.5,30609.5,115
1790565660,30608.5,30608.5,30590.5,30594.5,137
1790565720,30595.5,30599.25,30589.5,30591.75,85
1790565780,30591.5,30612,30591.5,30607,173
1790565840,30607.5,30616,30604.75,30606.5,104
1790565900,30606,30618,30605.25,30610,102
1790565960,30612,30612.75,30590.75,30597,190
1790566020,30597.25,30597.75,30587.75,30594,99
1790566080,30594.5,30602,30590,30592.25,97
1790566140,30591.25,30599.25,30591.25,30595.75,102
1790566200,30596,30598.25,30587.25,30591.5,130
1790566260,30591.5,30595.75,30589.75,30592.75,74
1790566320,30592.25,30595.5,30588,30589,50
1790566380,30590.25,30601.75,30585.75,30590.75,167
1790566440,30590,30597.5,30587.5,30597.5,66
1790566500,30596.5,30600.25,30594.25,30597.25,68
1790566560,30599.25,30606.75,30599.25,30604.5,97
1790566620,30602.75,30602.75,30592.75,30592.75,122
1790566680,30593.75,30593.75,30576.5,30580,276
1790566740,30580,30594,30579.5,30591.25,91
1790566800,30590.25,30605.25,30588.75,30601.75,131
1790566860,30600.5,30613.25,30600.25,30603.25,162
1790566920,30603.5,30604.25,30588,30592.5,145
1790566980,30593.75,30595,30583.5,30584,102
1790567040,30583.75,30583.75,30564.25,30578.25,473
1790567100,30578.5,30591.5,30578.5,30588,173
1790567160,30589.5,30599,30587,30587.75,186
1790567220,30587.75,30592,30585.25,30589.25,69
1790567280,30589.5,30610.5,30589.5,30606.25,234
1790567340,30606,30617.5,30603,30614.25,142
1790567400,30614,30617,30605.75,30607.5,115
1790567460,30607,30615,30607,30611.5,85
1790567520,30611,30611,30595,30595.5,112
1790567580,30593,30601.75,30592.75,30597.5,100
1790567640,30596.75,30622.5,30595,30621.5,161
1790567700,30621,30630.25,30615.75,30627.25,204
1790567760,30625.75,30628.25,30620,30622.75,98
1790567820,30622.25,30622.25,30607.25,30607.25,131
1790567880,30606.5,30613,30603.5,30611,132
1790567940,30611.5,30614.25,30608.75,30609.75,102
1790568000,30610.5,30611.5,30589.25,30598.25,420
1790568060,30598.5,30619.25,30598.5,30615.75,204
1790568120,30615.75,30618.25,30609.5,30615.5,136
1790568180,30614.25,30617,30589.75,30594.5,212
1790568240,30593.75,30615.25,30593.75,30611,231
1790568300,30611.5,30611.5,30598,30598,99
1790568360,30598.75,30603,30593.25,30594.25,146
1790568420,30595.75,30604.75,30594.5,30601.5,120
1790568480,30604,30620.5,30604,30613,170
1790568540,30610.25,30617,30610,30613.25,88
1790568600,30612.75,30618,30607.75,30616,74
1790568660,30615.75,30618.75,30610,30613.75,99
1790568720,30612.75,30614,30602.75,30607,164
1790568780,30608.25,30620.5,30601.25,30618.5,118
1790568840,30617.25,30637.25,30616.75,30633.25,236
1790568900,30633,30640,30624.75,30625,209
1790568960,30625.25,30629.5,30618,30624.5,179
1790569020,30625,30627.5,30610,30618,150
1790569080,30617.75,30626.5,30610.5,30612.75,94
1790569140,30609.5,30614,30607.25,30613.5,46
1790569200,30612.5,30615.75,30609.25,30614,62
1790569260,30615,30615,30600.75,30609.25,146
1790569320,30608,30614,30605,30611.5,155
1790569380,30610,30615,30600.25,30602,132
1790569440,30602.25,30604.75,30592.5,30599.5,156
1790569500,30601.25,30608.75,30601.25,30607.75,85
1790569560,30606.75,30624.75,30606.75,30618,171
1790569620,30618.5,30620.5,30606.5,30606.5,96
1790569680,30609,30615,30608.25,30615,144
1790569740,30615.25,30622.75,30612.25,30622.75,145
1790569800,30622.5,30630.25,30618.75,30622.75,163
1790569860,30625,30627.75,30617.25,30620,78
1790569920,30620.75,30620.75,30604.75,30617.25,207
1790569980,30616,30618.25,30606.5,30607.5,63
1790570040,30608.5,30610.5,30605,30607.5,57
1790570100,30610,30612.5,30607.25,30607.75,35
1790570160,30607,30608.25,30599.25,30599.75,110
1790570220,30599,30599,30589.75,30591,177
1790570280,30589.75,30589.75,30583,30585,162
1790570340,30584,30584.75,30571,30582.5,271
1790570400,30584.25,30599,30582.25,30596.5,212
1790570460,30595,30596.5,30591,30592,98
1790570520,30591.75,30596,30589.25,30593,78
1790570580,30594,30594.5,30583.25,30585.25,109
1790570640,30585.5,30590,30583,30588.25,67
1790570700,30586.75,30588.25,30582.75,30585.25,38
1790570760,30583.5,30592.75,30575.75,30586.5,163
1790570820,30588.75,30597,30586.25,30593,106
1790570880,30593.75,30595.5,30584,30584,49
1790570940,30584.75,30590.5,30582.5,30590.5,42
1790571000,30590,30600.5,30590,30597.75,49
1790571060,30597.25,30597.25,30587.75,30593,68
1790571120,30592.5,30592.5,30576,30590.5,138
1790571180,30586.75,30594.5,30586.5,30590.25,84
1790571240,30587.25,30593.25,30580.25,30580.25,48
1790571300,30582.25,30586.75,30580.25,30582.25,137
1790571360,30580.75,30584,30578.5,30583,114
1790571420,30584.5,30591,30584.5,30590,60
1790571480,30589.25,30589.25,30582.5,30582.5,49
1790571540,30585,30587,30580,30580,101
1790571600,30578.75,30606.5,30575.5,30604,818
1790571660,30603,30605.75,30588.75,30589.25,127
1790571720,30591.25,30592.5,30576.5,30577.25,212
1790571780,30577.5,30578.75,30569,30570.25,166
1790571840,30570.25,30572.75,30563.75,30566.25,231
1790571900,30566.25,30566.5,30555,30564,322
1790571960,30563.75,30569,30559,30565,282
1790572020,30565,30574,30559.75,30564.75,140
1790572080,30565.75,30567.25,30553.25,30557.5,234
1790572140,30556.25,30556.25,30549.25,30549.75,227
1790572200,30551,30552.75,30544.5,30547,188
1790572260,30546.25,30552,30537,30539.25,473
1790572320,30538.25,30546.25,30531,30544.5,280
1790572380,30543,30543.75,30536.25,30542.5,112
1790572440,30543.25,30549.25,30542.5,30543.75,255
1790572500,30544,30554,30543.25,30546.5,237
1790572560,30545.5,30546.25,30538,30540.25,118
1790572620,30540.75,30547.25,30535.75,30545.75,130
1790572680,30544.25,30550.75,30542.5,30549.75,170
1790572740,30549.75,30574.5,30548.5,30571.75,518
1790572800,30572.5,30583,30569.25,30577.25,364
1790572860,30575.5,30590.25,30574.5,30583.5,268
1790572920,30584.25,30587.25,30577,30583.75,145
1790572980,30583.5,30586.25,30576.75,30578.25,80
1790573040,30577.75,30582,30576.25,30578.5,98
1790573100,30578.75,30581,30574.5,30579,132
1790573160,30579,30583.25,30571.25,30576.75,119
1790573220,30575.25,30575.25,30566.5,30575,159
1790573280,30575.5,30582.25,30571.75,30575,189
1790573340,30575.25,30588.75,30573.25,30587.75,204
1790573400,30587.75,30592.5,30580,30580,174
1790573460,30579.5,30583,30577,30577.25,92
1790573520,30578.5,30586.25,30578.25,30585,94
1790573580,30584.5,30585.5,30569,30570.5,126
1790573640,30570.25,30574.25,30559.5,30560,132
1790573700,30560,30571,30559.25,30571,168
1790573760,30570.75,30583,30570.75,30581.5,139
1790573820,30583.5,30584,30572.5,30575.25,81
1790573880,30574.75,30574.75,30567.75,30571.75,86
1790573940,30572.75,30576.75,30571,30571.5,44
1790574000,30570.5,30590,30570.5,30585.75,117
1790574060,30585.75,30586.25,30577,30577.75,106
1790574120,30577.25,30587.25,30577.25,30587.25,61
1790574180,30587.75,30591.25,30587,30589.5,108
1790574240,30590,30594.5,30588.25,30594.5,91
1790574300,30594,30600.25,30593,30599,220
1790574360,30599.5,30599.5,30589.5,30591.25,173
1790574420,30592.5,30600.75,30591.25,30591.25,100
1790574480,30591.5,30600.5,30591.5,30597,92
1790574540,30597.25,30601,30593.5,30598.5,67
1790574600,30599,30607.25,30597.75,30602.5,189
1790574660,30600.75,30602.75,30596,30599.5,86
1790574720,30600,30601.25,30596.25,30599,63
1790574780,30599.75,30601.75,30592,30593.25,69
1790574840,30592.75,30598.25,30592.5,30595.5,56
1790574900,30594.5,30597.25,30593.5,30597.25,50
1790574960,30597.5,30597.5,30586.5,30592.5,134
1790575020,30591.25,30592.75,30586,30589.75,56
1790575080,30589,30589,30582.5,30586.25,82
1790575140,30585.75,30592.25,30583.75,30591.75,82
1790575200,30592,30605,30590.5,30601.75,198
1790575260,30601,30605.25,30594.75,30598,66
1790575320,30597,30599.5,30589.75,30597,49
1790575380,30596.5,30606,30593.5,30602.75,67
1790575440,30603.25,30607,30602,30605.25,41
1790575500,30605.75,30606,30593.5,30597,207
1790575560,30596.5,30597.5,30585,30589.75,140
1790575620,30588,30589.25,30574,30574,178
1790575680,30574.25,30578,30564.5,30567,280
1790575740,30566.5,30572.25,30562.75,30567.75,106
1790575800,30566.25,30569,30564,30565,74
1790575860,30563.75,30563.75,30549,30558,268
1790575920,30557.5,30582,30556,30566.25,514
1790575980,30564.25,30567.25,30557.25,30566.25,92
1790576040,30565.5,30568.5,30562.75,30568.5,98
1790576100,30568.5,30579.25,30568,30575.75,244
1790576160,30575.25,30577.5,30573,30573,29
1790576220,30574.25,30577,30570,30570,50
1790576280,30569.25,30577,30565.5,30572.5,59
1790576340,30571,30576.5,30564.5,30565,41
1790576400,30564.75,30570.5,30564.5,30567.25,61
1790576460,30568.75,30577.5,30568.75,30575.75,71
1790576520,30576.5,30577.5,30573.5,30574.75,27
1790576580,30574.75,30575.5,30571.25,30573.5,40
1790576640,30573.25,30574.75,30566.5,30570,63
1790576700,30570.5,30572.75,30568.75,30570.75,30
1790576760,30572,30576,30571.25,30571.75,68
1790576820,30570.5,30571.25,30559.5,30562.5,161
1790576880,30561.5,30568.25,30561.5,30564.5,40
1790576940,30564.25,30576.5,30564.25,30576,79
1790577000,30575.25,30581.25,30561.5,30562.5,120
1790577060,30564.5,30576.5,30564.25,30576,49
1790577120,30575.5,30575.75,30569.5,30573.5,32
1790577180,30572.5,30578,30570.5,30578,36
1790577240,30578,30581,30573.75,30577.5,42
1790577300,30579,30583.75,30576.25,30578.25,122
1790577360,30578,30578,30566.5,30569.5,48
1790577420,30570.75,30575.25,30568.75,30569,68
1790577480,30569,30570.75,30566.75,30567.75,108
1790577540,30569,30578,30569,30573.5,108
1790577600,30572.5,30577.5,30570.75,30572.75,31
1790577660,30575.25,30585.5,30575.25,30582.5,87
1790577720,30582.5,30583.25,30574.75,30579.25,64
1790577780,30579.5,30580.25,30576,30577.5,41
1790577840,30578,30579,30575.75,30576.25,26
1790577900,30575.5,30579.25,30573.75,30577.25,85
1790577960,30577.5,30585.25,30577.5,30579,90
1790578020,30581,30581,30577.25,30579.5,46
1790578080,30579,30583.25,30574.75,30582.5,91
1790578140,30580.25,30589.5,30580,30586.25,67
1790578200,30583.5,30595.25,30582,30593.75,102
1790578260,30593.25,30600.25,30593.25,30599.25,157
1790578320,30600.25,30616.25,30599.25,30609.25,608
1790578380,30609.5,30611,30602.75,30603,195
1790578440,30603,30604.75,30598,30600.25,107
1790578500,30601.5,30601.75,30591.25,30600.5,183
1790578560,30600,30600,30590,30590.5,108
1790578620,30592.5,30598.5,30590.5,30592.5,65
1790578680,30593,30598,30591.5,30596.25,61
1790578740,30596.75,30597.25,30583.5,30584.5,212
1790578800,30585.75,30648.5,30585.75,30629.75,2615
1790578860,30631.25,30637.75,30615.75,30624.25,674
1790578920,30625.5,30631.5,30617.75,30629,336
1790578980,30628.25,30631,30610.5,30611.75,323
1790579040,30612,30615.75,30600,30613.5,350
1790579100,30614.25,30617.25,30596.25,30600.5,301
1790579160,30599,30606,30596.25,30602.5,212
1790579220,30600.25,30607.75,30593.25,30605.75,261
1790579280,30605.25,30608,30587.5,30601.5,284
1790579340,30602.75,30611,30600.5,30610.25,142
1790579400,30609.75,30609.75,30597,30597.75,167
1790579460,30596.5,30601.5,30591,30591.75,122
1790579520,30591.5,30601,30587,30592.75,167
1790579580,30593.5,30598.75,30589.75,30598.25,106
1790579640,30596.5,30601,30592.5,30594,87
1790579700,30593,30598.75,30590.75,30597,95
1790579760,30596.75,30627.5,30591.25,30620.75,1162
1790579820,30619.75,30629.25,30616.5,30623.75,312
1790579880,30625.5,30626.25,30604.75,30604.75,188
1790579940,30607.5,30607.5,30588.75,30592.25,187
1790580000,30591.25,30595.25,30588.75,30594.5,109
1790580060,30595.5,30606,30595.5,30605.5,153
1790580120,30605.5,30627,30605.5,30624.5,252
1790580180,30625,30636.25,30620.75,30630.75,215
1790580240,30629.5,30639,30628.75,30638.75,121
1790580300,30639.25,30639.75,30632.5,30635.5,132
1790580360,30636.25,30641,30631.25,30641,199
1790580420,30640,30640,30634.25,30634.75,79
1790580480,30635.5,30641.75,30635.5,30637.75,115
1790580540,30637.5,30642.75,30633.5,30641.5,101
1790580600,30641.25,30644,30627.25,30629,139
1790580660,30628.5,30633.75,30628.25,30630.75,114
1790580720,30631.75,30635.75,30629,30630,102
1790580780,30629.25,30634.25,30619.5,30632,146
1790580840,30633,30638,30629.25,30637,125
1790580900,30637.75,30637.75,30629.5,30633.5,52
1790580960,30636.75,30639.25,30633.5,30636.25,93
1790581020,30636.5,30642.75,30636,30640,86
1790581080,30639.25,30642,30635,30635.5,90
1790581140,30635.25,30638.75,30634.25,30635.5,90
1790581200,30636.25,30639.25,30633,30635,79
1790581260,30636,30645,30634,30635.25,200
1790581320,30636.75,30639.25,30629.75,30633.25,216
1790581380,30633.25,30634.5,30627.5,30631.75,131
1790581440,30632.5,30644,30631.5,30644,122
1790581500,30643.25,30649,30641,30642.5,276
1790581560,30643.5,30644.5,30632.25,30640,102
1790581620,30638,30643.25,30636,30636,65
1790581680,30637.5,30639,30634.75,30637.75,82
1790581740,30637.5,30639.25,30634.75,30639.25,139
1790581800,30639.75,30640,30630.5,30635.75,80
1790581860,30635.5,30640,30633.5,30637,74
1790581920,30636.75,30645,30635.75,30637.75,67
1790581980,30637.5,30637.5,30625.75,30628,97
1790582040,30628.25,30632,30624.25,30629.5,130
1790582100,30628.5,30635.75,30627.25,30635.75,87
1790582160,30635.25,30644,30635,30638.25,92
1790582220,30641,30645,30634,30637,103
1790582280,30638.5,30639.25,30633,30634.5,54
1790582340,30634.25,30641.5,30630,30641.25,92
1790582400,30639.5,30644.75,30623.75,30625,220
1790582460,30624.5,30624.5,30612.5,30618.5,227
1790582520,30618.75,30622,30614.25,30620.5,100
1790582580,30620.25,30623.25,30615.25,30621,95
1790582640,30621.25,30687,30616.75,30681,2203
1790582700,30681.25,30697,30678.5,30692.75,482
1790582760,30692.5,30713,30691.25,30708,602
1790582820,30708.25,30712,30700.75,30704,415
1790582880,30705.25,30705.25,30680,30692.5,385
1790582940,30692.75,30699.5,30689.5,30698.5,253
1790583000,30698.5,30711.25,30696,30702.5,369
1790583060,30702.5,30718.25,30699.5,30710.5,518
1790583120,30710,30713.5,30689.5,30690.25,327
1790583180,30690,30697.5,30685.75,30693.75,191
1790583240,30693.25,30703.75,30693,30703.75,175
1790583300,30702.25,30709.5,30699.5,30705.75,111
1790583360,30706,30712.5,30702,30712.5,119
1790583420,30709.75,30722.25,30703.75,30705.75,350
1790583480,30705.75,30713.75,30704,30709,136
1790583540,30708.75,30727.25,30708.5,30724.5,284
1790583600,30723.5,30735.75,30722.75,30734,317
1790583660,30735,30735.25,30719.5,30721.5,249
1790583720,30721.25,30722.25,30694.25,30694.25,481
1790583780,30694.25,30704.75,30688.25,30704.75,353
1790583840,30704.25,30710.25,30704,30704.75,220
1790583900,30706,30707.5,30695.5,30703.5,178
1790583960,30703.75,30729.5,30699.5,30713.75,796
1790584020,30715.25,30715.25,30705.5,30711.5,139
1790584080,30710.75,30711.25,30698,30698,126
1790584140,30698.25,30700,30694,30694,134
1790584200,30694.5,30700.75,30691.75,30700.5,334
1790584260,30699.75,30704.25,30696.25,30698.5,219
1790584320,30699.5,30707,30691.75,30705.5,176
1790584380,30706.25,30708.25,30697.25,30706.75,249
1790584440,30705.5,30718,30699.25,30715.5,291
1790584500,30715,30716,30703.5,30714.75,189
1790584560,30714.5,30717.25,30707.5,30709.5,254
1790584620,30707.75,30713.25,30700.75,30712.5,354
1790584680,30714,30714,30699.25,30707.75,281
1790584740,30708.25,30711.5,30702.5,30711.5,167
1790584800,30711.75,30711.75,30694,30695.5,341
1790584860,30697.5,30714,30697.5,30712,306
1790584920,30711.25,30717.75,30709,30716.75,263
1790584980,30717.25,30720.75,30711.25,30711.25,253
1790585040,30713.25,30728,30713.25,30727.75,211
1790585100,30728,30738.25,30727.5,30738,360
1790585160,30737.5,30743.25,30735.25,30736.5,330
1790585220,30738,30739,30724.75,30726,273
1790585280,30724.75,30735.5,30720.5,30733.25,322
1790585340,30734,30734,30723.25,30727.25,144
1790585400,30727,30734.5,30724,30729.5,233
1790585460,30729,30730,30722,30723,157
1790585520,30723.75,30739,30722.5,30729,247
1790585580,30729.5,30741.5,30723.75,30741,179
1790585640,30739.75,30746.75,30738.5,30741,255
1790585700,30741.5,30742.75,30722.75,30733,350
1790585760,30732.75,30750.25,30731,30748.75,343
1790585820,30748.5,30753,30745,30747.5,400
1790585880,30747,30747.5,30732,30737,368
1790585940,30737.25,30741.5,30734.75,30739,186
1790586000,30739.25,30740.25,30716.25,30720.25,625
1790586060,30719.75,30723.25,30708.75,30712.25,610
1790586120,30711.5,30715.5,30704.5,30708.5,433
1790586180,30707.75,30708.75,30702.25,30706,227
1790586240,30706.5,30706.75,30699,30700.25,275
1790586300,30699.75,30704,30697,30701.5,319
1790586360,30701,30708.75,30700,30705,248
1790586420,30704.5,30712,30704,30710.75,227
1790586480,30711,30713,30704.75,30709.5,180
1790586540,30709,30712.75,30705.5,30708,129
1790586600,30708.25,30716,30703.75,30714,323
1790586660,30713,30717.25,30707.5,30711.75,385
1790586720,30712.5,30715.5,30703.5,30706.5,176
1790586780,30706.75,30709.5,30702.25,30707.25,149
1790586840,30706.5,30710,30704.5,30708.75,336
1790586900,30709,30714.25,30707.5,30708.5,185
1790586960,30709.75,30716.25,30708.5,30709.5,176
1790587020,30709.75,30716.25,30704.5,30707.5,268
1790587080,30708,30711.5,30692.25,30698.75,862
1790587140,30698.75,30701.75,30691,30700.25,489
1790587200,30699.5,30702.5,30693.5,30701.75,244
1790587260,30702.5,30708.25,30701.5,30705.5,159
1790587320,30705,30705.25,30694.75,30696.75,207
1790587380,30695.75,30702.25,30692.75,30696.25,308
1790587440,30695.25,30699.5,30693.5,30698.25,264
1790587500,30697.75,30714.25,30697.75,30712.25,764
1790587560,30712.5,30719.75,30710.25,30716.5,363
1790587620,30716,30720.25,30708,30719.25,604
1790587680,30719,30724.75,30703,30722.75,663
1790587740,30722.75,30723.5,30712.75,30717.75,605
1790587800,30718,30729.75,30691.75,30695.25,4737
1790587860,30695.25,30716,30675.25,30709.25,3337
1790587920,30710.25,30759.25,30709.5,30738.25,4260
1790587980,30737.5,30737.5,30692.25,30709.75,3424
1790588040,30709.75,30710.5,30671.75,30677,3172
1790588100,30677,30679,30620.25,30629.75,4029
1790588160,30630,30665.5,30618,30658.25,3096
1790588220,30658.25,30669,30641.5,30643.25,2588
1790588280,30644.5,30654.25,30624.75,30645.5,2221
1790588340,30645.5,30665.25,30639.5,30643,1757
1790588400,30643.75,30658.5,30635,30648,2078
1790588460,30647.5,30652.25,30621,30625.75,1852
1790588520,30626.25,30652,30623.75,30642,2249
1790588580,30642.25,30649,30633.5,30646,1461
1790588640,30645.75,30645.75,30600.75,30611.5,2847
1790588700,30612.25,30621.5,30593.25,30603,2804
1790588760,30603,30616.75,30592.5,30611.5,2331
1790588820,30611.75,30639.5,30606.25,30622.25,2775
1790588880,30623,30641.5,30613.75,30633.5,1928
1790588940,30634.25,30650,30622.25,30628.25,2368
1790589000,30629,30639,30600.75,30609.75,2281
1790589060,30609.5,30610,30583,30591.25,2815
1790589120,30592,30612.5,30586.25,30608.5,1687
1790589180,30609.25,30649.75,30607.5,30643,2294
1790589240,30644.25,30666.75,30639,30651.75,2306
1790589300,30653,30668.5,30639.75,30643.5,3008
1790589360,30644,30644,30626,30631.25,1600
1790589420,30632,30662.5,30630.25,30661.25,1437
1790589480,30662,30666.75,30652.5,30654.25,1444
1790589540,30653.5,30658.5,30642.25,30651.25,1177
1790589600,30651.5,30657.25,30634.5,30656.5,1581
1790589660,30656.25,30658,30633.25,30641.5,1360
1790589720,30641.5,30642,30622.75,30629.5,1805
1790589780,30630.5,30633.75,30610,30615.25,1392
1790589840,30614.75,30618,30593,30596.75,1559
1790589900,30596.25,30598.25,30573.5,30579.75,2106
1790589960,30579.75,30588,30567,30587.25,1866
1790590020,30587.25,30594,30567.25,30577.5,1732
1790590080,30577.75,30583.25,30564.75,30571,1703
1790590140,30571.75,30586.25,30562.25,30565,1792
1790590200,30563,30563,30543,30544.75,2276
1790590260,30544.5,30545.5,30524.25,30534.25,2302
1790590320,30534,30540,30521.25,30527,2318
1790590380,30526.75,30542.25,30521.5,30533.5,1671
1790590440,30533.75,30534,30503,30522,2430
1790590500,30521.5,30554,30520.5,30539.5,2513
1790590560,30539.75,30553.25,30532.25,30551.75,1509
1790590620,30552,30569.5,30548.25,30569.5,1925
1790590680,30569,30577.75,30564.25,30571,1877
1790590740,30571,30578,30568.25,30571.5,1346
1790590800,30571.25,30584,30553.5,30580,1856
1790590860,30581,30585.25,30560.5,30571,1208
1790590920,30571,30601,30570,30599,1781
1790590980,30598.75,30600,30583.75,30589.25,1185
1790591040,30589.25,30589.25,30579.75,30586.5,740
1790591100,30587,30590,30569.75,30571.25,1085
1790591160,30571.75,30576.5,30555,30565.25,1149
1790591220,30566,30571.25,30560,30564.75,779
1790591280,30564.5,30570,30556.75,30566.75,849
1790591340,30566.75,30567.25,30542,30547.5,1435
1790591400,30547.75,30551.5,30540.5,30546.5,1029
1790591460,30546.75,30550.25,30537.75,30546,889
1790591520,30546.25,30558,30540.75,30556.25,1018
1790591580,30556,30563.5,30539.75,30548,1381
1790591640,30546.75,30550.75,30544,30546.75,728
1790591700,30546.75,30551.25,30536.75,30540.25,1078
1790591760,30540.5,30548,30533,30535.5,1291
1790591820,30535.25,30542,30512.75,30513.25,1418
1790591880,30513.75,30515.75,30489.75,30498.5,2842
1790591940,30498.25,30510.25,30494.25,30499.25,1785
1790592000,30499.5,30512,30493,30501.25,1838
1790592060,30501.75,30507.5,30488,30500.75,1862
1790592120,30501.75,30502,30477.25,30481.5,1906
1790592180,30481.5,30481.5,30441.75,30442.75,3573
1790592240,30442.75,30443.25,30425.25,30428.25,2935
1790592300,30428.25,30434,30398,30407.75,3953
1790592360,30408.25,30415.75,30395,30400.75,2333
1790592420,30400.5,30400.5,30366.25,30372.25,4011
1790592480,30372.5,30381.75,30356.75,30376.75,2893
1790592540,30377.25,30392.75,30376,30386.75,2164
1790592600,30386.75,30415,30381,30404.25,3510
1790592660,30403.5,30408,30385,30386.5,2219
1790592720,30386.75,30399.5,30378.25,30383.25,1719
1790592780,30383.5,30398.75,30378.5,30383.5,1385
1790592840,30383.25,30391,30373.5,30379.75,1793
1790592900,30379.5,30384.25,30371,30372.25,1902
1790592960,30373.5,30410,30373.5,30407.25,1905
1790593020,30407.75,30417.5,30396.75,30412.25,1540
1790593080,30412,30420.75,30399.75,30407.5,2102
1790593140,30407.25,30410.25,30396,30410,1218
1790593200,30410,30424.5,30404.75,30415.75,1815
1790593260,30415,30434.5,30412.25,30421.75,2220
1790593320,30423,30437.25,30423,30429.5,1292
1790593380,30430.25,30446.25,30429.75,30445,1396
1790593440,30444.75,30445.5,30435,30441.25,1044
1790593500,30441.75,30449.75,30436.25,30443.5,1224
1790593560,30443.5,30459.75,30428.75,30456,1724
1790593620,30456.5,30481.75,30456.5,30480.5,1963
1790593680,30481,30489.75,30473.75,30476.5,1513
1790593740,30476.75,30492.5,30475.75,30491.75,1215
1790593800,30491.75,30496.75,30478.75,30479.5,1661
1790593860,30479.25,30498.75,30478,30488.75,1492
1790593920,30488.75,30499,30484,30498,1089
1790593980,30498,30502.5,30487.75,30491.5,1394
1790594040,30490.5,30490.75,30474.75,30482.25,1170
1790594100,30482.75,30483.75,30472.75,30473.25,935
1790594160,30473.25,30473.5,30455.75,30461.5,1546
1790594220,30461.5,30462.25,30447.75,30459.5,1322
1790594280,30459.75,30466.5,30450.75,30459,1162
1790594340,30458.75,30473,30452.75,30465.75,950
1790594400,30465.75,30470.75,30458.25,30469,820
1790594460,30469,30470.25,30454,30460.75,815
1790594520,30461.5,30463.5,30453.25,30456.25,665
1790594580,30456.25,30472,30455.25,30468,723
1790594640,30467.75,30479.75,30462.25,30471.5,1130
1790594700,30472,30494.25,30460.5,30485.25,2754
1790594760,30485.75,30502,30478.25,30502,1362
1790594820,30502,30502.25,30490,30493.75,869
1790594880,30494,30498.25,30484.75,30490.5,745
1790594940,30491,30498.25,30486,30494.25,849
1790595000,30494.25,30498.25,30483.5,30494.5,1031
1790595060,30494.25,30495,30472.75,30478.75,851
1790595120,30478,30495.25,30477.5,30490.25,865
1790595180,30489.5,30494.5,30476,30479.25,917
1790595240,30480,30495,30477.25,30493.75,673
1790595300,30494.25,30499.5,30486.25,30496.5,732
1790595360,30496.25,30520.75,30495.75,30517.5,1954
1790595420,30517.5,30523.5,30513,30517.75,1171
1790595480,30518,30530.25,30515,30523.75,1107
1790595540,30524.5,30531.25,30520.75,30526.5,978
1790595600,30526.75,30528.75,30493,30495.25,1658
1790595660,30496,30497.75,30473.25,30475,1447
1790595720,30475.5,30482.25,30470.25,30471,1046
1790595780,30471,30472.25,30456.75,30457.25,1251
1790595840,30457.5,30474.25,30455.75,30473.5,982
1790595900,30474,30474,30462.75,30472.5,811
1790595960,30472.25,30481.5,30463.5,30474,921
1790596020,30474.25,30482.75,30471.75,30480,561
1790596080,30479.75,30487.5,30477.25,30480.75,544
1790596140,30481,30490.75,30480.25,30484,679
1790596200,30484.25,30500,30482.25,30491,911
1790596260,30490.75,30491.25,30478.75,30483.75,771
1790596320,30484.75,30489.75,30479.25,30481.75,635
1790596380,30482,30493.5,30477,30490.25,704
1790596440,30490.5,30507,30488,30506.5,1092
1790596500,30507,30517.75,30506,30513,1106
1790596560,30513.5,30525,30511.25,30522.25,729
1790596620,30522,30525,30512.5,30516.25,906
1790596680,30517,30523,30513.25,30519.5,992
1790596740,30519.25,30528,30518.25,30522.25,675
1790596800,30522.25,30525.75,30504,30511.5,1403
1790596860,30511.5,30516.5,30500.5,30506.5,812
1790596920,30507,30510.5,30503.5,30508.25,372
1790596980,30508.25,30513,30501.5,30506.25,623
1790597040,30506.25,30511.75,30502.75,30509.5,543
1790597100,30508,30511.5,30499.75,30503.75,534
1790597160,30503,30515.75,30498.5,30513.75,738
1790597220,30512.75,30523.75,30509.75,30518,576
1790597280,30518.5,30530.25,30516.5,30522.25,702
1790597340,30522,30524.75,30514.25,30523.5,717
1790597400,30523.5,30535,30522,30529.75,868
1790597460,30529.25,30536.75,30525.5,30526.75,818
1790597520,30526.5,30529.25,30510.5,30516,725
1790597580,30515.5,30517.75,30509.5,30514.5,453
1790597640,30514,30518.25,30512.25,30516.5,387
1790597700,30515.25,30522.75,30511,30519.25,527
1790597760,30519.75,30582.5,30514,30573.25,6282
1790597820,30573.25,30591.25,30560,30570.75,3288
1790597880,30571,30581.25,30566,30566.25,1743
1790597940,30565.75,30575.75,30553.25,30574.75,1474
1790598000,30575.25,30617.5,30565,30609,3159
1790598060,30610,30627.5,30605.75,30617.5,2728
1790598120,30617,30628.5,30613.25,30621,1951
1790598180,30618.25,30627.5,30603,30618.75,1744
1790598240,30619.75,30642.5,30613.5,30633.75,2940
1790598300,30633.75,30655.5,30630.75,30652.5,2063
1790598360,30652,30716.5,30647.75,30704,5242
1790598420,30704.25,30722,30693.75,30709.5,4751
1790598480,30709.5,30720.25,30688.25,30694.5,2599
1790598540,30694.75,30706.75,30675.25,30683.5,2139
1790598600,30683.5,30688.5,30658,30668,2043
1790598660,30666.5,30672.5,30660,30668.5,1417
1790598720,30667.5,30672,30624,30628,3490
1790598780,30628.25,30650,30625.75,30645.75,2437
1790598840,30645.75,30658.25,30642.25,30654.5,1317
1790598900,30654.75,30663.5,30649.5,30656.25,1304
1790598960,30656.5,30671,30654.75,30668.5,1291
1790599020,30668.75,30670.5,30652.75,30662.25,1169
1790599080,30662,30663.75,30634.75,30637.75,1329
1790599140,30637.5,30638.5,30628.5,30635.5,1163
1790599200,30635.25,30644.5,30626,30627.75,1384
1790599260,30627.75,30628.75,30607,30608,1729
1790599320,30607.5,30611,30593.75,30594.25,1219
1790599380,30594.5,30603.75,30589.25,30598.25,1003
1790599440,30598.75,30606.75,30594.75,30600.75,1098
1790599500,30600.75,30624.25,30600.75,30606,2197
1790599560,30605.75,30624.75,30599.25,30614,1244
1790599620,30613,30619,30606,30610,932
1790599680,30609,30609,30594,30594.5,749
1790599740,30594.5,30605.5,30593,30604,655
1790599800,30604,30613.5,30597.75,30598.75,968
1790599860,30598.75,30603,30587.5,30598.5,1052
1790599920,30597.75,30606.5,30588.75,30602,784
1790599980,30603.25,30606.5,30594.5,30605,598
1790600040,30605,30614,30604,30610.5,869
1790600100,30610.5,30615.5,30605.25,30608.25,616
1790600160,30609,30612.25,30602.75,30607.75,497
1790600220,30607.75,30609.75,30600,30604.75,549
1790600280,30605,30608.5,30600,30601.25,363
1790600340,30602.25,30607,30595.25,30602.25,814
1790600400,30602,30604,30576.5,30581.75,1528
1790600460,30582.25,30596.5,30577.75,30592,854
1790600520,30593.5,30595,30577.25,30584.5,763
1790600580,30583.5,30588,30580,30583.5,577
1790600640,30584,30593,30583.25,30588.25,612
1790600700,30589,30592,30577,30578.5,678
1790600760,30578.25,30584.5,30568.25,30582.5,1034
1790600820,30581.75,30585.75,30568.75,30570,737
1790600880,30569.75,30572.5,30564.25,30571,916
1790600940,30571,30576.5,30566,30569.25,640
1790601000,30569.5,30575,30567.25,30571.25,484
1790601060,30571.5,30687.75,30570.75,30679.25,7749
1790601120,30678.75,30694,30651.25,30662.25,5352
1790601180,30662.5,30691,30658,30680.75,3354
1790601240,30681,30692.25,30664.5,30691.75,2428
1790601300,30691,30691,30647.25,30675.25,2183
1790601360,30675,30681.75,30664.25,30672.75,1338
1790601420,30673.25,30676.5,30633.75,30648,3310
1790601480,30648,30650.75,30621.5,30623.75,2154
1790601540,30622.75,30624.5,30606,30610.5,1444
1790601600,30611,30612,30598.5,30608.75,1021
1790601660,30607.75,30616,30605.75,30609,800
1790601720,30608.75,30621.5,30607.5,30613.25,945
1790601780,30613.25,30628.25,30612.5,30618.5,939
1790601840,30618.25,30632,30617.5,30626.25,731
1790601900,30626.75,30636,30623,30630.5,920
1790601960,30630.5,30631,30603.5,30604.25,1062
1790602020,30604.5,30611,30601.25,30607,777
1790602080,30608.25,30616.75,30608,30614.5,666
1790602140,30614.5,30620.75,30610.25,30614,770
1790602200,30613.5,30627.25,30613.25,30623.25,581
1790602260,30623,30637,30621.25,30635.5,1061
1790602320,30635.25,30645,30634.5,30638.25,714
1790602380,30637.5,30641.5,30627.75,30628.25,697
1790602440,30628.25,30635,30620.75,30633,668
1790602500,30633,30641,30629.25,30639.5,449
1790602560,30640,30644,30633.75,30640,414
1790602620,30640.75,30644.75,30616.5,30618.75,843
1790602680,30618.25,30633.75,30617,30630.5,438
1790602740,30630.75,30633.25,30627,30629.75,222
1790602800,30630,30635.25,30626,30630.75,291
1790602860,30630.25,30636.25,30626,30633.75,312
1790602920,30633.25,30633.5,30615.5,30624,571
1790602980,30624,30627.5,30621.75,30624.75,266
1790603040,30624.5,30627,30619.75,30624.5,265
1790603100,30624.75,30636.5,30622,30624.75,445
1790603160,30624.5,30629.5,30621.25,30628.5,315
1790603220,30627,30628,30619.5,30619.75,374
1790603280,30619.5,30640.25,30618.75,30639.5,551
1790603340,30639.75,30640.25,30625.75,30636,580
1790603400,30635,30637.75,30629.25,30629.5,410
1790603460,30629.25,30633.25,30622.5,30632.5,428
1790603520,30632.75,30636.25,30627.75,30627.75,357
1790603580,30628.25,30631.75,30626,30626.25,299
1790603640,30626,30633.75,30626,30629.75,395
1790603700,30630.25,30632.25,30611.25,30627,1342
1790603760,30626.25,30628,30620.25,30622.75,554
1790603820,30622,30627.25,30620,30620.75,374
1790603880,30621.25,30631.75,30618.25,30623.75,581
1790603940,30624.5,30627.25,30620.75,30625.75,275
1790604000,30625.75,30631.75,30613.25,30616.5,660
1790604060,30616.5,30618.75,30602.25,30614,891
1790604120,30613.5,30629.5,30612,30628,629
1790604180,30627.75,30633.25,30625,30630,536
1790604240,30629.75,30641,30629.75,30638,680
1790604300,30638.5,30643.25,30632.5,30639.25,586
1790604360,30639.25,30641,30628.5,30631,476
1790604420,30631.5,30632.75,30622,30628,594
1790604480,30628,30631.25,30623,30630.25,282
1790604540,30629.75,30634,30626.5,30629.5,343
1790604600,30629.5,30641.5,30629,30635.5,527
1790604660,30636,30639.75,30631.5,30637.75,321
1790604720,30639.5,30645.5,30633.75,30635.25,575
1790604780,30633.75,30634,30628.5,30631.75,275
1790604840,30632.5,30640,30632,30639.25,253
1790604900,30639.75,30646.25,30636.25,30639.75,409
1790604960,30639.5,30643,30636.5,30642.5,292
1790605020,30643.25,30645,30625.75,30626,443
1790605080,30625.75,30633,30621.25,30628.25,632
1790605140,30627.75,30629.5,30620.25,30620.25,362
1790605200,30620.75,30626.75,30620.75,30621.75,272
1790605260,30622,30629.25,30621.25,30628.75,283
1790605320,30627.75,30632.5,30626,30629.75,246
1790605380,30629.5,30630,30611.75,30613.25,590
1790605440,30612.5,30614.75,30605,30614.5,533
1790605500,30614.75,30618.5,30613,30617.75,449
1790605560,30617.25,30623.25,30616.5,30620.75,304
1790605620,30620.5,30626.75,30619.75,30620,291
1790605680,30621,30627,30618.75,30621.5,379
1790605740,30621.25,30622.75,30617.75,30621,279
1790605800,30621,30631.75,30610.5,30618.75,1327
1790605860,30618.5,30619,30602.25,30609.25,732
1790605920,30608.5,30609.75,30600.75,30604.5,524
1790605980,30604.5,30610.5,30603.75,30607.75,593
1790606040,30608,30618,30605.75,30614.5,437
1790606100,30614.25,30616,30610.25,30614.25,300
1790606160,30613.75,30615,30606,30612,363
1790606220,30612.5,30616,30609.5,30610.25,259
1790606280,30610.75,30612.5,30596.75,30597.5,707
1790606340,30597,30597.25,30578.75,30585,1078
1790606400,30585.5,30598.75,30581.5,30598,1158
1790606460,30597.75,30608.5,30596.75,30606.5,902
1790606520,30606.5,30611,30599.5,30604.5,528
1790606580,30604.75,30614.75,30604.25,30614.75,541
1790606640,30615,30627,30613,30625.75,870
1790606700,30625.5,30627.75,30620,30620.5,621
1790606760,30620.75,30625.5,30616.5,30621,493
1790606820,30620.75,30623.5,30610,30623.5,431
1790606880,30622.75,30632.75,30611.75,30625.75,1318
1790606940,30626.25,30638,30618.25,30632,854
1790607000,30632.75,30636.75,30627.25,30630.25,610
1790607060,30629.75,30633.25,30621,30633.25,443
1790607120,30633.25,30640,30632,30634.5,376
1790607180,30634.75,30650,30630.25,30633.75,1444
1790607240,30634.75,30640,30622.5,30638.25,742
1790607300,30638,30640.75,30630,30638.75,714
1790607360,30638.75,30644,30636,30639.25,731
1790607420,30639.25,30643.75,30635.5,30637.5,453
1790607480,30637.25,30649.75,30635.75,30645,606
1790607540,30644,30645.5,30636,30637.75,508
1790607600,30639.25,30641.25,30612,30616.5,1094
1790607660,30616.25,30617.75,30606.25,30606.25,664
1790607720,30606.5,30609.25,30597.25,30602.5,1451
1790607780,30602.75,30617.5,30599,30613.25,850
1790607840,30613.25,30618,30611.25,30615.75,436
1790607900,30614.75,30620.75,30613.5,30615.5,436
1790607960,30615.75,30618.25,30597.5,30600,755
1790608020,30600.25,30605,30593.75,30599.5,738
1790608080,30599.25,30602.25,30594.75,30597.25,537
1790608140,30597,30601,30593.5,30594.5,390
1790608200,30594.75,30595.25,30584.75,30591,760
1790608260,30591,30595.5,30586,30586.5,478
1790608320,30586,30591.25,30583.5,30589,444
1790608380,30589.25,30594.25,30576,30578.75,1012
1790608440,30578.25,30580,30573.5,30576.75,669
1790608500,30576.5,30580.75,30568.75,30578.25,1026
1790608560,30578.5,30591,30575.75,30582,1124
1790608620,30582,30591,30579,30591,725
1790608680,30591.25,30595,30588,30591.75,599
1790608740,30592,30593.5,30583,30587.25,493
1790608800,30588.25,30594.5,30586.5,30589.25,518
1790608860,30589.25,30601.5,30583,30597.25,766
1790608920,30597.5,30598,30587.75,30593.75,546
1790608980,30593.5,30596,30587.75,30591.75,335
1790609040,30592.5,30596.75,30589.5,30596.5,281
1790609100,30595.75,30605,30591.25,30602,1621
1790609160,30602,30605.75,30597,30603.25,563
1790609220,30603,30604,30592.5,30596.5,501
1790609280,30596.25,30602.5,30589.75,30601,955
1790609340,30600.5,30600.75,30589,30596.25,505
1790609400,30595.75,30598.5,30576,30576.25,944
1790609460,30575.75,30584,30574.5,30582.75,670
1790609520,30583.5,30597,30573.25,30584.75,1334
1790609580,30585.75,30596.75,30578.25,30584,904
1790609640,30583.75,30592.75,30576.5,30587.75,702
1790609700,30587.75,30593.5,30579,30581.75,578
1790609760,30582,30582,30568.25,30570.5,695
1790609820,30571.25,30572,30561,30564,695
1790609880,30564,30566.25,30553.25,30554.25,690
1790609940,30553.75,30554.5,30541,30545.25,1557
1790610000,30545.75,30553.5,30545.75,30548.75,821
1790610060,30549,30562,30548.75,30556.75,823
1790610120,30556.5,30566.5,30552.5,30563.5,884
1790610180,30563.75,30566,30556.75,30557,663
1790610240,30557.5,30562.25,30555.5,30560.5,365
1790610300,30561,30567.75,30558,30567.25,712
1790610360,30567.25,30574.25,30565,30570,861
1790610420,30570,30575.25,30565.5,30571.75,528
1790610480,30572,30572,30559.75,30566.75,718
1790610540,30566.75,30567,30553.5,30557.25,758
1790610600,30557,30573,30546.5,30551.25,2054
1790610660,30551.25,30568.25,30550.25,30564.25,889
1790610720,30564.75,30564.75,30550,30551.5,758
1790610780,30550.75,30555.5,30546.25,30549.25,881
1790610840,30549.25,30550,30534.75,30536.75,1952
1790610900,30536.5,30553.75,30535,30544.25,2233
1790610960,30544,30553.5,30541.75,30550.75,1103
1790611020,30550.5,30564,30547.75,30564,1436
1790611080,30564.25,30575.25,30559,30574,2442
1790611140,30573.5,30575.75,30559,30567.5,10004
1790611200,30567.5,30576,30565.75,30571.75,2449
1790611260,30572,30575.75,30566.5,30567,723
1790611320,30566.5,30571.5,30564.25,30571.25,403
1790611380,30571,30575.25,30565.75,30565.75,335
1790611440,30565,30578,30564.75,30573,404
1790611500,30573.25,30573.75,30561.5,30565.5,446
1790611560,30566,30574.5,30565.25,30572.5,195
1790611620,30571.75,30572.75,30564.75,30565.5,192
1790611680,30564.75,30564.75,30552.5,30554.5,387
1790611740,30554.75,30561,30553,30560.75,414
1790611800,30560.5,30563.5,30557,30559,242
1790611860,30559.25,30561.5,30555.75,30556,135
1790611920,30556,30556.25,30548.25,30552.75,264
1790611980,30552.75,30559,30551,30558,274
1790612040,30558.5,30562.25,30557,30557.5,243
1790612100,30557.5,30562,30553,30557,609
1790612160,30556.25,30557,30553,30555.75,113
1790612220,30555.5,30558.5,30554.25,30556.25,86
1790612280,30556.25,30558,30554.25,30557.25,52
1790612340,30557.75,30560,30557.5,30559.5,80
1790612400,30560,30561.5,30558.75,30560.5,63
1790612460,30561.25,30563.75,30559.25,30561.75,102
1790612520,30562.75,30564.5,30562,30563.25,101
1790612580,30563,30564.25,30561.75,30562.25,44
1790612640,30562,30562,30559.75,30560.75,70
1790612700,30560.5,30560.5,30558.25,30560,73
1790612760,30560,30563.75,30560,30563,42
1790612820,30563.25,30567,30563.25,30565.5,167
1790612880,30565,30565.75,30562.5,30563.5,103
1790612940,30563.25,30566.75,30562.5,30564.25,141
1790613000,30564,30564,30560.5,30563,100
1790613060,30562.75,30564.75,30560.75,30561.5,152
1790613120,30561.75,30562.75,30560.75,30562,64
1790613180,30561.75,30563.5,30561.75,30562.25,77
1790613240,30562.25,30566,30561.5,30562,77
1790613300,30561.75,30563.25,30561.5,30562.25,46
1790613360,30562.75,30563,30558,30558.25,85
1790613420,30558,30559.5,30553.75,30557.25,217
1790613480,30557,30559.25,30556,30558.5,80
1790613540,30558,30560.25,30557,30557.75,104
1790613600,30558.25,30562,30558.25,30559.25,115
1790613660,30559.25,30561.75,30557.25,30557.5,149
1790613720,30557.5,30558.75,30553,30553.25,133
1790613780,30553.5,30554.75,30550.75,30554.75,95
1790613840,30554.75,30556.75,30550.5,30551,130
1790613900,30551.25,30552.25,30548.75,30550.5,118
1790613960,30550.75,30554.5,30550.75,30552.5,139
1790614020,30552.75,30553,30547.25,30549.5,221
1790614080,30548.5,30548.75,30545.25,30545.75,79
1790614140,30546,30547.25,30540.75,30544.75,242
1790614200,30543.75,30545.25,30539.5,30541,85
1790614260,30539.5,30540.75,30533,30537.25,117
1790614320,30537,30539.75,30535.5,30539.25,69
1790614380,30539.75,30540.75,30538.5,30540.75,70
1790614440,30540.25,30543,30537.75,30541.75,240
1790614500,30541.75,30552.75,30540.75,30552.75,142
1790614560,30552.75,30559,30551,30558.25,157
1790614620,30558.5,30562,30556,30557,158
1790614680,30557.75,30566.5,30557,30566,107
1790614740,30565.75,30565.75,30555.75,30556.75,326
1790618400,30560.5,30589,30554,30555.25,524
1790618460,30556.75,30560.25,30543.5,30552.75,258
1790618520,30554.5,30555,30545.5,30553,70
1790618580,30554.5,30554.5,30540,30540.25,80
1790618640,30542,30558.25,30536.25,30550,167
1790618700,30550,30558,30542.5,30553.5,271
1790618760,30554.75,30579.75,30554.75,30575.5,334
1790618820,30578.75,30592.75,30578.5,30589.75,196
1790618880,30591,30594.5,30585,30590.25,90
1790618940,30589.25,30590.25,30575.25,30589.5,181
1790619000,30590.25,30596.25,30581,30584,143
1790619060,30585.5,30591.75,30582,30589.75,53
1790619120,30591.75,30597,30588.75,30596.5,64
1790619180,30595.75,30603.5,30594.25,30602.25,171
1790619240,30602.75,30616,30599.75,30601.75,291
1790619300,30602.25,30602.25,30595.5,30595.5,64
1790619360,30597,30612.25,30593,30607.75,121
1790619420,30609,30610.75,30596.75,30604.75,220
1790619480,30604,30608.25,30599.5,30604.5,62
1790619540,30603,30608.5,30602,30602.75,19
1790619600,30600,30603.75,30595.5,30599.75,84
1790619660,30599.25,30600.75,30599,30600.75,13
1790619720,30600.75,30601,30592.5,30596.5,52
1790619780,30594.5,30598.25,30590.75,30596.5,53
1790619840,30596,30597.25,30595.25,30597.25,9
1790619900,30596.25,30596.5,30591.75,30592.75,37
1790619960,30592,30599,30591.75,30597.75,36
1790620020,30597.25,30602,30597.25,30599.25,28
1790620080,30600.75,30601,30596.5,30597.75,24
1790620140,30596.75,30601,30595.75,30598.5,32
1790620200,30598.5,30598.5,30593.25,30595.75,25
1790620260,30593.5,30594.25,30587,30589,122
1790620320,30587.5,30600.5,30587.5,30594.25,91
1790620380,30594.25,30595.5,30592,30593.5,33
1790620440,30591.5,30594.25,30590.5,30592.75,10
1790620500,30592.75,30593.5,30591,30593.5,8
1790620560,30594.25,30595.75,30591.75,30591.75,24
1790620620,30591.5,30600,30591.5,30600,61
1790620680,30600.25,30601.75,30597,30599,80
1790620740,30598.5,30600.25,30596.75,30597.5,13
1790620800,30596.5,30597.5,30593.75,30596.75,21
1790620860,30597,30601.25,30597,30598.25,76
1790620920,30598.75,30600.25,30597.75,30597.75,10
1790620980,30597,30601,30597,30599.25,45
1790621040,30600,30600.25,30596.5,30598.5,16
1790621100,30598.25,30599.75,30597.75,30599.75,21
1790621160,30597.75,30599.75,30597.75,30598.5,6
1790621220,30598,30598,30595,30596.5,22
1790621280,30595,30595,30591,30593.75,45
1790621340,30593.25,30595,30591.75,30594,21
1790621400,30593,30600.5,30593,30599.5,56
1790621460,30597.75,30605,30597.5,30601,168
1790621520,30601.5,30602,30596.75,30599.75,39
1790621580,30599,30599.25,30596.5,30599,35
1790621640,30599.25,30599.5,30595.75,30598.25,30
1790621700,30599.25,30600,30596.75,30598.25,20
1790621760,30598.5,30600.5,30597.25,30599,15
1790621820,30599,30599.75,30596.75,30599.75,30
1790621880,30600.25,30600.25,30596.5,30597.75,24
1790621940,30597,30605.75,30597,30599.75,68
1790622000,30598.5,30601,30594.25,30596.25,41
1790622060,30596,30598.5,30593.75,30595.25,33
1790622120,30594.5,30597.25,30592.75,30596.75,23
1790622180,30595,30598,30594,30597.75,22
1790622240,30597.5,30597.5,30595,30595,5
1790622300,30595,30597.75,30595,30597.75,4
1790622360,30597.5,30597.75,30595,30595,17
1790622420,30595.5,30597.5,30593.25,30593.75,33
1790622480,30593.75,30596.75,30591.5,30596.75,28
1790622540,30596.75,30597.75,30596,30596.75,12
1790622600,30596.25,30597.5,30596.25,30597.5,13
1790622660,30595.5,30596,30595,30596,5
1790622720,30595.25,30596,30594.5,30595.75,15
1790622780,30596.5,30597.75,30593,30593,25
1790622840,30593.5,30595,30591.75,30593.5,16
1790622900,30595,30595.5,30594,30594,8
1790622960,30594,30596,30593.75,30595.25,11
1790623020,30596.25,30597.75,30595.5,30596.25,30
1790623080,30595.75,30598.25,30595.25,30598.25,16
1790623140,30599,30599,30594,30594,9
1790623200,30595.25,30597.25,30595.25,30597,7
1790623260,30597.75,30598.25,30596.5,30598,11
1790623320,30597.75,30603.5,30597.75,30602.75,82
1790623380,30603.25,30612.25,30603.25,30608.75,126
1790623440,30608.75,30611.25,30607.75,30608.25,72
1790623500,30608.5,30609,30605.25,30607,71
1790623560,30608.25,30608.5,30604.25,30606.5,41
1790623620,30606.5,30607.75,30605,30607,22
1790623680,30606,30606,30602,30603.5,41
1790623740,30603.5,30609,30603,30607.25,55
1790623800,30606.75,30610.75,30605,30607.25,72
1790623860,30608.5,30608.5,30601,30603.25,55
1790623920,30603.5,30607.25,30602.75,30604.25,37
1790623980,30601.25,30603.75,30598.25,30599,39
1790624040,30599,30599.75,30593.5,30598.5,66
1790624100,30599.5,30599.75,30598,30599.5,12
1790624160,30599.25,30600.25,30590.25,30591.5,75
1790624220,30593.5,30596,30592.25,30593.75,24
1790624280,30595,30601.5,30594.5,30600.75,51
1790624340,30600.75,30605.75,30600.5,30605.25,34
1790624400,30605.25,30612,30605,30609,80
1790624460,30608.5,30610.25,30605.75,30608.25,30
1790624520,30605.75,30606.5,30601.5,30603.5,33
1790624580,30602,30602.75,30600,30602.5,20
1790624640,30601.5,30603,30601,30601.75,21
1790624700,30602.75,30604,30581,30582,313
1790624760,30582.5,30588.25,30579.25,30584.5,194
1790624820,30583.25,30587.25,30582,30586.75,50
1790624880,30587.5,30587.5,30568.25,30569.5,158
1790624940,30569.5,30577.5,30568,30576.5,107
1790625000,30576.5,30577.75,30570.5,30576,74
1790625060,30576,30583.5,30576,30579.75,85
1790625120,30582,30585.25,30581.5,30582.5,77
1790625180,30583.5,30584,30581.75,30583.25,18
1790625240,30581.75,30601.75,30581.75,30601.75,196
1790625300,30600.75,30604,30593.5,30595.5,188
1790625360,30596.5,30597.75,30592.75,30597.75,44
1790625420,30595.5,30597,30589.75,30591.75,62
1790625480,30590.75,30600,30590.75,30598,64
1790625540,30594.75,30594.75,30578,30579.25,205
1790625600,30580,30590.75,30569,30575.5,572
1790625660,30578.75,30597,30575,30587.5,396
1790625720,30587.5,30598.25,30586,30592.25,230
1790625780,30590.5,30590.5,30571.25,30573.5,204
1790625840,30574.25,30600.75,30572.5,30597.75,177
1790625900,30596.75,30607,30585,30586.75,233
1790625960,30586.75,30598.25,30576.25,30585.5,253
1790626020,30587,30593.25,30584.5,30585.5,94
1790626080,30584,30604.75,30584,30601.25,120
1790626140,30602,30606.5,30597.25,30597.25,108
1790626200,30598,30601.25,30582.25,30590.75,244
1790626260,30589.25,30589.25,30577,30582.5,189
1790626320,30583.25,30585.75,30571.5,30580.5,206
1790626380,30581,30596,30574,30585.5,266
1790626440,30581.5,30593.75,30581.5,30592.5,73
1790626500,30592.75,30597,30556,30556,495
1790626560,30556,30561,30550,30550.75,317
1790626620,30550.75,30553,30534.75,30538.25,447
1790626680,30538,30543.25,30528.25,30542,358
1790626740,30541.25,30552.75,30538,30545,237
1790626800,30544.75,30554.25,30538.5,30549.5,249
1790626860,30549,30553.5,30543,30546.5,115
1790626920,30545.5,30548,30540,30544.25,111
1790626980,30546,30547.75,30525,30528.25,282
1790627040,30528,30534,30526,30529.25,232
1790627100,30526.25,30531.75,30523.75,30525.75,166
1790627160,30525.5,30532.25,30522.75,30529.25,127
1790627220,30530,30532,30521.5,30531.25,187
1790627280,30530.5,30542.5,30526,30542.25,340
1790627340,30542.5,30543.75,30528,30529.25,189
1790627400,30529.75,30538.75,30529.25,30533,185
1790627460,30532,30535,30513,30525.75,502
1790627520,30524.75,30546.25,30521.75,30544.25,188
1790627580,30544.75,30552.25,30539.5,30550.75,214
1790627640,30550.5,30558,30539,30552.25,323
1790627700,30553.5,30557.5,30546,30556,123
1790627760,30554.25,30562.75,30550.5,30559.75,157
1790627820,30558.75,30560.5,30553.5,30558.75,104
1790627880,30557,30557,30546.25,30546.75,142
1790627940,30547,30550.25,30543.75,30544.75,97
1790628000,30544,30548,30540.25,30543.75,76
1790628060,30546,30552,30544.25,30546,66
1790628120,30545.25,30558.75,30545.25,30552.75,73
1790628180,30554.25,30557.5,30551.5,30554.5,40
1790628240,30554.5,30555.75,30548.75,30548.75,48
1790628300,30548.75,30550,30526.25,30529.75,254
1790628360,30528,30532.5,30523.25,30525,185
1790628420,30524.75,30528.25,30522.75,30524.75,80
1790628480,30524.25,30529,30520.75,30521.75,83
1790628540,30522.25,30524.75,30500,30503.5,514
1790628600,30503.75,30511.75,30503,30509.75,217
1790628660,30507.75,30509.25,30499.25,30501.25,192
1790628720,30502.25,30505,30497.25,30501.75,190
1790628780,30502.5,30505.25,30500.25,30503.25,93
1790628840,30502.75,30510.25,30502,30509.75,99
1790628900,30508.25,30518.5,30507.25,30514.5,125
1790628960,30514.5,30516.25,30509.75,30512.25,64
1790629020,30512.75,30513.25,30497.25,30504,181
1790629080,30504,30512,30501.25,30509.5,74
1790629140,30508,30510.25,30494.75,30495,108
1790629200,30493.5,30515.25,30486.75,30512,449
1790629260,30511,30518,30507,30514.5,215
1790629320,30518,30529.25,30517.75,30525.75,219
1790629380,30525.5,30527.75,30516,30516,101
1790629440,30514.75,30526,30511.5,30512.25,112
1790629500,30509.75,30509.75,30498.5,30507.5,154
1790629560,30509.5,30514.25,30506,30506.5,92
1790629620,30506.5,30506.5,30496.25,30503.25,146
1790629680,30502,30509,30497.25,30499,112
1790629740,30498.25,30507.25,30497,30502.75,77
1790629800,30502.25,30502.25,30493.25,30494.25,89
1790629860,30493.5,30497.75,30475,30478.25,475
1790629920,30478.25,30483.75,30472.75,30482,340
1790629980,30481.5,30481.5,30471.75,30475.5,189
1790630040,30476.25,30483,30474,30476.5,143
1790630100,30475.5,30483,30471.75,30479,140
1790630160,30478.75,30479.75,30468.25,30471.5,197
1790630220,30470.5,30471.25,30458.25,30460.25,278
1790630280,30460.25,30463.5,30450,30450.25,322
1790630340,30451,30452,30430.25,30433.25,2004
1790630400,30432,30460.75,30430,30456.25,646
1790630460,30456.75,30468.5,30455,30463.25,287
1790630520,30465.25,30473,30461.5,30468.5,201
1790630580,30467.75,30475.25,30463.5,30467,131
1790630640,30467,30472.25,30463.5,30466.5,115
1790630700,30464.75,30480.25,30464.5,30479.75,173
1790630760,30479.75,30485.75,30469,30473,219
1790630820,30471.75,30479.75,30470.75,30476,86
1790630880,30475.75,30483.5,30470.25,30482.5,99
1790630940,30482,30485,30475.5,30484.25,166
1790631000,30484.5,30501,30478,30498.5,431
1790631060,30499.5,30508,30494.75,30494.75,445
1790631120,30494.25,30497.75,30475.25,30488.25,332
1790631180,30487.25,30490.25,30481.5,30486.25,96
1790631240,30486.25,30493.25,30481.5,30489.25,76
1790631300,30489,30489,30480,30485.5,79
1790631360,30487.25,30487.75,30480.75,30486,64
1790631420,30488.75,30503.25,30486.25,30495.75,209
1790631480,30497,30500,30494,30499,58
1790631540,30499,30506.25,30496.5,30502.25,258
1790631600,30501,30514.75,30497,30511.75,182
1790631660,30512.75,30513,30504.5,30510.75,171
1790631720,30511,30511.75,30502.25,30503,126
1790631780,30504,30509,30496.5,30503.5,82
1790631840,30503.5,30516,30498.25,30508,312
1790631900,30508,30517.5,30504.25,30515.25,145
1790631960,30515.75,30518,30501.25,30502.5,169
1790632020,30502,30508,30495.25,30500.75,129
1790632080,30500.25,30506.75,30493.75,30494.25,97
1790632140,30494.25,30504.5,30494,30496.25,171
1790632200,30496.25,30498,30487.5,30494.25,122
1790632260,30495.25,30503.75,30493.75,30499.75,195
1790632320,30498,30512,30497.75,30512,186
1790632380,30512.25,30513,30504.5,30504.5,67
1790632440,30507,30507,30501.25,30504,71
1790632500,30504,30505.75,30497,30499.25,57
1790632560,30497,30507.25,30497,30505.5,76
1790632620,30505.5,30506.25,30500.5,30506,49
1790632680,30502.75,30504.25,30498,30499.25,61
1790632740,30500,30502.25,30498.75,30501,97
1790632800,30501.25,30504.5,30497.75,30501.5,82
1790632860,30501,30502,30493.25,30500.5,106
1790632920,30498.5,30502.25,30494.75,30497,52
1790632980,30500.5,30500.5,30494,30494.5,38
1790633040,30493.5,30507.75,30493.5,30496.25,108
1790633100,30494,30497.5,30490.25,30493,75
1790633160,30492.25,30492.25,30478,30486.75,232
1790633220,30488,30488,30482.75,30483.5,131
1790633280,30483.25,30489.75,30482.25,30488.25,71
1790633340,30488.5,30491,30484.5,30487.75,48
1790633400,30488,30489.5,30482,30485.75,65
1790633460,30486.5,30490.75,30486,30489.25,43
1790633520,30489.75,30510.5,30487.25,30508,201
1790633580,30506.75,30519.75,30503.25,30519.25,220
1790633640,30518.75,30522.5,30510.75,30513.5,133
1790633700,30513.5,30514.25,30500,30507.5,176
1790633760,30507.25,30509.75,30502,30508.25,61
1790633820,30507.75,30510.75,30498.25,30509.75,133
1790633880,30510.5,30529.75,30509.5,30525.75,338
1790633940,30525.5,30537.5,30525,30536.5,163
1790634000,30536,30536,30529,30530.5,108
1790634060,30530.75,30531.25,30515,30517.75,230
1790634120,30519.5,30519.5,30503.5,30513,131
1790634180,30514.75,30521,30512.75,30516.75,118
1790634240,30517.75,30522.75,30516,30516.75,71
1790634300,30517.75,30519.75,30508.75,30517.75,104
1790634360,30520,30521.25,30514.25,30517,39
1790634420,30514.25,30518.75,30509.75,30509.75,39
1790634480,30510.75,30510.75,30504.25,30504.5,75
1790634540,30505.25,30513.25,30502.75,30512.25,68
1790634600,30512,30518.5,30504.75,30504.75,101
1790634660,30505.25,30506.5,30489.75,30490.5,174
1790634720,30490.75,30490.75,30481,30481,132
1790634780,30481,30483.75,30479.5,30483.5,122
1790634840,30482.5,30486,30481.5,30483.75,47
1790634900,30484,30486,30477,30477.75,82
1790634960,30476.75,30482.25,30473.25,30477.25,164
1790635020,30478,30485.25,30478,30482.25,91
1790635080,30483.5,30491.75,30482.5,30491.75,86
1790635140,30490.25,30497.75,30489.25,30491.25,124
1790635200,30493,30494.5,30480,30481,82
1790635260,30480.75,30484.25,30475.75,30483.75,117
1790635320,30483,30484.5,30470.5,30471.75,73
1790635380,30472.25,30482.5,30472.25,30482.25,90
1790635440,30481.5,30484.5,30477.25,30484.25,48
1790635500,30484,30484.5,30479,30484.25,36
1790635560,30485,30490,30482.75,30482.75,65
1790635620,30483.75,30484,30481.25,30482,47
1790635680,30483,30485,30475.25,30478.25,75
1790635740,30477.5,30479.25,30473.75,30474.25,41
1790635800,30474,30476.5,30471.75,30474.75,68
1790635860,30473.75,30474.5,30456.25,30457,243
1790635920,30457.75,30457.75,30448.5,30450.5,355
1790635980,30450.5,30453.25,30442.75,30445,204
1790636040,30445.75,30445.75,30440.75,30443,105
1790636100,30443.75,30449.25,30441.75,30447.5,175
1790636160,30447.75,30450,30443.75,30448,73
1790636220,30448.5,30462.25,30448.5,30455.5,129
1790636280,30453.25,30466,30453.25,30462,139
1790636340,30461.75,30463.5,30459.5,30462.25,44
1790636400,30464,30470.25,30459,30468.25,112
1790636460,30469,30477.25,30468.75,30473,157
1790636520,30473.5,30474,30469.75,30473.75,77
1790636580,30474.25,30478,30465.75,30465.75,93
1790636640,30464,30464,30444.75,30448.5,232
1790636700,30449,30449.5,30444.75,30447.25,151
1790636760,30446.5,30457,30446.5,30454.25,119
1790636820,30454.75,30456,30449.75,30454,76
1790636880,30450.75,30457,30448,30448.5,54
1790636940,30450.25,30450.25,30439.25,30443.5,234
1790637000,30443.5,30448,30440,30442.75,198
1790637060,30443,30445.5,30436,30436,108
1790637120,30435.5,30448.75,30435.25,30437.5,188
1790637180,30435.5,30438.5,30422.25,30426,471
1790637240,30424.75,30427.5,30409.25,30421.25,752
1790637300,30421.5,30427.5,30420,30427.5,251
1790637360,30427,30432.75,30423.5,30429.75,175
1790637420,30428.75,30439.75,30427.5,30436.75,150
1790637480,30437.75,30457.25,30436.5,30450.75,255
1790637540,30451.25,30460.75,30450.5,30457.75,221
1790637600,30457.5,30471,30456.75,30469.25,194
1790637660,30468.75,30475.25,30463,30463,186
1790637720,30464,30465.75,30459.5,30462,127
1790637780,30461.75,30472.75,30461.75,30469.75,121
1790637840,30470,30474.75,30470,30474.75,54
1790637900,30475,30475.5,30467.25,30472.25,67
1790637960,30473,30476.75,30472.75,30474.5,53
1790638020,30471.75,30472.5,30465.75,30468.75,137
1790638080,30469,30474,30469,30471.75,36
1790638140,30471,30474.5,30471,30473.25,22
1790638200,30471.5,30472.25,30457.75,30467,206
1790638260,30467.75,30477.25,30467.25,30473,130
1790638320,30473,30473,30467.75,30470.75,42
1790638380,30470.5,30470.75,30464.25,30470.5,54
1790638440,30470.5,30474.5,30468.25,30472.5,90
1790638500,30475,30475,30464,30467,40
1790638560,30464.75,30480,30462.25,30478.25,110
1790638620,30478,30486.25,30474.75,30477.75,171
1790638680,30477.75,30481.25,30476.5,30478,45
1790638740,30475.75,30479.25,30475.75,30479.25,27
1790638800,30479,30479.75,30473.25,30478.25,62
1790638860,30478.25,30494.25,30478,30492.5,189
1790638920,30492,30499,30491.25,30496.5,124
1790638980,30496.5,30498,30488.75,30488.75,80
1790639040,30490,30493.25,30481.75,30484.75,91
1790639100,30485.5,30486,30479,30479.5,92
1790639160,30479.25,30480,30472.5,30473.75,74
1790639220,30472,30478.25,30470.5,30477.25,73
1790639280,30477,30478,30471.25,30471.25,32
1790639340,30471.25,30474.5,30470.75,30473.25,27
1790639400,30471.25,30471.25,30462.5,30464,92
1790639460,30461.5,30466.5,30459.25,30460.75,98
1790639520,30460.75,30465.75,30455,30457.75,118
1790639580,30455.5,30469.5,30455.25,30460.25,138
1790639640,30462,30463,30456.25,30457.5,56
1790639700,30456.75,30458.25,30449.5,30451,110
1790639760,30450,30451.75,30444.25,30444.75,107
1790639820,30445.25,30448.75,30443,30444.75,115
1790639880,30445.5,30445.5,30433,30437.5,197
1790639940,30437.5,30445.5,30436.25,30444.75,63
1790640000,30444,30450.75,30430,30432.25,517
1790640060,30432,30438.75,30429.25,30434.75,104
1790640120,30434.75,30437.5,30434.25,30435,28
1790640180,30435.5,30435.5,30427,30433,232
1790640240,30431.5,30435.25,30431,30433.5,37
1790640300,30432,30436.25,30431,30433,34
1790640360,30432.25,30435.75,30432.25,30434.25,37
1790640420,30433.75,30436.75,30432.5,30432.5,60
1790640480,30432.25,30435.5,30430,30432,55
1790640540,30432.25,30440,30431.25,30439,45
1790640600,30437.5,30440,30433.5,30435,137
1790640660,30434.5,30438,30431.5,30433,34
1790640720,30433.25,30434.25,30428,30430,108
1790640780,30429,30434.25,30428.25,30432.25,43
1790640840,30433,30435.25,30432.75,30433.75,26
1790640900,30432.75,30436.75,30431.25,30432,50
1790640960,30433,30438.25,30432.75,30437.25,30
1790641020,30438.5,30439,30436.5,30438.75,32
1790641080,30437,30443,30433.75,30442,39
1790641140,30443,30445.5,30439.25,30445.25,69
1790641200,30444,30448.5,30437.5,30439.25,135
1790641260,30440,30446.25,30438,30441.5,60
1790641320,30443,30444.5,30440,30443.25,67
1790641380,30443.75,30446,30437.75,30440.25,61
1790641440,30439.75,30446.75,30439.75,30446.25,48
1790641500,30446.25,30451.75,30439.5,30439.75,154
1790641560,30441.75,30442.25,30436.75,30438,51
1790641620,30437.5,30438.75,30435,30437,44
1790641680,30438,30438,30435.25,30437.5,21
1790641740,30437.25,30438.75,30427,30428.25,119
1790641800,30426.5,30433,30423.5,30427,142
1790641860,30427,30429.5,30420.5,30421.75,134
1790641920,30423.75,30427.75,30422,30426,51
1790641980,30425.5,30431,30423.5,30429.25,41
1790642040,30430.25,30438.25,30430.25,30435.75,89
1790642100,30435.5,30435.5,30424.5,30425.25,73
1790642160,30425.5,30429,30421.5,30424,170
1790642220,30424.25,30434.5,30424.25,30431.5,60
1790642280,30432.25,30433.75,30429,30432,28
1790642340,30430.5,30431,30423.25,30424.25,79
1790642400,30425,30426,30422,30423.25,32
1790642460,30423,30432.5,30422.75,30429.75,74
1790642520,30429.5,30429.5,30419.25,30425.25,92
1790642580,30425.25,30429.25,30424.75,30425,91
1790642640,30425.25,30427.75,30423.5,30427.25,10
1790642700,30427.5,30432.75,30427,30427.75,30
1790642760,30428,30428.5,30427,30428,18
1790642820,30429.5,30429.5,30422,30422.25,42
1790642880,30423,30424.25,30419.5,30421.75,67
1790642940,30424.5,30430.25,30423.75,30426.5,26
1790643000,30426.5,30429.25,30424,30427,16
1790643060,30428.75,30438,30422.75,30437.75,82
1790643120,30437.25,30445,30433.5,30436,162
1790643180,30435,30440.25,30432.75,30437.75,49
1790643240,30436.75,30437.5,30431.5,30435.5,64
1790643300,30435.75,30436.75,30432,30434.5,42
1790643360,30433.5,30436.5,30432,30432,42
1790643420,30434.25,30437,30432,30433,27
1790643480,30433.75,30436.25,30430.5,30436.25,32
1790643540,30437.5,30437.5,30430,30431.25,36
1790643600,30432,30451,30431.75,30447.5,174
1790643660,30447.25,30452.5,30447.25,30449,70
1790643720,30449.25,30450.5,30446.75,30446.75,36
1790643780,30446.5,30447,30432,30432.25,67
1790643840,30433.25,30436.75,30428.25,30432.75,80
1790643900,30431.5,30436,30428.75,30433.25,51
1790643960,30433,30439.75,30422.5,30424.25,84
1790644020,30424.75,30432.5,30423.25,30430.75,45
1790644080,30431,30433,30427.25,30431,32
1790644140,30431.25,30435,30431.25,30431.25,15
1790644200,30432,30432,30418.5,30426.5,117
1790644260,30427.25,30433.75,30425.25,30433.25,100
1790644320,30433.25,30440.5,30432.75,30436,85
1790644380,30435.75,30435.75,30432.25,30434.75,32
1790644440,30434,30440.75,30434,30439.5,40
1790644500,30440,30441.5,30433.75,30438,83
1790644560,30437.5,30439.25,30427.5,30436.5,95
1790644620,30435.25,30446,30429,30444.5,83
1790644680,30447,30447.25,30442.25,30446.25,64
1790644740,30445.25,30457.75,30445,30445,139
1790644800,30445.25,30445.75,30438.5,30439,69
1790644860,30440.25,30447,30433,30438.75,108
1790644920,30438.5,30440.75,30435.75,30438,34
1790644980,30438.75,30440.5,30437.5,30439.25,30
1790645040,30439.5,30439.75,30435.75,30439.75,22
1790645100,30438,30438,30428,30428.5,70
1790645160,30426.25,30427.25,30421,30421,91
1790645220,30420.5,30424.5,30419.25,30422.5,85
1790645280,30421.5,30431.25,30420,30431.25,54
1790645340,30429.25,30431.25,30424.25,30424.25,43
1790645400,30424,30425.75,30413.5,30413.75,163
1790645460,30413.25,30415.75,30401.75,30403.75,712
1790645520,30402.75,30411.75,30397,30397,242
1790645580,30396.75,30397.75,30384.5,30389.75,261
1790645640,30391.25,30393.25,30383.75,30388,107
1790645700,30389.5,30390.25,30372.25,30382.5,343
1790645760,30381,30389.75,30377.5,30379.5,138
1790645820,30377.75,30380,30374,30379,143
1790645880,30378.75,30385.75,30373.75,30385.75,156
1790645940,30384.75,30413.25,30383.5,30411.5,291
1790646000,30411.75,30417.25,30399.5,30400.25,274
1790646060,30398.75,30403.25,30394.5,30400.75,133
1790646120,30399,30403.25,30392.5,30401,103
1790646180,30403.25,30419,30394.25,30417.75,129
1790646240,30417.5,30425.75,30403,30404.5,353
1790646300,30403.75,30405.75,30396.75,30398,69
1790646360,30399.75,30403.75,30395.75,30398.75,79
1790646420,30400,30404.75,30390.5,30401.75,94
1790646480,30399.75,30417.5,30399.75,30412.25,97
1790646540,30414.5,30427,30414.5,30420.5,302
1790646600,30418.75,30429,30416,30423.75,197
1790646660,30424.75,30430.25,30416.25,30420.75,145
1790646720,30422.25,30431.25,30422,30424,143
1790646780,30423.75,30430.25,30421.25,30428.75,95
1790646840,30428.25,30428.25,30419.5,30422.75,50
1790646900,30422.5,30428.75,30420.5,30425.25,251
1790646960,30426,30430.5,30423,30423,125
1790647020,30422.25,30429,30421.5,30427.25,133
1790647080,30428.25,30428.25,30421.75,30423,65
1790647140,30425.75,30432,30425.25,30431,164
1790647200,30432.5,30435.75,30425.5,30433.75,188
1790647260,30433.25,30442,30428,30435,188
1790647320,30435.75,30443.25,30434.75,30438.25,207
1790647380,30440.25,30454,30438.5,30450,264
1790647440,30450.25,30456.5,30447.75,30449.5,167
1790647500,30449.75,30456.25,30448,30452.75,147
1790647560,30450.75,30459.5,30448.75,30459,170
1790647620,30459.5,30461.75,30452.5,30459.25,209
1790647680,30462,30473.75,30454.75,30471,338
1790647740,30470.5,30481.5,30470.25,30478.5,306
1790647800,30479.75,30497.5,30479.75,30492.75,257
1790647860,30493.25,30500.5,30489.75,30497.75,311
1790647920,30498,30501.75,30492,30494.25,146
1790647980,30493.75,30504.5,30493.25,30502.5,165
1790648040,30502.75,30505.5,30494.75,30497,194
1790648100,30498,30499.5,30485.25,30486.5,190
1790648160,30487.25,30489,30480.5,30482.5,227
1790648220,30481.25,30481.25,30473,30478,191
1790648280,30477.25,30481.5,30469.5,30473.5,147
1790648340,30474.75,30484.75,30474,30480,194
1790648400,30479.25,30486,30472.25,30485.5,120
1790648460,30486.25,30498.75,30486.25,30496,160
1790648520,30496,30509,30495.25,30506.5,207
1790648580,30506.5,30507.75,30503.25,30505,74
1790648640,30504.75,30504.75,30494.5,30501.25,123
1790648700,30502.25,30511,30501.25,30501.5,125
1790648760,30502,30511.75,30502,30507.75,76
1790648820,30508.25,30514.75,30504.5,30507,136
1790648880,30508,30518.75,30507.75,30513.25,81
1790648940,30516.25,30527.75,30516,30524.5,195
1790649000,30524.75,30541.25,30524.75,30537.75,400
1790649060,30539.25,30547.5,30536.5,30541.25,197
1790649120,30540.5,30543,30532.25,30543,142
1790649180,30541.75,30545.25,30540.5,30544.25,58
1790649240,30544.5,30551.25,30543.75,30547,143
1790649300,30547.5,30547.5,30540,30543,100
1790649360,30544.25,30546,30539.5,30540,91
1790649420,30541,30544,30538.75,30544,114
1790649480,30543.5,30547.75,30540,30545,114
1790649540,30544,30546.5,30542.25,30544.25,76
1790649600,30543.25,30556,30542.75,30551.75,170
1790649660,30551.5,30552,30548.5,30550.25,167
1790649720,30550.75,30555.75,30549.25,30553.25,173
1790649780,30553.5,30556.5,30548.25,30550.5,99
1790649840,30550.25,30555.75,30545,30555.75,99
1790649900,30555.75,30555.75,30550,30554.5,115
1790649960,30555.75,30555.75,30550.5,30551,50
1790650020,30550.5,30556.5,30545.5,30552.25,90
1790650080,30552.75,30553.75,30549,30551.75,74
1790650140,30552.25,30552.75,30549,30552,59
1790650200,30552.25,30553.5,30546.75,30550.25,63
1790650260,30549.75,30551.25,30548,30551,44
1790650320,30551,30555.5,30548.25,30552.75,90
1790650380,30553.75,30556.25,30550.5,30554.25,83
1790650440,30553,30558,30552.25,30556.75,180
1790650500,30555.25,30557.5,30549.5,30551.5,92
1790650560,30551,30552,30542.75,30545.5,100
1790650620,30546,30549.25,30543.25,30548.25,80
1790650680,30549,30549,30539.75,30542,88
1790650740,30542.25,30549,30536.75,30548.25,187
1790650800,30548.75,30553,30537,30540.25,267
1790650860,30540.5,30541.75,30528.75,30530.75,255
1790650920,30531.5,30535.5,30527.75,30534.5,193
1790650980,30535.5,30548,30534.25,30543.75,164
1790651040,30545.25,30554,30543.5,30552.5,134
1790651100,30553.5,30559.5,30552.25,30556.25,150
1790651160,30556.75,30559.25,30552,30555.25,77
1790651220,30553,30561,30551.5,30553.25,119
1790651280,30552.25,30555.5,30546,30554.25,87
1790651340,30555,30563.5,30552,30562.75,87
1790651400,30563,30564.75,30550,30557.25,145
1790651460,30558.25,30559.75,30550.5,30558.75,95
1790651520,30558.25,30561.75,30553.5,30556.5,132
1790651580,30555.75,30559.75,30552,30557.75,159
1790651640,30555.25,30560,30551.5,30559.75,103
1790651700,30560.5,30564.75,30553.75,30555,126
1790651760,30559.25,30559.25,30551.75,30556,97
1790651820,30555.5,30556.5,30550,30551.5,67
1790651880,30553.25,30557.5,30552,30553.75,37
1790651940,30553.5,30560,30551.5,30557.75,73
1790652000,30557.75,30564,30555.5,30559,71
1790652060,30559.25,30567.5,30558.75,30562.25,85
1790652120,30562,30568.5,30561,30561.75,90
1790652180,30561.75,30575.75,30556.25,30573.25,182
1790652240,30571.75,30576.5,30568.5,30576.5,134
1790652300,30577,30585,30576.75,30578.25,128
1790652360,30578.75,30582.25,30577,30581,78
1790652420,30582,30596,30581,30591.25,216
1790652480,30590.5,30591.75,30573.5,30580,193
1790652540,30579.5,30580.5,30576,30577.25,86
1790652600,30578.5,30588.25,30575.25,30588.25,172
1790652660,30588,30588,30577.25,30586.25,147
1790652720,30586.25,30598.5,30585,30596.75,136
1790652780,30598,30600.25,30596,30598.75,159
1790652840,30601,30603.75,30598.25,30601.25,133
1790652900,30601,30606,30600,30605,180
1790652960,30603.75,30608.5,30601.5,30607.5,132
1790653020,30607.5,30610.25,30605,30609.75,142
1790653080,30610.5,30615,30609.5,30613,170
1790653140,30612.5,30626.5,30605.25,30613,646
1790653200,30612.25,30612.25,30595.5,30606.25,338
1790653260,30605,30605,30597.25,30598,119
1790653320,30598,30600.75,30595.5,30596.25,116
1790653380,30596.5,30600.5,30594.75,30594.75,66
1790653440,30594,30594.75,30585.5,30588.25,163
1790653500,30589.5,30596,30589,30590.5,148
1790653560,30589.75,30594,30585.5,30593.5,78
1790653620,30593.25,30594.75,30591,30591,53
1790653680,30591.25,30594.5,30590.5,30593.5,26
1790653740,30591.5,30592.5,30587.25,30587.5,69
1790653800,30587.25,30593.5,30581.25,30593.5,113
1790653860,30592.25,30592.25,30586.75,30590,35
1790653920,30588.25,30592,30586,30587.5,40
1790653980,30588,30588.75,30585.75,30588.5,18
1790654040,30589.5,30591,30586.25,30586.25,43
1790654100,30586.75,30586.75,30582.25,30584,63
1790654160,30584.5,30587.75,30582.75,30586.25,52
1790654220,30585.75,30586.25,30580.5,30580.5,50
1790654280,30580.75,30588.5,30579.75,30584.25,84
1790654340,30584,30584,30578.75,30581.25,55
1790654400,30580.75,30589.75,30577.75,30589.25,231
1790654460,30588.25,30601.25,30583.5,30600.25,208
1790654520,30600,30610.5,30597.25,30597.25,256
1790654580,30596.5,30598,30590,30590.5,149
1790654640,30589.75,30593,30581,30586.25,130
1790654700,30587,30596.75,30583.75,30587.5,203
1790654760,30588.25,30595.5,30580,30586.5,221
1790654820,30584.5,30585,30570,30570.25,179
1790654880,30570.5,30576.5,30570.25,30573.5,122
1790654940,30573.75,30576.5,30569.75,30575.5,106
1790655000,30578,30582.75,30576.75,30576.75,79
1790655060,30577.5,30577.5,30573.25,30577,65
1790655120,30578.25,30584.25,30575.25,30577.25,68
1790655180,30579,30587.5,30576.5,30586.5,64
1790655240,30586.75,30589.25,30580.75,30582.25,82
1790655300,30583.25,30595.75,30583.25,30592.75,118
1790655360,30592.75,30597.75,30591,30593.5,50
1790655420,30594.75,30606.5,30594.75,30597.5,147
1790655480,30597.75,30607.5,30597.75,30606.25,70
1790655540,30604,30614,30602.5,30612.25,123
1790655600,30612.75,30618.25,30607.5,30617.5,114
1790655660,30617.5,30633,30617.5,30628.75,356
1790655720,30628.5,30635.25,30624,30626.25,244
1790655780,30626,30626,30612,30613.5,179
1790655840,30613.25,30619.75,30608.5,30617.75,119
1790655900,30617.5,30620.5,30614.25,30619.5,108
1790655960,30614.75,30619,30612.25,30616.75,58
1790656020,30617.5,30617.5,30606.25,30613.75,72
1790656080,30613.25,30618.25,30611,30611.25,86
1790656140,30611.25,30618.5,30605,30605,65
1790656200,30606.25,30611.25,30594,30597,187
1790656260,30596.5,30607.5,30595,30602.75,81
1790656320,30603.75,30607.25,30598.5,30605.75,58
1790656380,30605.5,30606.5,30599,30606,28
1790656440,30603.25,30603.25,30599.5,30600.25,33
1790656500,30602.25,30604.25,30601.5,30604,31
1790656560,30604.25,30604.75,30596,30602.25,105
1790656620,30602.25,30604.5,30597.25,30603.5,29
1790656680,30602.75,30610,30602.75,30607.75,85
1790656740,30610,30623,30610,30620.25,129
1790656800,30619,30621,30608.25,30610.5,83
1790656860,30612.25,30615.5,30606.75,30613.75,113
1790656920,30613,30615.75,30611,30615.25,18
1790656980,30616.25,30622.75,30616,30622,74
1790657040,30621.75,30626.5,30620.5,30626.5,101
1790657100,30626,30626,30619.25,30620.25,126
1790657160,30621.75,30626.25,30617.25,30622,166
1790657220,30623.75,30625.25,30622.5,30622.5,50
1790657280,30622.5,30627.25,30622.25,30626.25,51
1790657340,30625.75,30628,30622.5,30624,52
1790657400,30623.5,30624.25,30613.75,30615.75,89
1790657460,30616.75,30618.25,30604.25,30605.75,189
1790657520,30605.75,30605.75,30590.5,30593,199
1790657580,30593,30594.75,30587.75,30587.75,176
1790657640,30589,30590.25,30581.5,30583.25,148
1790657700,30582.25,30593.25,30582.25,30591.75,108
1790657760,30592.25,30595.75,30592,30594.25,54
1790657820,30593.75,30595,30581,30584.75,91
1790657880,30584.75,30589,30584.5,30589,36
1790657940,30590.25,30604.5,30587.25,30600,95
1790658000,30599.75,30605.25,30589,30596.5,208
1790658060,30597.5,30607.5,30596.5,30602,108
1790658120,30602,30604.5,30596.5,30598.25,87
1790658180,30597.5,30597.5,30579.25,30582.25,137
1790658240,30583.25,30589,30581,30588.75,68
1790658300,30590,30590.75,30583.5,30583.5,40
1790658360,30583.75,30588.25,30579.75,30585,59
1790658420,30583.25,30584.25,30576.5,30582.75,98
1790658480,30582.75,30586.75,30582.25,30582.75,33
1790658540,30583.5,30589,30582.75,30589,45
1790658600,30588.75,30588.75,30580,30582.5,141
1790658660,30581.5,30583,30578.75,30582,35
1790658720,30579.75,30586,30578.5,30584.75,49
1790658780,30584.75,30590,30579.25,30579.75,107
1790658840,30580,30581.75,30572.75,30575.5,92
1790658900,30575.75,30576,30562,30564.5,159
1790658960,30565,30568.25,30562,30564.25,101
1790659020,30564.75,30569.5,30564.75,30567.5,69
1790659080,30567.25,30576.25,30565,30571.25,112
1790659140,30572.75,30576.75,30572.25,30575.5,65
1790659200,30574.75,30577.25,30566.25,30575.5,67
1790659260,30576.5,30577.25,30570.5,30574,70
1790659320,30571.5,30571.5,30566.5,30566.5,44
1790659380,30565.75,30567,30550,30550.75,287
1790659440,30551,30559.25,30550.25,30558.5,110
1790659500,30557,30557,30552.75,30556.5,102
1790659560,30556,30556,30545.75,30550.5,155
1790659620,30550.5,30554,30549.5,30554,34
1790659680,30552.5,30557.25,30552.5,30557.25,42
1790659740,30556.25,30559.25,30550,30550,35
1790659800,30550.25,30551.25,30540.75,30548,196
1790659860,30546.75,30549,30537.75,30540,163
1790659920,30540,30548.5,30540,30541.5,131
1790659980,30542.5,30550.25,30542.5,30547,108
1790660040,30548,30550.75,30545.75,30550.5,85
1790660100,30551.25,30556.25,30550.25,30554.75,82
1790660160,30551.25,30554.25,30547.25,30547.5,42
1790660220,30545.25,30551.25,30545.25,30551.25,41
1790660280,30552.75,30555.5,30550.75,30554.25,52
1790660340,30554.75,30558.75,30549.5,30555.25,92
1790660400,30558,30562,30556.25,30562,97
1790660460,30561.5,30562.25,30555.5,30558.5,57
1790660520,30556.75,30559.5,30554.25,30559.5,43
1790660580,30560.25,30574.75,30560.25,30574.75,155
1790660640,30574.75,30580.25,30570,30580.25,134
1790660700,30580.5,30583,30573.25,30576,168
1790660760,30575.75,30576,30571.5,30573.75,64
1790660820,30573.5,30594,30572.25,30584.75,275
1790660880,30585.75,30591.5,30582.75,30587.75,121
1790660940,30585.25,30587.75,30574.5,30578.5,181
1790661000,30578,30581.25,30574,30579.5,104
1790661060,30579.5,30579.5,30570,30570,72
1790661120,30568.5,30570,30560.75,30566,189
1790661180,30565.5,30578.75,30563.75,30578.5,66
1790661240,30579.5,30597.5,30579,30581.75,193
1790661300,30580.75,30590.25,30573,30585.75,391
1790661360,30584.75,30588.25,30568.25,30570.25,88
1790661420,30571.25,30573.25,30563.25,30563.5,47
1790661480,30562.75,30571.5,30558,30571.5,78
1790661540,30571.75,30572.25,30566.75,30568.25,27
1790661600,30567.5,30576.5,30565.25,30573.5,69
1790661660,30573.75,30583.25,30571,30581.25,91
1790661720,30579.5,30583.5,30572.75,30577,153
1790661780,30577.25,30592,30577.25,30590,82
1790661840,30592,30592.5,30585.75,30589,61
1790661900,30591,30597.75,30590.25,30592.25,69
1790661960,30592,30597,30591.75,30597,76
1790662020,30598.25,30598.25,30589.75,30596.25,58
1790662080,30596.25,30601.5,30594.5,30597.25,91
1790662140,30597.25,30607,30597.25,30606.75,89
1790662200,30607.5,30614.25,30605.75,30612,232
1790662260,30612.5,30616.25,30609,30609,598
1790662320,30610.25,30613.5,30608.5,30613.5,47
1790662380,30613.75,30614,30608.25,30610,121
1790662440,30610.25,30610.25,30605,30605,68
1790662500,30605.75,30605.75,30596,30597,144
1790662560,30596.5,30601.25,30590,30590.25,114
1790662620,30590,30595.75,30585.5,30592,140
1790662680,30592.75,30595.25,30589.25,30594.5,41
1790662740,30594.5,30595.75,30584.5,30584.5,104
1790662800,30586.75,30591.75,30586.5,30589,43
1790662860,30591,30591.5,30585.25,30588.5,92
1790662920,30588,30593.25,30586.5,30591.5,174
1790662980,30590.75,30595,30590.75,30591.75,57
1790663040,30592.5,30596.25,30591.75,30595.25,45
1790663100,30592.75,30600.75,30592.25,30600,60
1790663160,30599.5,30599.5,30592,30594,92
1790663220,30594,30597,30593.5,30595,21
1790663280,30594.5,30599.25,30594.5,30599,33
1790663340,30600,30609.75,30600,30609.5,104
1790663400,30610,30615.5,30610,30612.25,79
1790663460,30612,30613,30606.75,30609.25,49
1790663520,30609,30611.75,30592.75,30598,351
1790663580,30598.5,30599.25,30590.25,30595,95
1790663640,30596.25,30597,30592.25,30595,39
1790663700,30595,30600.5,30592.75,30599.25,42
1790663760,30598.25,30606.25,30597.25,30606.25,56
1790663820,30605.75,30610.25,30603,30610.25,98
1790663880,30610.25,30613.25,30605.75,30605.75,73
1790663940,30607,30615,30606.75,30615,59
1790664000,30614.75,30619.5,30611.75,30616,112
1790664060,30614.5,30615.25,30609.25,30609.25,47
1790664120,30609.5,30611.75,30608,30609.25,30
1790664180,30609,30614,30608,30609.75,33
1790664240,30610.25,30615.5,30610.25,30615,70
1790664300,30615,30616.5,30610,30613.5,51
1790664360,30612.75,30619.5,30612.75,30619,37
1790664420,30618.25,30618.25,30608.5,30614.5,48
1790664480,30611,30616.25,30611,30616.25,30
1790664540,30615.5,30617,30610,30615,80
1790664600,30615.25,30616.25,30608.25,30613.25,118
1790664660,30615,30617.5,30611.5,30617.5,47
1790664720,30617.5,30625.5,30615.25,30625.5,150
1790664780,30624.75,30627.5,30622.75,30626.25,94
1790664840,30626.75,30629.25,30623.75,30624.25,105
1790664900,30623.75,30626.75,30615.75,30626.75,124
1790664960,30625,30639.75,30624,30636.25,405
1790665020,30636.25,30638,30629.25,30633.5,323
1790665080,30633.25,30641.5,30632.25,30641.5,127
1790665140,30640,30643.25,30638.5,30642,157
1790665200,30642.25,30658,30641,30657.5,414
1790665260,30657,30659.5,30653.5,30654.5,265
1790665320,30653.5,30655,30645.75,30647.25,185
1790665380,30649.5,30668.75,30647.5,30658.5,285
1790665440,30658.25,30659.25,30646,30655,233
1790665500,30654,30663.75,30654,30663.75,116
1790665560,30662,30669,30658.75,30663,132
1790665620,30661.75,30661.75,30652.5,30654.75,83
1790665680,30652.25,30656.5,30648,30648,128
1790665740,30649.25,30649.25,30632,30637.25,269
1790665800,30636.75,30641,30633.5,30635.5,109
1790665860,30635.75,30638.25,30632.25,30633.75,117
1790665920,30633,30637,30630.5,30637,91
1790665980,30638,30639,30631.75,30634,119
1790666040,30634.5,30640.25,30629,30638.75,96
1790666100,30639.5,30646.5,30636,30637,192
1790666160,30638.25,30641.25,30635.75,30639,75
1790666220,30640,30641.25,30634.5,30637,55
1790666280,30637.25,30649.25,30635.75,30649,140
1790666340,30649.5,30649.5,30639.25,30640,144
1790666400,30641.5,30651.75,30635.75,30650.5,109
1790666460,30649.75,30654.25,30648,30649.75,178
1790666520,30649.5,30652.75,30649,30650.75,42
1790666580,30651.75,30652.25,30646.25,30650.5,69
1790666640,30651,30654.25,30649.5,30652.5,95
1790666700,30652.25,30654.5,30650,30650.5,85
1790666760,30652.5,30654,30649.5,30651.5,122
1790666820,30651.5,30651.5,30645.75,30649.5,76
1790666880,30650.5,30653,30640.75,30642,118
1790666940,30644,30646,30642.75,30645,71
1790667000,30646.25,30647,30642.75,30644,94
1790667060,30643.75,30645.5,30638.5,30639.75,65
1790667120,30639.5,30654,30639.5,30648.25,115
1790667180,30648.25,30658,30648.25,30657.75,107
1790667240,30657.5,30657.5,30650,30652.5,117
1790667300,30652.75,30663.5,30652.75,30660.25,124
1790667360,30659.75,30660.25,30654,30659,68
1790667420,30658.75,30665.25,30655,30663.5,102
1790667480,30664,30664.5,30662.25,30662.75,88
1790667540,30662.5,30666,30658.75,30660.75,89
1790667600,30661.75,30666.5,30661.25,30666,110
1790667660,30665.25,30665.25,30650.5,30654.5,178
1790667720,30653.75,30656,30646.5,30651,166
1790667780,30650.5,30661.5,30649.5,30658.75,132
1790667840,30659,30661.5,30657.5,30659.25,124
1790667900,30659.25,30659.5,30647,30652.25,181
1790667960,30651.75,30653.25,30646.25,30651,227
1790668020,30650.5,30654.75,30643.5,30651.5,323
1790668080,30650.5,30655,30649,30652.25,81
1790668140,30650.25,30702.75,30636.5,30697.5,1966
1790668200,30697,30707,30685.5,30694.25,696
1790668260,30694,30694.5,30666.5,30669.5,442
1790668320,30670.5,30681.5,30670.5,30679.5,201
1790668380,30679.25,30689,30676.5,30681.75,169
1790668440,30681.25,30687,30674,30686,109
1790668500,30686.75,30692.25,30684,30687,150
1790668560,30687.25,30688.25,30683.75,30686,64
1790668620,30685.5,30687.75,30679.25,30682.25,99
1790668680,30683.25,30685.5,30678.5,30685.25,51
1790668740,30685.25,30686.75,30681.25,30682,94
1790668800,30681.25,30694,30678.5,30692.25,343
1790668860,30691.25,30703.25,30691,30699,212
1790668920,30699.25,30702,30696,30701.25,89
1790668980,30700.75,30701.75,30687.25,30691,181
1790669040,30691.25,30705.5,30689.75,30699.75,173
1790669100,30700.25,30700.25,30686.75,30688,136
1790669160,30688.25,30697.25,30685.5,30694,154
1790669220,30693.75,30696.75,30688,30695,139
1790669280,30693.75,30694.5,30688.75,30690,76
1790669340,30690.5,30700,30689.25,30689.25,135
1790669400,30689.25,30695,30688,30693,110
1790669460,30694.25,30695.25,30687.25,30690.25,93
1790669520,30692.75,30696.5,30688.75,30694,110
1790669580,30693.25,30708.75,30692.75,30698.75,467
1790669640,30698.5,30699.5,30693.75,30699.5,138
1790669700,30699.25,30717,30698.75,30714.5,416
1790669760,30714.5,30717.75,30711.75,30711.75,211
1790669820,30711.5,30711.5,30700.75,30701.75,192
1790669880,30701.5,30704.5,30691,30695,196
1790669940,30696,30696.5,30685.75,30694.75,221
1790670000,30692.75,30702.75,30687,30688.25,250
1790670060,30688.5,30689.25,30683.5,30686,216
1790670120,30685,30691.25,30685,30689.25,99
1790670180,30690.75,30693.5,30680.5,30684.25,157
1790670240,30685.25,30685.25,30669.5,30677.25,343
1790670300,30678.25,30678.25,30666.75,30668.5,261
1790670360,30666.75,30671.5,30656.5,30667.75,586
1790670420,30667,30674.25,30655.25,30659,254
1790670480,30660.5,30665.75,30658,30663.75,165
1790670540,30663.25,30676.5,30662.75,30675.5,152
1790670600,30674.25,30680,30665.75,30667.25,322
1790670660,30667.5,30668.5,30662.75,30666,161
1790670720,30667.25,30680.5,30667,30675.25,220
1790670780,30674.75,30675.25,30663.75,30664.75,158
1790670840,30665,30668.25,30657.75,30667,152
1790670900,30666.75,30669.5,30661,30666.75,117
1790670960,30666.25,30667.25,30661.75,30665,115
1790671020,30667.25,30667.75,30658.75,30664.75,111
1790671080,30663.5,30668.25,30663.5,30665.5,75
1790671140,30666.25,30666.25,30650.5,30651.25,233
1790671200,30652.25,30655.5,30648,30653.5,751
1790671260,30653.75,30654.75,30646.75,30650.25,220
1790671320,30649.75,30653,30648.5,30649,140
1790671380,30649,30655.25,30649,30654.5,145
1790671440,30654,30659.5,30644,30652.25,729
1790671500,30652.75,30653,30642.25,30642.25,209
1790671560,30643,30644.75,30639.5,30640.25,168
1790671620,30640.25,30645.25,30632,30633,334
1790671680,30633.25,30645.25,30632.5,30645,191
1790671740,30644.5,30645.75,30637.75,30643.25,201
1790671800,30644.25,30646.5,30643,30643.5,122
1790671860,30642.75,30643.25,30638.5,30642,105
1790671920,30641.5,30646,30640.75,30641.5,106
1790671980,30641.25,30641.25,30633,30635,209
1790672040,30634.75,30637.25,30630,30634.5,169
1790672100,30635.25,30638.75,30634,30636,96
1790672160,30636,30639.5,30634.5,30639,76
1790672220,30639.25,30639.25,30634.75,30637.75,102
1790672280,30637.5,30641,30633.25,30634.5,123
1790672340,30634.75,30639.25,30629,30632,269
1790672400,30631.25,30647,30630.75,30633,478
1790672460,30633.5,30637.5,30629.75,30636,257
1790672520,30636.5,30645.25,30635.75,30643,194
1790672580,30643.5,30648.75,30642.5,30642.5,285
1790672640,30643,30644.25,30635,30637.25,291
1790672700,30637,30640.75,30633.25,30639.25,226
1790672760,30640,30646.75,30636,30645.25,222
1790672820,30645,30647.25,30639.75,30647.25,191
1790672880,30646.75,30651.5,30644.5,30650,232
1790672940,30650.75,30663.25,30650.75,30662.5,677
1790673000,30662.5,30666.25,30658.5,30661,295
1790673060,30660.75,30666.25,30657.25,30658.75,312
1790673120,30658,30661.25,30656,30660.25,147
1790673180,30659.75,30661.5,30652.5,30657.75,218
1790673240,30658.5,30666.25,30657.75,30665.5,216
1790673300,30666,30669.5,30655.5,30660.25,253
1790673360,30660,30666.5,30659.5,30661,159
1790673420,30660.25,30661.25,30655,30658.25,178
1790673480,30658.5,30669.25,30656.5,30658,285
1790673540,30658.75,30662,30657.25,30660.5,92
1790673600,30661,30667.25,30659.75,30665.5,171
1790673660,30665,30666,30660,30660.75,206
1790673720,30662,30669.5,30659.25,30668.25,217
1790673780,30668.25,30676,30667.5,30672.75,269
1790673840,30673.25,30676.25,30670.25,30672.75,169
1790673900,30672.75,30693.75,30670.75,30682.25,1083
1790673960,30682,30687.5,30675.5,30676.5,390
1790674020,30676,30700,30672.5,30697.25,862
1790674080,30696.5,30700.75,30685.75,30696.5,754
1790674140,30696.25,30709.75,30691,30708.75,1192
1790674200,30708.75,30725.5,30665.25,30677.5,5905
1790674260,30676.75,30705.75,30654.5,30663.25,4716
1790674320,30663.25,30676.75,30652.75,30666.25,3788
1790674380,30667,30667.75,30620.5,30621.5,3903
1790674440,30621,30629.5,30601.25,30610.25,3663
1790674500,30610.25,30622,30586.75,30599,3648
1790674560,30597.75,30614.75,30588,30604.5,2433
1790674620,30604.5,30634.25,30604.5,30610.75,3052
1790674680,30611,30611,30582.25,30606.5,3017
1790674740,30607,30618.75,30599.75,30618.75,1669
1790674800,30619,30623,30568.75,30571.25,2814
1790674860,30570.75,30582.75,30567.5,30573.75,1689
1790674920,30573.25,30586,30547.75,30551.25,2758
1790674980,30551.75,30573,30545.5,30550.5,2289
1790675040,30550.75,30571,30547,30566.5,2062
1790675100,30567,30582.75,30560.75,30580.25,2376
1790675160,30580,30596.5,30574.5,30574.5,2142
1790675220,30574,30599.75,30570,30579.25,2153
1790675280,30580.75,30594.75,30568.25,30572.5,1757
1790675340,30573,30584,30558.75,30577.75,1756
1790675400,30577.25,30597,30570.75,30591.75,2093
1790675460,30591.5,30612.25,30589.5,30601.5,2257
1790675520,30602,30621,30591.5,30619.75,2074
1790675580,30618.75,30630,30613,30623.5,2042
1790675640,30624.5,30626.25,30615.5,30621.75,1137
1790675700,30622,30649.75,30620,30648.75,2054
1790675760,30649,30656.25,30639.75,30643.25,1896
1790675820,30643.75,30645.75,30624,30634,1939
1790675880,30632.25,30640,30623.25,30635,1094
1790675940,30635.25,30636.5,30595,30608.25,1935
1790676000,30608.25,30659.25,30606.75,30639.25,2816
1790676060,30637.5,30650.75,30621.75,30624.25,1963
1790676120,30624,30624.5,30601,30617.25,2533
1790676180,30618,30640.75,30609.25,30637.5,1953
1790676240,30636.75,30637,30612.5,30629.5,1577
1790676300,30629.5,30636.25,30615.5,30630.25,1138
1790676360,30629,30629.25,30612,30625.5,1218
1790676420,30624.25,30635.25,30609.75,30617,1179
1790676480,30616.75,30625.5,30614.25,30619.75,777
1790676540,30619.5,30619.5,30598.25,30612.75,1482
1790676600,30612.75,30630.25,30611.75,30625.5,1627
1790676660,30625.5,30634.25,30592.25,30597.25,1974
1790676720,30598,30619,30589.25,30616.5,1553
1790676780,30617,30643.5,30616.5,30622.25,1996
1790676840,30622.5,30636,30619,30627.75,1124
1790676900,30628,30631,30604,30607.5,1694
1790676960,30608.25,30652.25,30598.25,30646.25,3133
1790677020,30646.75,30653.25,30633.5,30644,2135
1790677080,30644,30662.5,30641.25,30655.25,1525
1790677140,30655.25,30670.5,30646.75,30660.5,2282
1790677200,30661,30667,30615.75,30622.75,3498
1790677260,30622,30649.5,30617.5,30645.25,2165
1790677320,30645.75,30670.5,30641.25,30669.5,1862
1790677380,30669,30675.75,30649.75,30665.75,2182
1790677440,30666,30671.5,30648.75,30664.5,1131
1790677500,30663.5,30684,30657.25,30678.5,1358
1790677560,30678,30691.25,30672.25,30691,1429
1790677620,30690.75,30698.5,30685.25,30688.25,1538
1790677680,30687.75,30688,30656.75,30659,1866
1790677740,30658.75,30671,30654.5,30670,1021
1790677800,30670.25,30689.25,30669.25,30683.75,1388
1790677860,30683.5,30695.75,30676.5,30691.25,1224
1790677920,30690.25,30700,30675.75,30681.25,1639
1790677980,30680.75,30693.5,30678,30693.25,852
1790678040,30693,30694,30680.75,30688,955
1790678100,30688,30693.75,30678.25,30688.75,985
1790678160,30688.25,30690.75,30680.25,30680.25,735
1790678220,30680.75,30681.25,30659.25,30668.5,1492
1790678280,30667.75,30684.75,30663.5,30683.5,1120
1790678340,30683.25,30686.5,30675.75,30682.25,998
1790678400,30682,30699.75,30657.25,30665.25,2388
1790678460,30665.5,30686.25,30661,30672.75,1251
1790678520,30673.25,30684,30664.5,30677.5,1277
1790678580,30677.5,30681.5,30664.25,30664.5,702
1790678640,30665,30674.25,30657.5,30669.75,1008
1790678700,30669.5,30680.75,30668,30680.5,809
1790678760,30679.75,30679.75,30662,30676.75,1145
1790678820,30676.5,30678.75,30668.25,30676,615
1790678880,30676.5,30690.5,30665,30666.5,1028
1790678940,30667.5,30667.75,30642.25,30643.5,1889
1790679000,30644.5,30665,30641.25,30665,1239
1790679060,30665.75,30694.75,30661,30692,1513
1790679120,30693,30697.5,30689.25,30690.25,917
1790679180,30690.75,30695,30668.75,30690,1427
1790679240,30689.5,30701.25,30686.75,30697.5,972
1790679300,30698.25,30700,30686.25,30694.75,1172
1790679360,30694.25,30700,30686.75,30698,818
1790679420,30697,30706.25,30688,30698,914
1790679480,30697.5,30697.5,30669,30672.75,1144
1790679540,30673.5,30680,30655.5,30663.25,1070
1790679600,30663,30665.75,30634.25,30636.5,1973
1790679660,30636.75,30651.25,30631.5,30650.75,1413
1790679720,30651.25,30652,30626,30639.25,1365
1790679780,30639,30645.75,30635.75,30640.75,833
1790679840,30640.75,30647,30628.75,30630.25,911
1790679900,30630.25,30636.5,30620,30627.5,1539
1790679960,30627.75,30641.25,30627.75,30630,1051
1790680020,30630.25,30631.25,30617.75,30624.5,977
1790680080,30624.25,30626,30603.25,30616.5,1636
1790680140,30616.25,30626,30607.5,30615,1364
1790680200,30614.25,30628,30613,30619.75,999
1790680260,30620.25,30622,30608,30612,919
1790680320,30611.75,30612,30593.5,30598.5,1414
1790680380,30597.75,30621.75,30597.75,30621.5,1043
1790680440,30621,30638,30616.5,30637.25,1376
1790680500,30637.75,30648.75,30632,30635.75,1238
1790680560,30636.5,30644.5,30632.5,30637.25,750
1790680620,30637,30638.5,30620,30624.25,804
1790680680,30623,30624.25,30593.25,30596,1513
1790680740,30596.5,30605.5,30583.75,30583.75,1653
1790680800,30584,30591,30576,30577.25,1530
1790680860,30577,30586.5,30572.5,30581.25,1258
1790680920,30581.75,30590,30570.25,30579.25,1276
1790680980,30579,30581.5,30557.25,30559.75,1190
1790681040,30558.75,30563.75,30549.75,30560,1793
1790681100,30560,30567,30547.75,30557.5,2026
1790681160,30558,30564.5,30535.25,30540.75,2110
1790681220,30541.25,30552.25,30531.25,30549,1557
1790681280,30549,30561.5,30544.25,30549.5,1317
1790681340,30549.5,30558.25,30545.5,30555,1049
1790681400,30555.25,30566.5,30555,30556,1611
1790681460,30556,30559.5,30543.75,30553,1286
1790681520,30552.75,30573,30552.25,30571.75,1244
1790681580,30571.25,30592.5,30570.75,30592,1648
1790681640,30592,30605,30589.75,30598.75,1499
1790681700,30599.25,30601.5,30590.5,30593,1104
1790681760,30593.5,30602.5,30590.75,30597.5,878
1790681820,30596.5,30599.5,30585.25,30593,997
1790681880,30593,30611.75,30586,30611,1175
1790681940,30610.5,30613.25,30593.75,30599.5,1086
1790682000,30600,30601.25,30590.5,30597.75,559
1790682060,30599,30600.25,30569.25,30572.75,1378
1790682120,30573.25,30592,30570.25,30581,987
1790682180,30581.25,30581.5,30566.75,30578,1071
1790682240,30577.75,30588.5,30572.75,30577.5,753
1790682300,30578,30586,30573,30575.75,628
1790682360,30575.5,30577.25,30558.75,30561.75,1033
1790682420,30562.25,30611,30555.25,30591.25,4646
1790682480,30591.5,30595,30572.5,30588.5,2034
1790682540,30587.75,30603.75,30584,30598,1421
1790682600,30598.5,30612,30587.5,30591,1631
1790682660,30591.25,30594.25,30569,30577.25,1258
1790682720,30577,30580,30558.75,30568.25,1682
1790682780,30568.75,30576.5,30561.25,30565.75,1063
1790682840,30566.25,30575.5,30552.5,30566.25,1410
1790682900,30565.5,30572.5,30556.25,30562.5,825
1790682960,30562.5,30580.25,30562.25,30577.5,962
1790683020,30578.25,30581.5,30564.5,30568,798
1790683080,30568.75,30584.5,30567.25,30577.75,880
1790683140,30577.75,30588,30573.75,30587.75,660
1790683200,30588,30588.5,30571.75,30577,928
1790683260,30576.75,30583.75,30570.5,30576,767
1790683320,30576,30576.25,30553.75,30567.25,961
1790683380,30567,30568,30561.5,30567.25,478
1790683440,30567,30570,30552.75,30556.25,607
1790683500,30556,30565.5,30551.5,30557.75,673
1790683560,30558,30569.75,30552.75,30569.5,862
1790683620,30568.5,30580.5,30564.5,30577.25,749
1790683680,30577,30586.25,30568.75,30582,741
1790683740,30583,30594,30581.25,30589.25,716
1790683800,30589,30593.75,30582.5,30585.25,554
1790683860,30586.75,30591,30575,30587,822
1790683920,30587,30587.25,30573.25,30573.5,647
1790683980,30574,30579.75,30561.25,30562.75,569
1790684040,30562.75,30568.75,30556.25,30559,707
1790684100,30559.25,30565.5,30554,30564.5,764
1790684160,30564.75,30570.25,30558.25,30569.5,713
1790684220,30569.5,30573,30558.75,30559,780
1790684280,30559.75,30563,30550.5,30561.25,708
1790684340,30561.75,30565.5,30551.75,30565.5,888
1790684400,30565.25,30572,30565,30566.5,567
1790684460,30567,30579,30555,30557,1086
1790684520,30557.25,30573.5,30552.75,30568.5,786
1790684580,30568.25,30570,30560,30568.75,439
1790684640,30568.75,30575.25,30567.5,30569,399
1790684700,30568.75,30579.75,30567.5,30578.75,420
1790684760,30578.25,30585.25,30573.75,30584.25,506
1790684820,30584.5,30587.5,30580.5,30585.25,559
1790684880,30585,30591,30583.25,30586.25,493
1790684940,30586.25,30588.25,30580.25,30583.5,442
1790685000,30584,30584.75,30568.75,30570.75,737
1790685060,30571.5,30581.25,30563.75,30568.25,994
1790685120,30568.5,30574.25,30565.25,30567.75,417
1790685180,30568.25,30574.25,30567.25,30571,457
1790685240,30570.75,30571.25,30565.75,30569.5,366
1790685300,30569.25,30584,30569,30574.75,684
1790685360,30573.75,30581,30568.25,30578.5,645
1790685420,30579.25,30579.25,30570.25,30575.5,356
1790685480,30575.25,30581.25,30570,30580,376
1790685540,30579.5,30579.75,30567.75,30572.75,519
1790685600,30573,30573.25,30550.75,30553.75,1459
1790685660,30553.5,30558.75,30535,30535,1276
1790685720,30535.75,30547.75,30529.75,30544,1326
1790685780,30543.25,30544.5,30524,30527,1212
1790685840,30527.25,30529.5,30518,30518.75,1180
1790685900,30518.75,30525.75,30504.5,30512,1735
1790685960,30511.75,30533,30506.75,30531.75,1458
1790686020,30532.5,30548,30528.75,30540.25,1114
1790686080,30540.75,30555.5,30535.75,30552,961
1790686140,30552,30552.75,30539,30549.25,626
1790686200,30549.5,30561.5,30546.25,30560.25,786
1790686260,30560.25,30567.75,30545.25,30546,1084
1790686320,30545.25,30546.5,30537,30539.75,878
1790686380,30539.5,30543,30535.25,30538.75,561
1790686440,30538.25,30541.5,30533.25,30539.25,748
1790686500,30539.5,30540,30526,30528.25,780
1790686560,30527.75,30527.75,30515.5,30522.5,829
1790686620,30522,30527,30519.75,30521.5,801
1790686680,30521.25,30532,30519.75,30529,637
1790686740,30529,30540.5,30526,30538,669
1790686800,30537.5,30538,30522,30522,1061
1790686860,30522.75,30534,30520,30525,520
1790686920,30525.25,30529,30519.75,30521.5,457
1790686980,30521.5,30531.75,30513.25,30531.5,1133
1790687040,30530.5,30533.5,30525.75,30530,782
1790687100,30529.5,30538,30528,30536.25,441
1790687160,30536.75,30540.25,30530.25,30533,466
1790687220,30534,30535,30524,30533.25,998
1790687280,30533,30540,30529.5,30534.75,479
1790687340,30534.75,30536.5,30530,30530.5,233
1790687400,30531.25,30541.75,30524.5,30536.25,884
1790687460,30538.25,30548.5,30532.75,30534,758
1790687520,30533.5,30536.75,30524,30528,574
1790687580,30528,30535.25,30525.5,30533,309
1790687640,30533,30543.25,30527.25,30543.25,691
1790687700,30542.5,30547.75,30538,30540.75,673
1790687760,30541.5,30544.25,30521.25,30528.25,722
1790687820,30528.25,30540.25,30527.75,30530.25,685
1790687880,30530.25,30536.25,30526.5,30533.5,329
1790687940,30532.5,30541.75,30529.75,30538.25,454
1790688000,30537.5,30543.75,30532,30540.5,449
1790688060,30540,30546,30535,30537.75,556
1790688120,30538.5,30546,30536.5,30542.25,419
1790688180,30541.5,30555.25,30540.75,30552.25,737
1790688240,30552.75,30566.5,30552,30566.25,715
1790688300,30566.25,30575.75,30564.25,30567.5,1185
1790688360,30567.5,30571,30565.5,30571,497
1790688420,30571,30578.75,30565.75,30578,618
1790688480,30578.25,30581.25,30562.75,30568,726
1790688540,30568,30572.5,30566.5,30568.25,473
1790688600,30567.75,30572.5,30553.25,30555.5,880
1790688660,30556.25,30566.25,30554,30564,640
1790688720,30564,30569,30559.25,30565.25,406
1790688780,30564.5,30574.5,30562.25,30568.75,386
1790688840,30569,30574.5,30567,30574,392
1790688900,30573.5,30584.75,30573,30578.75,1009
1790688960,30579.25,30579.25,30569.5,30570.5,482
1790689020,30570.75,30572.5,30564,30566.75,361
1790689080,30566.75,30573.25,30561.25,30563,341
1790689140,30562.75,30565,30558,30563.5,342
1790689200,30563.25,30563.5,30556.5,30559.5,498
1790689260,30559.5,30563.75,30551.75,30555,594
1790689320,30554.5,30554.5,30538.75,30542.75,875
1790689380,30543.25,30552.75,30540.75,30552.5,534
1790689440,30552.5,30562.25,30550.75,30559,492
1790689500,30559.5,30568,30559.25,30560.5,513
1790689560,30559.75,30570,30556.5,30557,1016
1790689620,30557.25,30565.5,30554.75,30561.75,408
1790689680,30561.75,30562.75,30551.75,30555.75,612
1790689740,30555.5,30555.5,30547.75,30551.75,590
1790689800,30551.75,30558.25,30548.25,30550,411
1790689860,30548.75,30550.75,30541.25,30542.5,885
1790689920,30542.5,30546,30531.75,30534.75,699
1790689980,30535.25,30537,30520,30525.75,759
1790690040,30525.5,30535.5,30524.25,30532.75,465
1790690100,30532.75,30534.75,30526.25,30527.75,454
1790690160,30527.75,30529.25,30518.75,30521.75,460
1790690220,30521.75,30526.25,30510.25,30513.5,790
1790690280,30513.5,30517.5,30508.25,30511.75,666
1790690340,30511.75,30525,30511.25,30521.25,1103
1790690400,30522.75,30587.25,30522.5,30577.25,5450
1790690460,30576.25,30587.25,30561.5,30563.5,2051
1790690520,30563,30579,30563,30574.5,1436
1790690580,30574,30575.75,30556,30569,1081
1790690640,30568.75,30580.25,30562.75,30578.5,1289
1790690700,30579,30593.5,30572.75,30584,1465
1790690760,30584.5,30592.5,30581.25,30588,1164
1790690820,30589.25,30597.75,30568.75,30580.5,1597
1790690880,30580,30586,30570.5,30574.5,673
1790690940,30574.25,30577.75,30551.25,30556.25,1003
1790691000,30556,30569,30556,30559,722
1790691060,30558.5,30560.5,30548.5,30551,580
1790691120,30551.5,30558,30549,30555.75,423
1790691180,30555.75,30581.75,30554.75,30578.5,983
1790691240,30578.25,30592.5,30578,30589,985
1790691300,30588.5,30591.25,30584.5,30587.25,735
1790691360,30587,30595.75,30586.75,30590.75,901
1790691420,30589.25,30596.25,30586.25,30590.25,553
1790691480,30590.25,30594.25,30586.75,30593.25,452
1790691540,30592.75,30600,30589,30594,1247
1790691600,30594.25,30596,30586.5,30594.25,616
1790691660,30593.75,30598,30591,30596.25,823
1790691720,30595.75,30611.25,30593.75,30609.75,905
1790691780,30609.75,30621.75,30602.25,30602.75,1485
1790691840,30602.75,30607,30589,30592,935
1790691900,30592.25,30600.75,30591,30591.25,545
1790691960,30593,30603,30591.75,30597.25,456
1790692020,30597.75,30609.5,30595,30605.75,729
1790692080,30606.25,30620,30606.25,30610.25,1157
1790692140,30610.75,30611.75,30601,30602.75,516
1790692200,30602.5,30626.25,30591.75,30596.75,2358
1790692260,30597,30600,30581.5,30588.75,1015
1790692320,30588.5,30594.5,30587,30589,535
1790692380,30589.25,30593.5,30580.75,30583.75,417
1790692440,30584,30595.25,30583.75,30593.75,360
1790692500,30593.5,30599.75,30590.25,30598,392
1790692560,30597.25,30606.75,30595.25,30605.5,696
1790692620,30606,30613.5,30604.75,30611,520
1790692680,30610.25,30632.25,30609,30631.75,1182
1790692740,30631.75,30644,30630.5,30642,1706
1790692800,30641.5,30651.25,30638.25,30649.75,1299
1790692860,30649.5,30660.75,30643.5,30648,1347
1790692920,30648.25,30651.5,30639.5,30646,812
1790692980,30646,30646.5,30634,30637.25,802
1790693040,30637.5,30642,30630.25,30639.5,690
1790693100,30639,30647,30637.5,30644.25,739
1790693160,30643.75,30646.25,30639.75,30643,384
1790693220,30642.75,30642.75,30624.5,30629.25,962
1790693280,30630,30637,30628.75,30637,549
1790693340,30636.5,30642,30635,30637.75,428
1790693400,30638,30642.5,30634.25,30640,544
1790693460,30640.25,30647.25,30639.5,30645.5,442
1790693520,30645,30651.25,30642.25,30649.25,467
1790693580,30649.25,30651.25,30645.5,30650.25,431
1790693640,30650.25,30650.75,30636.25,30637.75,710
1790693700,30638,30642.75,30635,30642.75,515
1790693760,30643,30644.75,30638.5,30639.25,388
1790693820,30639.25,30641.75,30631.25,30636.5,643
1790693880,30636,30653.25,30634.75,30647.5,630
1790693940,30648,30655,30644,30646.5,849
1790694000,30647,30654,30645.5,30649.25,737
1790694060,30649,30650,30643.5,30645.75,407
1790694120,30646,30649.75,30642,30646.25,416
1790694180,30646.25,30651,30644.25,30644.75,534
1790694240,30644.75,30654.75,30639.25,30652.25,576
1790694300,30652.5,30654.25,30644.5,30651.5,585
1790694360,30651,30656.5,30647.75,30652.5,499
1790694420,30653.25,30653.5,30645.5,30648,373
1790694480,30648,30652,30643,30646,562
1790694540,30646.75,30649,30639,30639.5,457
1790694600,30639.25,30642,30635.75,30638,535
1790694660,30638.25,30644.75,30636.75,30639.5,422
1790694720,30640,30640.75,30627.25,30630.25,664
1790694780,30630.25,30634.5,30627,30627,484
1790694840,30627.5,30628.25,30615.5,30623,887
1790694900,30623.25,30624.75,30617.5,30620.75,440
1790694960,30620.75,30628,30618.5,30626.5,477
1790695020,30626,30627,30620,30623.75,400
1790695080,30624,30632.75,30623.25,30628,717
1790695140,30628.25,30629.25,30619.75,30627.25,368
1790695200,30627.25,30628,30620.75,30622.5,586
1790695260,30622.25,30634,30622.25,30633.75,478
1790695320,30633.75,30639.5,30631.25,30637.25,771
1790695380,30637.5,30643,30635.75,30638.75,631
1790695440,30638.5,30640.75,30626,30631.25,796
1790695500,30630.5,30635.25,30624.75,30628.25,415
1790695560,30628.25,30634.25,30628,30629,350
1790695620,30629,30632.5,30627.5,30631.25,327
1790695680,30632.25,30632.25,30623.25,30626,401
1790695740,30626,30627.5,30622,30625.25,423
1790695800,30625.5,30627.25,30615,30618,748
1790695860,30618.5,30629.75,30618.5,30629.5,474
1790695920,30629.75,30639.75,30628,30636.75,710
1790695980,30636.25,30637,30628.25,30628.75,399
1790696040,30629,30630.75,30626,30630,350
1790696100,30629.75,30631.25,30624.25,30624.75,346
1790696160,30625.25,30629.5,30623.75,30627.25,277
1790696220,30627.25,30634.5,30627,30632.75,375
1790696280,30632.5,30635.75,30629.5,30632,405
1790696340,30631.75,30633.5,30623.75,30625.75,352
1790696400,30625.25,30626.25,30618.25,30621.25,526
1790696460,30621.75,30622.75,30612.75,30621,649
1790696520,30621,30621,30615,30615.75,528
1790696580,30616,30616.5,30601.5,30601.75,989
1790696640,30601.5,30607,30599.75,30601.25,789
1790696700,30602,30604.5,30596.25,30600.5,803
1790696760,30601,30608.25,30600,30606,574
1790696820,30606,30619.25,30606,30617,816
1790696880,30617,30618.25,30610.5,30614.5,442
1790696940,30614.75,30618.25,30612.25,30616.75,554
1790697000,30617.25,30623.75,30609.25,30622.25,1421
1790697060,30622.25,30634.5,30621.75,30628.75,1034
1790697120,30629,30638,30623.25,30634.75,889
1790697180,30635,30635,30625.25,30630.75,1403
1790697240,30631,30648,30630.25,30636.25,2224
1790697300,30636.5,30637.5,30592.25,30613,2755
1790697360,30613.5,30615.5,30594.5,30607.75,1385
1790697420,30607.75,30626.5,30606,30625.25,1350
1790697480,30625.5,30626.5,30612,30615,1541
1790697540,30615.25,30621,30602.75,30617.5,8040
1790697600,30617.5,30643.75,30613.75,30642.25,2560
1790697660,30642.25,30645,30630,30630.5,905
1790697720,30631,30642,30631,30638.25,519
1790697780,30637.5,30639.75,30631,30632,251
1790697840,30632.5,30633.5,30626.5,30629.25,363
1790697900,30629.5,30629.5,30621,30623.5,449
1790697960,30624,30636.5,30623,30631.75,352
1790698020,30631,30633,30629.75,30630.25,137
1790698080,30630.25,30631.25,30627.5,30628,113
1790698140,30628.25,30629,30625.25,30626.25,104
1790698200,30626.25,30627.75,30621.75,30624.75,247
1790698260,30623.75,30627.5,30623.5,30627.25,218
1790698320,30627.25,30628,30625,30627.75,161
1790698380,30627.5,30631.25,30626.75,30631.25,139
1790698440,30631.5,30636,30628.25,30629.5,189
1790698500,30629.75,30630,30627,30627.5,84
1790698560,30628,30631.25,30626.75,30631,120
1790698620,30630.5,30631.75,30629.25,30630.25,146
1790698680,30630,30635.75,30630,30635.5,96
1790698740,30634.75,30637.5,30633.75,30634.75,127
1790698800,30634.25,30636.5,30634,30634,70
1790698860,30634.25,30635,30632.25,30635,59
1790698920,30635,30637,30634,30635,53
1790698980,30634.5,30634.5,30629.75,30631.25,121
1790699040,30631.5,30639,30630.75,30638.5,231
1790699100,30639,30642.5,30638.25,30642,261
1790699160,30642,30651,30641.75,30650.75,340
1790699220,30650.5,30652,30647,30649.75,214
1790699280,30650.5,30654,30648.25,30653.25,114
1790699340,30653.5,30657.75,30653.25,30655.25,213
1790699400,30654.5,30659.5,30654.25,30655.5,100
1790699460,30654.75,30654.75,30648.5,30651,152
1790699520,30650.5,30656.25,30650,30655.5,110
1790699580,30654.25,30659.75,30654.25,30659.25,57
1790699640,30660,30663,30658.75,30660.25,123
1790699700,30660,30661,30655.75,30658,90
1790699760,30657,30661.5,30655.75,30656,155
1790699820,30656,30660.5,30656,30659.75,69
1790699880,30659.5,30667.5,30659.5,30667,279
1790699940,30667,30673.75,30667,30673,303
1790700000,30673,30677.25,30670.5,30670.75,157
1790700060,30671,30671,30668.25,30670.5,88
1790700120,30670,30676.25,30668.5,30675.5,159
1790700180,30675.75,30676.25,30672.5,30673.5,62
1790700240,30674.25,30676.25,30671.25,30674.75,109
1790700300,30674.5,30676,30668.75,30669.75,137
1790700360,30669.75,30669.75,30665.5,30667.25,129
1790700420,30667,30669.25,30665.5,30669,96
1790700480,30669.5,30669.5,30664.25,30665.75,93
1790700540,30665.75,30667.75,30665.25,30667,73
1790700600,30667.5,30667.5,30661.5,30662.75,121
1790700660,30663,30663.25,30659.5,30661,92
1790700720,30661,30663.25,30659.25,30662.5,108
1790700780,30662.75,30663.25,30660.75,30661,88
1790700840,30661.25,30661.75,30659.75,30661.75,27
1790700900,30662.25,30662.25,30658.5,30661,74
1790700960,30661,30661,30657.5,30657.5,52
1790701020,30657.75,30657.75,30652.25,30655.75,143
1790701080,30655.5,30658.25,30654.75,30656.25,78
1790701140,30656.75,30658.5,30648.25,30652.75,197
1790704800,30657.25,30675.75,30655,30668,279
1790704860,30667,30685,30666.25,30684.75,322
1790704920,30685,30688,30678.5,30684,147
1790704980,30682.25,30695,30682.25,30692.75,165
1790705040,30693.25,30695.25,30690,30692.25,67
1790705100,30690.75,30697,30688.5,30695.25,239
1790705160,30693.75,30697.5,30691.5,30694.75,112
1790705220,30693.5,30694.25,30690,30691.5,56
1790705280,30692.25,30694.5,30688,30694.5,74
1790705340,30693.5,30694.5,30692.75,30694.5,30
1790705400,30694.75,30703.25,30692.25,30698,189
1790705460,30697.25,30697.25,30689.5,30692.25,114
1790705520,30692.25,30698.25,30691.5,30694,84
1790705580,30694,30696.5,30691.75,30691.75,27
1790705640,30691.5,30691.5,30688.5,30688.5,56
1790705700,30688.25,30695.5,30687.5,30691.75,107
1790705760,30692.25,30694.25,30691,30694,58
1790705820,30693,30693,30691.75,30693,10
1790705880,30693.25,30696.5,30691,30695.75,65
1790705940,30696.5,30708,30695.75,30704.5,160
1790706000,30704.5,30708.75,30702.25,30702.75,153
1790706060,30702.75,30703.75,30700.25,30702.25,50
1790706120,30701.25,30705.75,30695,30700.75,156
1790706180,30701,30705,30699.75,30700.5,80
1790706240,30700,30704,30700,30702.25,49
1790706300,30700.25,30702.5,30699,30701,45
1790706360,30701.75,30701.75,30696.75,30697.5,114
1790706420,30698.25,30699,30688.75,30689.75,232
1790706480,30690,30691.75,30679.25,30684.25,264
1790706540,30683.25,30685,30677,30680.25,198
1790706600,30681,30685.25,30664.25,30671.25,260
1790706660,30672.25,30675.5,30670.25,30672,129
1790706720,30672,30672.5,30666,30668.25,126
1790706780,30668.25,30672.25,30661,30664.75,182
1790706840,30666.25,30672.5,30665.5,30669.5,94
1790706900,30669.5,30671.75,30666.25,30666.75,66
1790706960,30666.5,30667.25,30663,30664.5,89
1790707020,30664.75,30670.75,30664.75,30669.5,110
1790707080,30669.25,30669.25,30666.5,30667.25,44
1790707140,30667.75,30669.25,30663.5,30664.25,90
1790707200,30666.75,30668,30665.75,30666.75,49
1790707260,30667.5,30675.75,30666.75,30674.75,134
1790707320,30674.75,30676.75,30671.5,30673.25,147
1790707380,30673.5,30673.5,30666,30668,99
1790707440,30668.25,30669.5,30666,30669.5,60
1790707500,30668.75,30668.75,30666,30667.5,65
1790707560,30666.5,30667.75,30662.75,30663.75,66
1790707620,30663.5,30668.75,30661.25,30668.75,89
1790707680,30668.5,30670.5,30666.5,30668,51
1790707740,30666,30669.5,30665.5,30669,30
1790707800,30667.75,30671.5,30667.25,30671.5,39
1790707860,30670.25,30672.25,30669.5,30669.75,39
1790707920,30668.5,30669.75,30666.5,30669.5,19
1790707980,30669.25,30673.5,30669.25,30670.75,33
1790708040,30670.75,30673,30668,30669.75,47
1790708100,30670.25,30671,30667.75,30671,25
1790708160,30670.25,30671.75,30669.75,30671.75,9
1790708220,30672.75,30672.75,30670,30670,17
1790708280,30669.25,30670.5,30668.75,30669.75,30
1790708340,30669,30669.25,30666.5,30669,22
1790708400,30669,30673.5,30668.25,30671.25,51
1790708460,30670.25,30672,30667.25,30667.25,33
1790708520,30667.5,30667.5,30663.5,30665.75,96
1790708580,30666.25,30668.5,30664,30668.5,66
1790708640,30667.75,30670.25,30665.5,30669.75,50
1790708700,30669.5,30674.25,30669.5,30673.25,56
1790708760,30673,30679,30669.75,30677,93
1790708820,30676.5,30676.75,30672,30674.5,52
1790708880,30673.75,30676.25,30673.25,30673.75,21
1790708940,30674.75,30675.75,30673.25,30675.75,24
1790709000,30675.25,30678.75,30674,30676.25,47
1790709060,30676.25,30680.5,30676.25,30678.5,51
1790709120,30680,30681.75,30679,30681.75,69
1790709180,30681.75,30684.5,30680.25,30684.5,84
1790709240,30682.75,30684.5,30681,30681,38
1790709300,30680.75,30684,30680.75,30684,54
1790709360,30683.5,30687,30683.5,30684.25,62
1790709420,30684.75,30688.5,30683,30687.5,43
1790709480,30687,30688.5,30679.5,30681.25,76
1790709540,30682.25,30682.25,30677.5,30679.25,63
1790709600,30679.75,30680.75,30677.75,30678.75,56
1790709660,30678,30678,30673.25,30674.25,94
1790709720,30674.75,30676,30670.5,30672.5,49
1790709780,30672,30678.25,30671.25,30673,77
1790709840,30674.25,30676.25,30674,30674.5,20
1790709900,30674.5,30675.75,30672.5,30675.5,21
1790709960,30676,30678.5,30676,30677,34
1790710020,30677.25,30682.25,30676.5,30679.75,60
1790710080,30680.25,30682.25,30678.5,30679.75,59
1790710140,30680,30680.25,30677.5,30678.75,33
1790710200,30679.25,30680.5,30674.5,30676.25,65
1790710260,30675.75,30676,30670.75,30673,94
1790710320,30673.25,30677.25,30673,30677,31
1790710380,30677,30679.25,30675.5,30676.75,56
1790710440,30677,30684,30677,30683.75,62
1790710500,30684,30692.5,30683.5,30691,210
1790710560,30691.25,30694,30689.5,30692.75,102
1790710620,30692.75,30694,30692,30693,46
1790710680,30694,30703.25,30694,30702.75,190
1790710740,30702,30703,30700.25,30700.75,63
1790710800,30701.5,30702,30695,30695.5,115
1790710860,30695.25,30702.75,30695.25,30698.5,74
1790710920,30699.25,30700.75,30692.75,30693,128
1790710980,30694.5,30696,30691,30693,52
1790711040,30692.25,30698,30692.25,30695.25,73
1790711100,30695.75,30697.75,30693,30694.25,60
1790711160,30695,30700,30694.5,30698.25,34
1790711220,30698,30701.5,30697.5,30699.5,36
1790711280,30700.75,30704.5,30699.75,30704,97
1790711340,30704.25,30706.5,30700.25,30700.25,98
1790711400,30700.75,30701,30696.75,30699,50
1790711460,30698.75,30699.75,30696.25,30698.5,20
1790711520,30697.75,30702,30696.75,30700.5,69
1790711580,30701.75,30705.25,30701,30701,40
1790711640,30700.5,30702.5,30698.5,30700.5,44
1790711700,30701.25,30713,30700.5,30710.75,225
1790711760,30712,30712.25,30705.75,30706,119
1790711820,30705,30706.75,30702.75,30704.25,101
1790711880,30705.5,30706.5,30702,30704.25,59
1790711940,30701.75,30714,30701.5,30713.5,154
1790712000,30712,30722.25,30708.25,30722.25,497
1790712060,30721.25,30722.75,30710.25,30720,277
1790712120,30717.75,30719.25,30708.5,30708.5,147
1790712180,30710.5,30720.75,30708.5,30712,259
1790712240,30712.75,30713.75,30706.5,30709,146
1790712300,30708.5,30729.75,30705.25,30728.75,586
1790712360,30728.75,30737,30728.25,30733,293
1790712420,30732.75,30735.25,30728.75,30732.25,109
1790712480,30732.5,30732.75,30726.5,30727,106
1790712540,30727.75,30731.75,30724.25,30725.75,122
1790712600,30727,30728.5,30723.25,30725,77
1790712660,30725,30725,30717.75,30720.75,311
1790712720,30720.75,30731.75,30720.75,30731.75,106
1790712780,30731.25,30734.75,30728,30732,111
1790712840,30733.25,30734.5,30728.25,30730,92
1790712900,30728.25,30735.25,30726,30726.75,170
1790712960,30727,30728,30721.5,30723.5,135
1790713020,30721.75,30730.25,30716.25,30717.25,301
1790713080,30717.5,30718.75,30696.5,30699.25,546
1790713140,30699.75,30702.25,30697,30701,151
1790713200,30701.25,30707.5,30699.5,30703,271
1790713260,30703.25,30708.25,30702.25,30702.75,88
1790713320,30705.5,30706,30693,30695.75,298
1790713380,30696.25,30707.75,30694.25,30703.75,292
1790713440,30703.5,30710,30702.25,30707.25,123
1790713500,30707,30710.25,30698.75,30702,209
1790713560,30700.25,30707.75,30699.5,30707.75,92
1790713620,30706.5,30706.5,30691.75,30694.75,302
1790713680,30696.25,30701.75,30694,30701.5,69
1790713740,30700.5,30705,30697.5,30697.5,150
1790713800,30697.25,30704,30692.5,30697,240
1790713860,30696.25,30703,30692.5,30701.25,231
1790713920,30699.5,30707.5,30699.5,30707.5,57
1790713980,30707,30711.5,30703.75,30709.75,165
1790714040,30710,30713.25,30708.25,30709.75,93
1790714100,30709.5,30713.25,30698,30699.25,143
1790714160,30698.75,30701.5,30686.75,30688,295
1790714220,30688,30688,30676.5,30683.25,354
1790714280,30684.25,30684.75,30677.25,30678.75,126
1790714340,30678.5,30682.25,30676.25,30678.5,122
1790714400,30680.25,30686,30678.75,30685.75,140
1790714460,30685,30689.5,30681.25,30684.25,143
1790714520,30686,30687.25,30682.5,30684.5,50
1790714580,30684.75,30686,30681,30683,51
1790714640,30682.25,30684.75,30677,30678.25,94
1790714700,30678.25,30679,30672.5,30675,149
1790714760,30674.25,30676.5,30668,30674.75,188
1790714820,30673,30673.75,30661.75,30664,269
1790714880,30664.25,30669,30657.75,30659,257
1790714940,30658.25,30665.5,30657.25,30662.5,218
1790715000,30660.75,30663.75,30653.25,30655.75,258
1790715060,30654.75,30655.25,30644.75,30649,314
1790715120,30646.25,30650.75,30645.75,30648,127
1790715180,30650.25,30653,30646,30650.75,100
1790715240,30651,30655,30643.5,30644.5,152
1790715300,30646.75,30654.25,30645,30654.25,161
1790715360,30653,30654.25,30649.5,30651,54
1790715420,30651,30659,30648.25,30658.5,84
1790715480,30658.25,30660,30654.25,30656.25,137
1790715540,30655.25,30656.5,30653,30653.5,80
1790715600,30655,30656.25,30644.25,30649,196
1790715660,30649,30661.25,30649,30659,136
1790715720,30658.75,30669,30658.5,30667.75,354
1790715780,30666.25,30666.25,30653.25,30661.75,349
1790715840,30660.75,30669.5,30660.75,30662.5,242
1790715900,30662.25,30665.5,30660.5,30662.5,56
1790715960,30660,30660,30643.5,30644.75,208
1790716020,30644.25,30650,30642.75,30648.5,186
1790716080,30647,30648.5,30640.5,30640.5,126
1790716140,30644,30652.5,30642.25,30650.75,149
1790716200,30651.25,30651.25,30642.25,30647.25,81
1790716260,30647.25,30652.75,30647.25,30647.75,94
1790716320,30647.75,30651.25,30640.75,30641.5,75
1790716380,30641.75,30642,30633.5,30637.75,256
1790716440,30639.75,30643.75,30637.75,30641.75,131
1790716500,30642,30646.25,30640.75,30643,63
1790716560,30643.5,30646,30636.75,30637.75,84
1790716620,30637,30642.5,30636.5,30638.75,73
1790716680,30639.25,30641.5,30635,30636.75,78
1790716740,30635.25,30644,30635.25,30642.75,42
1790716800,30641,30645.25,30636.75,30645,77
1790716860,30644.75,30648.75,30630,30637.25,343
1790716920,30637.75,30641.25,30636.5,30641.25,56
1790716980,30640.75,30651.25,30640.25,30647.5,189
1790717040,30647.5,30647.5,30635.5,30644,142
1790717100,30643.75,30644.5,30638.5,30643.75,32
1790717160,30642.25,30646.25,30640.75,30644.25,45
1790717220,30643.5,30645,30641,30641.5,44
1790717280,30642.25,30642.25,30636.25,30639.25,67
1790717340,30639,30639,30631.75,30631.75,72
1790717400,30632.75,30637,30624.75,30636.75,402
1790717460,30634.75,30651.25,30634.25,30648.25,191
1790717520,30647.25,30650.75,30641.75,30649.25,103
1790717580,30648.5,30648.5,30635.25,30647.75,215
1790717640,30647.25,30653,30643,30646.25,115
1790717700,30646,30655,30645.5,30653,85
1790717760,30652.5,30654.75,30643.25,30649.5,127
1790717820,30649,30651.75,30636.25,30637,106
1790717880,30639.5,30641,30625.5,30627.75,160
1790717940,30628,30634.5,30628,30634.25,68
1790718000,30633.5,30642.5,30633.25,30641.25,95
1790718060,30641.5,30647.75,30637.25,30639.75,116
1790718120,30639.25,30641,30634.75,30635.5,51
1790718180,30635.5,30644,30634.5,30643.75,47
1790718240,30643.75,30645.5,30640.5,30641,51
1790718300,30643.75,30644.75,30631,30634.75,79
1790718360,30633,30646.25,30633,30641,53
1790718420,30643.75,30647.75,30639,30643.5,108
1790718480,30645,30647.25,30637,30638.5,49
1790718540,30638.25,30645.25,30637,30643.5,70
1790718600,30644,30645,30638,30641.75,66
1790718660,30640.25,30642.75,30637.75,30640.75,34
1790718720,30640.25,30640.25,30635.25,30637.5,41
1790718780,30636.5,30643.25,30636,30641.25,26
1790718840,30641.5,30649.5,30640.25,30646.25,98
1790718900,30645.25,30648,30643.25,30643.25,50
1790718960,30644.75,30645.75,30636,30640.5,69
1790719020,30639.25,30650,30637.5,30648.5,79
1790719080,30647,30648.75,30643,30646.25,70
1790719140,30647.25,30648.75,30644.75,30647.5,75
1790719200,30647,30654.25,30646,30649.75,144
1790719260,30648.5,30657.75,30648.5,30654,169
1790719320,30653,30654.25,30642.5,30642.5,174
1790719380,30642,30649,30641.5,30648.5,136
1790719440,30648.5,30650.5,30641,30643.5,106
1790719500,30642.75,30647.5,30639.5,30639.75,59
1790719560,30639.75,30646,30638.5,30642,83
1790719620,30643,30647,30641.75,30645.25,70
1790719680,30644,30644,30628,30628.25,199
1790719740,30630.5,30630.5,30613.75,30620.75,476
1790719800,30621.25,30624,30609,30612,342
1790719860,30612,30612.5,30603.25,30604,208
1790719920,30604.25,30606.75,30597.25,30600.75,322
1790719980,30599.5,30618.75,30599.5,30618.25,202
1790720040,30616.75,30618,30606.5,30610.25,163
1790720100,30610.75,30621.25,30606,30615.25,115
1790720160,30616.5,30620.5,30612,30614.25,113
1790720220,30616.75,30627,30616.5,30617.75,269
1790720280,30619.25,30620.75,30610.75,30617.5,98
1790720340,30616.5,30618.5,30614.5,30617,51
1790720400,30616.75,30616.75,30610.25,30614,66
1790720460,30613.75,30626.25,30613.5,30626,95
1790720520,30624.5,30630.25,30622.25,30628.75,137
1790720580,30629.5,30630.75,30618,30620.25,127
1790720640,30619,30621,30613,30616.25,60
1790720700,30615,30615.5,30609.25,30609.75,62
1790720760,30609,30613.25,30604,30604.75,119
1790720820,30606,30609.75,30600.75,30603.25,90
1790720880,30604.75,30608.25,30601,30607.25,58
1790720940,30604.75,30609.5,30604,30607.5,60
1790721000,30606.5,30609.25,30600,30602,112
1790721060,30600.5,30609.75,30600.5,30607.5,53
1790721120,30607.75,30608,30591.5,30593,224
1790721180,30593.25,30594.5,30588.25,30590.75,93
1790721240,30590,30593.25,30585,30587.5,119
1790721300,30588.25,30598.75,30588.25,30593.25,164
1790721360,30592.75,30597,30589.25,30592.5,97
1790721420,30595,30595,30586.75,30587.5,61
1790721480,30588,30588,30571,30579,459
1790721540,30578.5,30583.25,30578.25,30582.5,109
1790721600,30582,30589.25,30578,30586,160
1790721660,30585.5,30586.25,30573.25,30576,116
1790721720,30576.25,30579,30576.25,30579,41
1790721780,30580,30589,30580,30586.25,116
1790721840,30586,30594,30585,30591,94
1790721900,30590.75,30592,30586.25,30591,70
1790721960,30592.25,30611,30592.25,30609.75,240
1790722020,30609.75,30620.75,30607.75,30620,252
1790722080,30620,30621.5,30612.5,30614,154
1790722140,30614.5,30616.5,30609.5,30615,90
1790722200,30612,30613,30608.5,30611.25,75
1790722260,30611,30614.25,30610.25,30614.25,26
1790722320,30613,30618,30613,30614.5,60
1790722380,30614.25,30619,30613,30613,49
1790722440,30613.25,30617.25,30613.25,30616.75,25
1790722500,30618,30618.5,30614,30615.5,18
1790722560,30616,30618.25,30608,30609,80
1790722620,30608.5,30609,30598.5,30600.25,130
1790722680,30602,30602.25,30591.75,30591.75,159
1790722740,30591,30598.75,30588.75,30597,141
1790722800,30596.25,30607,30596.25,30597.75,127
1790722860,30598.25,30600,30595,30595.75,88
1790722920,30597.25,30602.75,30595,30600.75,37
1790722980,30601.25,30608,30601,30604.5,73
1790723040,30605.5,30610.5,30605.5,30609,53
1790723100,30609.75,30610.75,30607.25,30608.75,26
1790723160,30609,30609.75,30605.75,30605.75,71
1790723220,30605.75,30609,30599,30608.25,105
1790723280,30606.5,30606.5,30603.5,30604.75,31
1790723340,30604,30608.25,30604,30608.25,23
1790723400,30607.25,30610.75,30601,30601.5,113
1790723460,30601.5,30605.25,30599.25,30603.5,64
1790723520,30604.25,30608.75,30601.5,30607.25,40
1790723580,30606.5,30607,30601,30602.5,43
1790723640,30602.25,30602.75,30600,30602.25,31
1790723700,30602.5,30611,30602.5,30611,59
1790723760,30611.25,30612.25,30602.75,30603.75,76
1790723820,30603.5,30603.5,30596,30596,68
1790723880,30596.5,30601.25,30596.25,30597.25,32
1790723940,30596.25,30599.75,30596,30596.5,32
1790724000,30596,30596.5,30590.75,30596.25,91
1790724060,30596.25,30601.75,30596,30599,50
1790724120,30599.75,30609.25,30599.75,30605.5,69
1790724180,30605,30609,30605,30607.5,39
1790724240,30608,30611.25,30601.5,30601.5,104
1790724300,30602.75,30603.75,30597,30598.75,73
1790724360,30597,30602,30594.75,30601.75,47
1790724420,30599,30607.75,30598.5,30606.25,30
1790724480,30606.5,30610.75,30604.75,30606,54
1790724540,30606.5,30610.5,30606,30609.25,42
1790724600,30609.25,30614.25,30604.5,30610,244
1790724660,30611.5,30619.75,30610.75,30619,130
1790724720,30619.25,30630,30618,30625.25,157
1790724780,30625.75,30636.75,30624.5,30636,172
1790724840,30635,30638.25,30628.75,30631.75,143
1790724900,30631.25,30631.75,30617,30625.25,232
1790724960,30624.25,30634,30623.75,30634,75
1790725020,30635,30648,30632,30647.75,304
1790725080,30647,30648.75,30640.75,30643,93
1790725140,30642.75,30647,30642.25,30642.5,54
1790725200,30643,30648.5,30642,30642.5,43
1790725260,30643.5,30646.25,30640.25,30644.25,64
1790725320,30643.5,30647.25,30640.25,30641.25,93
1790725380,30639.75,30644.75,30639.75,30644.25,35
1790725440,30644,30644.25,30637,30637.75,38
1790725500,30638.5,30642.25,30634,30635,53
1790725560,30634.25,30635.5,30628.75,30634,97
1790725620,30633.25,30641.5,30633.25,30637,59
1790725680,30636,30638.75,30632.25,30633.25,47
1790725740,30634,30637.75,30633.5,30637.25,43
1790725800,30634,30638,30631.5,30638,22
1790725860,30636.5,30641.25,30634,30635.25,40
1790725920,30634.25,30636,30632.75,30633.25,26
1790725980,30633,30636.25,30632.75,30635.5,7
1790726040,30635.5,30643,30635.25,30640.75,70
1790726100,30640.5,30644.25,30639,30642.25,53
1790726160,30642.25,30643.75,30639.25,30642.5,54
1790726220,30640.25,30643.5,30638.5,30641.25,34
1790726280,30639.75,30640.75,30637,30637.75,32
1790726340,30641,30642,30636.75,30640,34
1790726400,30639,30640.25,30632.25,30635.5,69
1790726460,30635,30639.75,30631.75,30633,65
1790726520,30633.5,30637.75,30631.25,30637.25,31
1790726580,30634.75,30643.5,30634.75,30643.5,58
1790726640,30643.75,30646.75,30642.75,30646.75,62
1790726700,30646.75,30652,30645.25,30645.5,167
1790726760,30647.25,30650,30640,30640.75,72
1790726820,30641.75,30647.75,30640.5,30646.5,36
1790726880,30646,30647.5,30641.5,30644.5,59
1790726940,30643.5,30646.25,30640,30646.25,56
1790727000,30644.75,30654.5,30644.25,30650.5,98
1790727060,30651.75,30654.5,30650.5,30653.25,55
1790727120,30654.5,30655,30652,30652.25,61
1790727180,30653,30654,30648.75,30651.5,58
1790727240,30651.75,30657,30651.75,30656.25,59
1790727300,30657,30660.5,30656.5,30658,118
1790727360,30657.75,30657.75,30648.75,30652,75
1790727420,30651.75,30653,30649.5,30650,51
1790727480,30650.75,30656.75,30650.5,30654.75,43
1790727540,30654.75,30656.25,30652,30654.5,38
1790727600,30655.25,30659,30655.25,30655.25,51
1790727660,30655.25,30657,30652.25,30654.75,50
1790727720,30655.25,30656.25,30652,30653.25,29
1790727780,30653,30653,30644.25,30649.75,173
1790727840,30648.75,30650.75,30647,30650.25,39
1790727900,30650.5,30657,30649.5,30656.25,49
1790727960,30657,30660.25,30652.5,30658.25,43
1790728020,30657.25,30657.5,30653.5,30655.75,56
1790728080,30655.75,30655.75,30651.25,30652.25,26
1790728140,30652,30654.5,30651.75,30654,25
1790728200,30654.5,30656,30649.5,30653.25,91
1790728260,30651.75,30667.5,30651.75,30667.5,198
1790728320,30665.75,30671,30662.5,30670.5,127
1790728380,30669,30671.75,30665.25,30670,59
1790728440,30671.75,30674.75,30668.5,30671.25,132
1790728500,30670.75,30676.5,30668.75,30674,108
1790728560,30674.75,30675,30671.75,30673.5,47
1790728620,30672.25,30672.25,30667.5,30669.75,55
1790728680,30669.75,30674.5,30668.25,30671.75,54
1790728740,30670.25,30673.25,30669.5,30670.25,28
1790728800,30670.75,30675.25,30664.75,30664.75,109
1790728860,30665.25,30671.5,30663.25,30671.25,84
1790728920,30671,30671.5,30666.5,30668.75,46
1790728980,30667.25,30669.25,30665,30666,36
1790729040,30666.5,30672.25,30663,30670,149
1790729100,30670.75,30672.5,30669.5,30670.75,52
1790729160,30669.5,30672.25,30666,30667,71
1790729220,30667.75,30668.25,30663.75,30667.25,31
1790729280,30668,30670,30667.75,30667.75,20
1790729340,30667.25,30667.25,30660,30662.25,81
1790729400,30661.5,30662.5,30653.25,30653.75,102
1790729460,30654,30655.75,30646,30646.75,113
1790729520,30649,30653.75,30647.75,30653,83
1790729580,30651.75,30651.75,30649.5,30650.5,26
1790729640,30650.25,30654,30647,30647,49
1790729700,30645.75,30647,30638,30640.25,170
1790729760,30640.25,30643.25,30637.75,30642,106
1790729820,30642.25,30642.75,30640.75,30641.75,15
1790729880,30641.25,30649.5,30641,30647.75,68
1790729940,30647.5,30648.25,30644.75,30648.25,32
1790730000,30647.75,30659.25,30645.5,30659,107
1790730060,30658,30661.5,30646.25,30650,137
1790730120,30651.25,30651.75,30636.25,30637.25,158
1790730180,30637,30637.25,30631.5,30631.75,101
1790730240,30631,30634.25,30627,30628.25,133
1790730300,30627.5,30627.5,30620.75,30624.5,131
1790730360,30626,30633.25,30626,30630.75,98
1790730420,30630,30633,30626.75,30630.25,44
1790730480,30632,30633,30625.75,30626,34
1790730540,30625,30629.75,30623,30626.25,36
1790730600,30626.25,30626.25,30614.25,30618.5,163
1790730660,30617,30624.5,30616,30622,111
1790730720,30621.25,30621.5,30608.75,30609.5,136
1790730780,30608.5,30610,30600.25,30604.75,263
1790730840,30605.75,30608.5,30598.75,30598.75,96
1790730900,30598.75,30599.75,30580.25,30581.5,283
1790730960,30580.5,30592.75,30580,30587.25,184
1790731020,30589,30600.5,30588.75,30594,205
1790731080,30594,30609,30594,30605.75,214
1790731140,30605,30609.5,30599,30609.5,146
1790731200,30609.5,30617,30603.75,30612,203
1790731260,30612.5,30617.75,30612.5,30614.5,59
1790731320,30613.75,30618.25,30604,30610,106
1790731380,30609.75,30609.75,30603.5,30609.25,59
1790731440,30610,30618,30606,30616.75,137
1790731500,30617,30617,30602,30602.75,145
1790731560,30601.25,30605,30597,30598.75,75
1790731620,30598.5,30603.75,30593.75,30603.25,92
1790731680,30602,30611.5,30598.5,30608.5,120
1790731740,30608.5,30611.75,30606,30610.75,79
1790731800,30612,30618.5,30610.5,30617.75,105
1790731860,30617.5,30621.5,30612.75,30616.25,163
1790731920,30617,30630.25,30614.75,30623.25,248
1790731980,30622,30626.75,30618.75,30623.75,110
1790732040,30623,30631,30623,30630,79
1790732100,30630.25,30647.75,30627.75,30646.75,395
1790732160,30647.25,30648.75,30639.75,30641.25,129
1790732220,30640,30640.5,30631,30632.75,126
1790732280,30633,30633,30623.75,30625,111
1790732340,30625.5,30625.75,30615,30617.25,142
1790732400,30617,30618.25,30609.75,30616.25,148
1790732460,30615.75,30619.5,30613.5,30617.75,62
1790732520,30620.25,30623.5,30617,30621.25,106
1790732580,30621.25,30623.5,30615.5,30615.5,68
1790732640,30614.75,30625.75,30614.5,30618.75,78
1790732700,30619.25,30626,30614.75,30617.5,127
1790732760,30617.25,30618.25,30606.25,30607,163
1790732820,30606.75,30609.75,30600.25,30605.5,151
1790732880,30605,30609.25,30603.5,30606.5,49
1790732940,30607.5,30609.25,30604,30608,57
1790733000,30607.75,30610.75,30607,30610.25,30
1790733060,30609.75,30610.25,30602,30604,70
1790733120,30605,30605.5,30600.75,30602.5,49
1790733180,30601.25,30601.75,30591,30595.5,126
1790733240,30594.75,30596.5,30586.5,30587,120
1790733300,30586,30590,30584.5,30584.5,87
1790733360,30584.75,30592.25,30583,30590,88
1790733420,30590.75,30593.25,30587.75,30588.75,56
1790733480,30590,30637.75,30588.75,30634,688
1790733540,30630,30634,30609.75,30614.5,337
1790733600,30612.5,30626.5,30604.75,30623.25,278
1790733660,30621.5,30630.75,30617,30618.75,357
1790733720,30619,30623.5,30611,30620.25,181
1790733780,30619.25,30619.25,30603.5,30607.75,127
1790733840,30608.5,30611.75,30601.25,30610.5,149
1790733900,30612.25,30614.5,30607.5,30611.5,102
1790733960,30611.25,30616.25,30606.5,30608.25,95
1790734020,30608.25,30609,30600.25,30605,66
1790734080,30605.75,30608,30596,30599.75,117
1790734140,30599.25,30609.5,30599,30604.5,111
1790734200,30604.25,30610.75,30602.5,30607,73
1790734260,30606.75,30608,30599,30604.5,77
1790734320,30604.5,30609.25,30598,30599.25,175
1790734380,30598.25,30608,30596.75,30602.25,167
1790734440,30602,30603.5,30592.25,30592.25,85
1790734500,30591.25,30597.75,30589.75,30595.25,260
1790734560,30595.75,30602,30591.25,30601.25,230
1790734620,30600.25,30609.5,30600,30602,122
1790734680,30600.5,30603,30594.75,30596.25,76
1790734740,30597,30598,30592.75,30595.25,68
1790734800,30594.5,30606.5,30591.5,30603.5,148
1790734860,30602.75,30609,30597,30606.75,112
1790734920,30606.75,30612,30604.75,30608.25,94
1790734980,30608.5,30610.5,30601.25,30605.75,73
1790735040,30605,30607,30602.75,30605,32
1790735100,30604.5,30604.75,30599.75,30601.5,24
1790735160,30602.25,30607.75,30602.25,30606.25,34
1790735220,30605.5,30611,30605.5,30610.25,26
1790735280,30609.5,30610.5,30593.75,30595.5,70
1790735340,30595.25,30600.5,30593.25,30597.5,55
1790735400,30596.75,30601.25,30586.75,30592.5,161
1790735460,30592.25,30596.5,30589,30592.75,82
1790735520,30594.25,30594.25,30583.5,30588,117
1790735580,30589,30590.25,30572.25,30574.5,252
1790735640,30573,30578,30564.25,30567.5,349
1790735700,30566.25,30575,30566,30571.5,159
1790735760,30571.75,30577.25,30570,30574.25,137
1790735820,30574,30575.75,30565.25,30568,109
1790735880,30569.75,30579.25,30564,30568,298
1790735940,30567.75,30571.25,30558.75,30561,205
1790736000,30560.5,30567.25,30558,30563.75,113
1790736060,30562.75,30563.5,30549.75,30555,373
1790736120,30555.25,30574,30554.25,30571.5,249
1790736180,30574.75,30575.5,30563,30567,119
1790736240,30564.5,30573.5,30562.5,30568.75,96
1790736300,30568,30570.25,30551,30555.5,275
1790736360,30557,30557.75,30548.5,30553,90
1790736420,30553.25,30556.75,30539.75,30546.5,295
1790736480,30546.25,30549.25,30541.75,30544.75,164
1790736540,30544.5,30564,30544.5,30564,213
1790736600,30562.75,30573.5,30562,30570,159
1790736660,30570,30581.75,30566.25,30580,162
1790736720,30581,30594.75,30577.25,30591.75,220
1790736780,30591.5,30592,30586,30589.75,174
1790736840,30590,30590.75,30583.25,30589.75,125
1790736900,30590.5,30609.5,30590.5,30608,229
1790736960,30608.5,30608.5,30597,30601,132
1790737020,30601,30605,30594,30604.25,99
1790737080,30602.25,30603,30597.25,30597.25,38
1790737140,30596.75,30597,30587,30588.25,93
1790737200,30586.5,30590.75,30582,30588,249
1790737260,30587.5,30602,30583.5,30600.75,193
1790737320,30601.25,30612.25,30599.25,30612,209
1790737380,30611.5,30617,30607.5,30611.5,204
1790737440,30611.5,30620,30610,30619.25,144
1790737500,30619.75,30635,30619.75,30633.75,300
1790737560,30633.5,30634.25,30614.5,30621,292
1790737620,30620.25,30634,30618,30632.5,225
1790737680,30630.5,30635,30622,30626,177
1790737740,30624.5,30626.25,30611,30615.75,220
1790737800,30616.5,30626.5,30615.75,30623,94
1790737860,30621.25,30626.5,30609,30612.25,186
1790737920,30611.5,30623.5,30611.5,30619.5,86
1790737980,30618.75,30628,30618.25,30628,153
1790738040,30627.5,30634.5,30626.25,30630.75,125
1790738100,30629.25,30647.75,30628.25,30647.25,276
1790738160,30647.5,30667.25,30645.75,30665.25,454
1790738220,30665.5,30666.25,30657.25,30657.75,272
1790738280,30658.25,30667.25,30654.25,30666.5,292
1790738340,30667,30668,30662,30667.25,113
1790738400,30667,30670,30660.5,30661.75,221
1790738460,30662,30673.5,30660,30671.5,173
1790738520,30671.25,30672.25,30660,30663.25,206
1790738580,30663.25,30683.25,30662.75,30681.75,298
1790738640,30682.75,30684.75,30670.5,30674,236
1790738700,30672.75,30675.75,30667.5,30674,202
1790738760,30675.25,30683,30672.25,30674.5,251
1790738820,30675.75,30676.75,30662,30664.25,171
1790738880,30665.5,30666.75,30654.75,30658.5,202
1790738940,30657.25,30658.5,30652.5,30657.75,113
1790739000,30657,30668.75,30654.75,30667,177
1790739060,30665.25,30666.25,30652.5,30659.25,136
1790739120,30660,30668,30660,30666.25,89
1790739180,30664.75,30668,30663.25,30665.25,63
1790739240,30664.5,30665.75,30662,30665.25,55
1790739300,30665.5,30674.5,30665.5,30673,84
1790739360,30672.5,30677.75,30670.75,30672.25,142
1790739420,30672.75,30674,30669,30674,64
1790739480,30673.25,30674.75,30665.75,30671.5,71
1790739540,30671.75,30684,30671.75,30683.5,144
1790739600,30682.25,30693.25,30679.75,30690,475
1790739660,30688,30689.5,30683,30688,123
1790739720,30688.25,30688.25,30680.25,30682,94
1790739780,30683.5,30689.5,30682.75,30686.75,67
1790739840,30686.25,30686.75,30679,30679,80
1790739900,30680,30690,30680,30687.5,120
1790739960,30687,30690.5,30683.75,30684.5,79
1790740020,30685,30685,30677.75,30678.75,85
1790740080,30679,30684.75,30679,30683,67
1790740140,30679.25,30684.75,30676,30683.75,53
1790740200,30683.75,30685.25,30681.5,30685.25,53
1790740260,30684.25,30691.75,30683.75,30687,116
1790740320,30686.25,30687.25,30682.75,30685,37
1790740380,30684.75,30687.5,30679,30679,61
1790740440,30679.5,30684.25,30679.25,30681.5,33
1790740500,30682.25,30686,30681.5,30682.75,81
1790740560,30681.75,30683.25,30676.5,30683.25,73
1790740620,30683,30685.25,30680.75,30680.75,31
1790740680,30680.75,30686.75,30679,30686.25,81
1790740740,30685.75,30691.5,30685,30691.25,74
1790740800,30689.25,30692,30682.5,30683.5,199
1790740860,30686,30705.75,30686,30700.5,370
1790740920,30700,30700.25,30689.75,30693.75,123
1790740980,30694.5,30707.25,30690.75,30703.75,131
1790741040,30703.75,30704.25,30686.75,30694.5,121
1790741100,30692.5,30692.5,30677,30677.75,203
1790741160,30677.5,30681.75,30673,30676.75,141
1790741220,30676.25,30681,30667.75,30676,291
1790741280,30675.75,30677.75,30670.5,30674,91
1790741340,30671.5,30674.75,30662.25,30670.75,142
1790741400,30671.75,30673,30661.75,30662.5,56
1790741460,30662.75,30667.5,30658,30666,161
1790741520,30665.75,30673.75,30664,30668,101
1790741580,30667.25,30670.5,30658,30658.5,130
1790741640,30660.25,30661,30655.25,30656.75,145
1790741700,30657.5,30664.25,30650,30662.25,163
1790741760,30658.75,30664.75,30658.25,30664.75,46
1790741820,30663.75,30668.75,30654.75,30661.25,136
1790741880,30662,30670,30662,30668.5,63
1790741940,30669,30672.25,30653.25,30653.25,97
1790742000,30654.5,30658,30652,30657.75,72
1790742060,30658.75,30660.75,30654.75,30660.75,52
1790742120,30660.25,30661.5,30655.75,30658.25,39
1790742180,30659.25,30660,30654.5,30656,55
1790742240,30656.25,30664.25,30655,30663,63
1790742300,30662,30666.25,30659.5,30664,52
1790742360,30663.5,30667,30661.25,30665.5,118
1790742420,30665.5,30667.25,30663.5,30666.25,54
1790742480,30667.5,30670,30663.75,30669.75,101
1790742540,30668,30672,30663.5,30664,77
1790742600,30665,30666.5,30653.25,30654.5,159
1790742660,30653.25,30656.5,30648.25,30655,133
1790742720,30654.5,30661,30653.5,30659.5,82
1790742780,30658.5,30663.75,30655.5,30663.75,58
1790742840,30662.75,30671.25,30662.75,30669.75,81
1790742900,30668.25,30670.5,30663,30663,63
1790742960,30663.75,30665.25,30659,30659,39
1790743020,30659,30664.75,30655.25,30661.25,68
1790743080,30660.25,30667.25,30660.25,30666,71
1790743140,30666.25,30666.75,30658.25,30658.25,64
1790743200,30658.75,30662.25,30656.75,30659,52
1790743260,30658,30658,30647.25,30649,143
1790743320,30648.75,30648.75,30637.75,30646,286
1790743380,30644.75,30648.25,30638.5,30639.75,66
1790743440,30640.75,30641.75,30636.25,30639.25,108
1790743500,30637.5,30641.25,30635.5,30639.25,60
1790743560,30637.25,30653,30637.25,30651.25,110
1790743620,30650,30653,30640.25,30641.75,60
1790743680,30641.75,30656.5,30641.75,30654,137
1790743740,30653,30655.5,30647.5,30655.25,47
1790743800,30653,30656.25,30648.75,30652.5,52
1790743860,30652,30652.75,30646.5,30646.5,53
1790743920,30648.5,30653.25,30647,30653.25,27
1790743980,30653.5,30654.75,30643,30643.25,71
1790744040,30641.5,30645.5,30633.5,30633.75,182
1790744100,30634.75,30637.5,30630.75,30636.25,149
1790744160,30635.75,30639,30634,30637.25,130
1790744220,30638,30639.25,30633.5,30634.5,74
1790744280,30634,30636.5,30633.5,30635.25,43
1790744340,30637,30637.75,30620,30621,176
1790744400,30620.25,30622.75,30614.5,30615.75,169
1790744460,30617.25,30623,30617.25,30619.25,89
1790744520,30621.5,30622.75,30614.75,30620.5,64
1790744580,30620.5,30622.5,30611.25,30618.75,121
1790744640,30617.25,30626.5,30617.25,30626.25,90
1790744700,30625.25,30626,30621,30623,108
1790744760,30623.25,30623.25,30610,30612.75,207
1790744820,30612.25,30615.25,30609,30610.5,105
1790744880,30609,30619.5,30597.5,30599.75,632
1790744940,30599.5,30601,30588.25,30595.5,347
1790745000,30594.5,30601.25,30592.25,30595.75,188
1790745060,30596.75,30607.25,30596.5,30605,71
1790745120,30606.5,30616.75,30605.75,30612.5,96
1790745180,30615.75,30626,30615.75,30619.75,108
1790745240,30620.75,30631.5,30620.75,30631,105
1790745300,30630.75,30634.75,30626.5,30633.5,144
1790745360,30632.75,30634,30619.5,30621,174
1790745420,30620.75,30622.5,30618.5,30619.25,62
1790745480,30619.5,30626.5,30618,30623.25,88
1790745540,30624.25,30629,30623.25,30625,44
1790745600,30626,30627,30622.5,30623,53
1790745660,30621.75,30621.75,30612.75,30613.75,128
1790745720,30616,30620.75,30611.75,30619,73
1790745780,30619,30621,30613.75,30615.5,46
1790745840,30614,30619,30613.25,30616,53
1790745900,30617.25,30620.5,30615.5,30617.75,58
1790745960,30619,30622,30608.5,30611.5,150
1790746020,30611.25,30615.25,30609.25,30612,83
1790746080,30612,30620.25,30611.25,30611.25,54
1790746140,30615.75,30619,30610.25,30617,45
1790746200,30615.75,30620,30615.75,30618.25,40
1790746260,30618.75,30625,30617,30623.25,106
1790746320,30624.75,30640.75,30624.75,30638,209
1790746380,30638.75,30641.5,30636.5,30638.75,109
1790746440,30639.25,30639.75,30630,30630,94
1790746500,30628.5,30630.25,30625.5,30625.75,59
1790746560,30626,30628.75,30623.75,30628,51
1790746620,30627,30629,30621.25,30621.5,23
1790746680,30622.25,30623.25,30619,30620,41
1790746740,30618.5,30619,30607,30611.25,80
1790746800,30612.25,30612.75,30608.5,30610,25
1790746860,30610.75,30614.25,30606,30606.75,75
1790746920,30608,30610.5,30602.75,30602.75,87
1790746980,30602.5,30603.25,30593.75,30599,111
1790747040,30596.75,30605,30596.5,30605,93
1790747100,30605.25,30609.5,30604.75,30606.25,65
1790747160,30605.25,30609.25,30604,30607,65
1790747220,30607.25,30608.75,30605,30607.25,34
1790747280,30608.25,30610.75,30604.5,30605.25,68
1790747340,30605.75,30613.25,30605.75,30611,42
1790747400,30609.5,30612,30606.25,30612,70
1790747460,30610.25,30612.75,30609.75,30610,28
1790747520,30609,30613.25,30607.25,30613.25,32
1790747580,30611.75,30611.75,30606.5,30606.75,61
1790747640,30608.5,30609.5,30605.25,30609.25,35
1790747700,30609.25,30614.75,30606.75,30612.25,24
1790747760,30611.5,30614.25,30609,30610.25,43
1790747820,30610.75,30614.75,30610.25,30613,40
1790747880,30613.5,30614.75,30611.5,30614.75,34
1790747940,30615,30617.25,30610.5,30614.25,54
1790748000,30614.25,30614.25,30599,30603,139
1790748060,30603.75,30610.25,30603.75,30607.5,63
1790748120,30605.75,30608.5,30599.25,30606.25,52
1790748180,30603.5,30610,30603.5,30604,48
1790748240,30604.75,30606.25,30596.25,30597.25,93
1790748300,30598.25,30603.5,30598,30600,84
1790748360,30599,30601.5,30594,30600,74
1790748420,30601.5,30605.5,30601,30605.25,42
1790748480,30603.75,30604,30601,30604,24
1790748540,30604,30604,30598.75,30600.75,40
1790748600,30600.5,30601.5,30596.25,30596.75,49
1790748660,30596,30597,30587,30587.75,146
1790748720,30585.75,30589,30583.5,30587.75,70
1790748780,30589,30599.5,30589,30597.5,135
1790748840,30596.75,30598.75,30581,30581.5,218
1790748900,30581.25,30590.25,30577.5,30582,296
1790748960,30581.75,30583.5,30572,30583.5,245
1790749020,30583.5,30594.75,30583,30588.5,248
1790749080,30588.5,30592,30573,30581.5,236
1790749140,30581.25,30600.75,30575.25,30591,299
1790749200,30587,30597.5,30584.25,30595.5,154
1790749260,30596.75,30601,30591,30599.75,96
1790749320,30598.25,30598.75,30591.25,30594.5,38
1790749380,30597,30600.5,30591.75,30592.25,47
1790749440,30592,30596.5,30582.75,30596.25,149
1790749500,30598.25,30604,30596,30602.5,81
1790749560,30601.5,30605,30598.25,30603,56
1790749620,30602.5,30602.5,30589.25,30589.25,85
1790749680,30589.25,30593.25,30588.5,30591.75,40
1790749740,30592.25,30595,30588.75,30590,27
1790749800,30589.75,30589.75,30584.75,30586.25,77
1790749860,30588,30591.25,30585.75,30586,41
1790749920,30585.75,30593,30582,30589,92
1790749980,30589.25,30595,30589.25,30595,37
1790750040,30592,30594,30586,30586,63
1790750100,30589.5,30590.5,30578,30586,95
1790750160,30586.5,30589,30585.75,30589,23
1790750220,30589,30589.25,30580,30581.75,90
1790750280,30583.25,30594.5,30583.25,30592.75,73
1790750340,30593,30596.5,30588.25,30593.25,97
1790750400,30591.75,30594.25,30590,30590.75,36
1790750460,30591.25,30591.5,30586,30587.75,50
1790750520,30589,30599.5,30589,30595,78
1790750580,30595.5,30598,30592.5,30597.75,38
1790750640,30599,30600.5,30589,30591.75,130
1790750700,30591.25,30591.75,30585,30585.75,67
1790750760,30586.75,30593.5,30585.5,30589.5,57
1790750820,30589.75,30593.75,30589,30589,63
1790750880,30590.25,30592,30587.75,30590.5,36
1790750940,30589.25,30592,30585.5,30589.5,35
1790751000,30588,30594.5,30587.75,30589.75,47
1790751060,30590,30594.5,30588,30593.5,47
1790751120,30593.5,30600.25,30593.5,30595,80
1790751180,30593.75,30596,30590.5,30594.75,71
1790751240,30592.75,30599.75,30592.75,30596.25,31
1790751300,30595.75,30598.75,30593.5,30596.75,42
1790751360,30595.75,30607.25,30595.25,30598.25,159
1790751420,30597.5,30604.25,30594.75,30599.25,87
1790751480,30600.75,30602.25,30589.25,30591,102
1790751540,30591.25,30597,30590,30590.25,49
1790751600,30590.25,30590.25,30570.25,30571.5,421
1790751660,30570,30572.25,30566.25,30570,175
1790751720,30569,30570.5,30564,30565.25,107
1790751780,30568.75,30572.75,30566,30571.5,87
1790751840,30569.75,30571.75,30564.25,30567.5,86
1790751900,30567.5,30575.75,30567.5,30573.75,102
1790751960,30573.75,30573.75,30566,30567.25,93
1790752020,30566.25,30567,30548,30550.25,254
1790752080,30550.5,30559.25,30550.25,30558.75,110
1790752140,30558.25,30565,30552.25,30552.75,103
1790752200,30552.75,30553.5,30534.25,30535.5,372
1790752260,30536,30542,30525,30539.75,351
1790752320,30539.25,30552,30537.25,30546.5,226
1790752380,30547.25,30553.75,30540,30541.5,146
1790752440,30541.25,30547,30533,30538,227
1790752500,30539,30539,30519.5,30520.5,269
1790752560,30519.5,30526.75,30515.25,30525,303
1790752620,30525,30529.75,30520.75,30523.25,105
1790752680,30523,30531.75,30523,30528.75,84
1790752740,30529.5,30531.25,30513.75,30513.75,174
1790752800,30513.75,30521.25,30512.25,30520.5,204
1790752860,30519.75,30530.25,30517.75,30527.75,184
1790752920,30529,30550.25,30529,30549.25,262
1790752980,30550.5,30567.75,30549.25,30566.5,320
1790753040,30565.75,30569.75,30563.25,30568.5,218
1790753100,30568.5,30577.25,30567.75,30572,297
1790753160,30572.75,30577.75,30572.75,30574,136
1790753220,30573,30574.75,30569.5,30572.5,193
1790753280,30573,30581.25,30570.75,30578.75,164
1790753340,30578,30586.5,30574,30576,185
1790753400,30575.5,30579.5,30568.5,30578.25,239
1790753460,30578.25,30590.5,30577,30586.75,229
1790753520,30586,30586.75,30579,30584.75,163
1790753580,30585.25,30592.5,30584.25,30592.5,142
1790753640,30592.5,30601,30590.25,30598.5,201
1790753700,30600,30602.25,30598,30599.5,97
1790753760,30599,30599.5,30591.25,30594.5,105
1790753820,30597,30604.5,30597,30601,131
1790753880,30602,30606,30598.75,30599.25,126
1790753940,30599.5,30603.5,30596.25,30600,75
1790754000,30600.75,30602.5,30596,30596,113
1790754060,30595.25,30595.25,30589.25,30589.5,128
1790754120,30590.75,30594.25,30587.25,30589,85
1790754180,30590,30590,30582.75,30584.25,100
1790754240,30585.25,30592.75,30584,30592.75,107
1790754300,30591.75,30591.75,30581,30582,78
1790754360,30581.75,30599,30575.5,30575.75,595
1790754420,30576.25,30580,30565.5,30565.5,313
1790754480,30565.75,30567.75,30561.75,30562.5,146
1790754540,30561.5,30562.75,30554.75,30560,178
1790754600,30559.25,30560,30550,30553.25,217
1790754660,30552.5,30562.25,30551.5,30557.25,180
1790754720,30557.75,30565,30557.25,30557.75,112
1790754780,30558,30571.75,30558,30567.25,118
1790754840,30566.75,30568.5,30563.5,30567.75,58
1790754900,30567,30572,30564.25,30566.75,87
1790754960,30567.25,30573.25,30564.25,30571.25,130
1790755020,30571.25,30573.5,30566.25,30567.25,84
1790755080,30567.75,30579.75,30565.75,30572.25,192
1790755140,30572.75,30595,30572.75,30590.25,296
1790755200,30589,30600,30578.25,30578.5,423
1790755260,30578.5,30578.5,30565.5,30569.5,246
1790755320,30569.75,30577.25,30559,30564.25,390
1790755380,30566,30574.75,30562.5,30566.75,396
1790755440,30566.75,30579,30566.75,30573.5,150
1790755500,30573.25,30574.5,30563.75,30565,124
1790755560,30565.25,30565.25,30556,30559.25,156
1790755620,30559.25,30566,30557,30562,145
1790755680,30561.75,30562.25,30556.75,30558,165
1790755740,30558,30559.25,30553.75,30557.5,95
1790755800,30557.5,30564.75,30555.75,30558,144
1790755860,30555,30560.5,30554.5,30560.25,94
1790755920,30561,30567.25,30560.25,30565.75,184
1790755980,30565.75,30569.25,30563.5,30567.25,110
1790756040,30566.5,30578.5,30564,30577,192
1790756100,30574,30578,30535.5,30552.5,534
1790756160,30552,30552,30539,30551.5,139
1790756220,30551,30555.25,30547,30551,201
1790756280,30551,30558,30546.25,30553,156
1790756340,30552.25,30563.5,30550,30550,157
1790756400,30551.25,30555.25,30546.75,30552.25,245
1790756460,30554,30559.75,30546.25,30550.5,267
1790756520,30548.5,30574.75,30545.5,30568.25,273
1790756580,30567.75,30570.75,30555.25,30568.5,160
1790756640,30568.25,30590,30567.25,30588.5,228
1790756700,30589,30593.25,30580.75,30583,185
1790756760,30584.5,30593,30584.5,30590.25,183
1790756820,30591,30600,30590.5,30598.75,193
1790756880,30598.5,30610.25,30598.25,30608.25,416
1790756940,30608.25,30623,30608,30623,393
1790757000,30623.25,30704.75,30607.5,30690.25,2598
1790757060,30691.25,30776.75,30688.75,30775.5,3168
1790757120,30775.5,30779.5,30745.75,30747,1954
1790757180,30745.75,30747.25,30720,30720.75,1450
1790757240,30721.75,30742.5,30707.75,30741.25,1178
1790757300,30740,30751.25,30731,30741,1175
1790757360,30741.25,30741.5,30703,30705,1021
1790757420,30705.25,30711.25,30681.5,30704.5,1441
1790757480,30704.25,30709.25,30697,30699.25,859
1790757540,30700,30704.75,30685.5,30699.5,700
1790757600,30699.25,30731.25,30699.25,30728.5,997
1790757660,30729.75,30733,30719.25,30731.25,914
1790757720,30730.25,30736.75,30713,30720.75,643
1790757780,30721.5,30737.25,30715.75,30723.75,607
1790757840,30721.75,30728.5,30718,30718.75,510
1790757900,30718.5,30732.5,30717.5,30727,556
1790757960,30726.25,30727.25,30690.75,30691.75,1554
1790758020,30692,30693,30672.75,30681.25,1238
1790758080,30682.25,30700.5,30680.25,30694,846
1790758140,30695,30703.25,30690,30694.75,345
1790758200,30695.75,30700.75,30690.25,30697.25,249
1790758260,30695,30716,30684.75,30711.25,663
1790758320,30711.5,30714.25,30705.25,30712.25,385
1790758380,30711.5,30714,30705.75,30706,269
1790758440,30706.5,30740.75,30706.5,30736,585
1790758500,30735.5,30737,30723.75,30732.75,472
1790758560,30733,30738.75,30726.5,30730.75,466
1790758620,30731.25,30743.75,30726,30726.5,744
1790758680,30726.25,30726.25,30711,30714.25,383
1790758740,30714,30720.5,30709.75,30714.25,235
1790758800,30715,30742,30712,30741.75,845
1790758860,30741.75,30749,30736.75,30738.25,636
1790758920,30738.25,30744.25,30730,30741,444
1790758980,30740.75,30745.25,30734,30744,331
1790759040,30744.5,30750,30740.25,30749.5,355
1790759100,30750.25,30755,30740,30741.75,837
1790759160,30741,30763,30737.5,30752,1169
1790759220,30752,30760.75,30747.25,30760.75,584
1790759280,30759.75,30767.5,30742,30746.25,633
1790759340,30746.25,30751.25,30742.75,30748.5,280
1790759400,30747.5,30748.5,30739,30742.75,270
1790759460,30739.75,30761,30737.25,30758,1191
1790759520,30758.25,30761,30742.25,30742.25,328
1790759580,30742.75,30754.75,30736.75,30740.25,512
1790759640,30740.25,30741,30734,30738.75,271
1790759700,30739.25,30746.25,30730,30736.25,441
1790759760,30736,30742,30732.75,30735.75,218
1790759820,30735.75,30737,30718,30722,617
1790759880,30722,30726.75,30716,30725.25,299
1790759940,30723.5,30725.75,30706.5,30707.75,349
1790760000,30707.5,30711.75,30694.75,30697.25,818
1790760060,30697.25,30705.5,30694.25,30697.75,387
1790760120,30697.25,30712.25,30694,30696.5,664
1790760180,30696,30701.5,30688,30697.5,644
1790760240,30698.25,30708.75,30696.75,30705.5,429
1790760300,30705.5,30733.5,30703,30722.25,716
1790760360,30721.25,30732.5,30720,30730,538
1790760420,30729.75,30732.75,30717.25,30720.5,877
1790760480,30719.75,30726.25,30693,30700.5,1279
1790760540,30700.5,30705.25,30697.5,30699.25,971
1790760600,30699.5,30728,30683,30724,5411
1790760660,30724.75,30804.25,30721.25,30795.75,7948
1790760720,30796.5,30809.75,30750.25,30758.75,4166
1790760780,30758.5,30766,30722.75,30757.5,3709
1790760840,30758,30781.5,30757.25,30766.75,2787
1790760900,30767.5,30771,30718.75,30729.25,3373
1790760960,30729.25,30760.25,30722.75,30758.75,2721
1790761020,30758.5,30769.25,30742.25,30753.25,2429
1790761080,30753.25,30754.5,30717.5,30732.25,2698
1790761140,30731.5,30768,30728.5,30764.75,2220
1790761200,30765.25,30765.25,30719,30724.5,2267
1790761260,30724.5,30753.5,30721.75,30750.25,1274
1790761320,30750,30767.75,30743.25,30762,1294
1790761380,30762.25,30785.75,30754,30762,2086
1790761440,30762.5,30772.25,30752.5,30768,1833
1790761500,30768.75,30785,30738.25,30739.25,2994
1790761560,30739.5,30739.75,30718.75,30726.25,2822
1790761620,30726.75,30740.25,30717.75,30734.25,2333
1790761680,30735.75,30755.25,30726.25,30732.5,2580
1790761740,30732.75,30782.75,30732.75,30770.75,2863
1790761800,30770.5,30779,30755.5,30765.25,1818
1790761860,30766,30784.25,30761,30771,1646
1790761920,30770.75,30771,30749,30756.5,2025
1790761980,30756.25,30762.25,30730,30756.25,2246
1790762040,30756,30782,30751.75,30778.75,2139
1790762100,30778.5,30803.5,30778,30790.75,2697
1790762160,30790.75,30797.5,30786.25,30793.5,1367
1790762220,30794.5,30806.75,30782.5,30798,1816
1790762280,30797,30802,30783.75,30799.75,1313
1790762340,30799.5,30843.75,30793.75,30841.25,3438
1790762400,30840.75,30857,30835.5,30849.25,3644
1790762460,30849,30873.75,30849,30865,2505
1790762520,30865,30874.5,30862,30863.25,1861
1790762580,30863.5,30873.25,30853,30870.5,1888
1790762640,30871,30873.5,30857.25,30863.25,1375
1790762700,30863.75,30877.75,30861.75,30872.5,1489
1790762760,30872,30894.75,30869.5,30880.75,2033
1790762820,30880.25,30880.75,30859.25,30867.25,1471
1790762880,30866.5,30867.5,30858,30864.25,1063
1790762940,30863.75,30863.75,30845,30853,2052
1790763000,30852.25,30856,30828,30829,2290
1790763060,30829,30830.5,30815.25,30820,1769
1790763120,30819.75,30835.5,30817,30828.75,1287
1790763180,30828.75,30831.5,30812.5,30813.5,1013
1790763240,30813.5,30832.75,30804.75,30830.5,1555
1790763300,30831,30849.5,30827,30835,2008
1790763360,30834,30842,30827.75,30836.5,1234
1790763420,30835.5,30836.75,30810.25,30829,2032
1790763480,30829.75,30853.75,30829,30829.75,1680
1790763540,30830.25,30851.25,30828.75,30850.5,1251
1790763600,30849.75,30865.25,30846.25,30857,1553
1790763660,30857.25,30866.75,30853.25,30859.25,932
1790763720,30859.25,30861.5,30839,30843.25,1116
1790763780,30841.5,30852.75,30829.75,30848.75,1271
1790763840,30849.75,30852.5,30828.5,30831.25,929
1790763900,30830.75,30834.25,30822,30833,1622
1790763960,30832.5,30842,30824.5,30828,972
1790764020,30827.75,30837,30819.25,30836.25,921
1790764080,30836.5,30839,30802,30812.75,1639
1790764140,30812.5,30831,30810.75,30827.25,1293
1790764200,30827.5,30831,30812.75,30827.25,1436
1790764260,30825.75,30835.5,30812,30832.5,1411
1790764320,30832.75,30845.5,30816.25,30817.5,1295
1790764380,30817.5,30818.75,30803,30811.25,1291
1790764440,30810.25,30811.5,30783,30792.5,2109
1790764500,30793,30795.75,30783.75,30786.25,1294
1790764560,30786,30799.5,30780.25,30783,1381
1790764620,30782.75,30801.5,30782,30796.25,1113
1790764680,30796.25,30815.75,30784,30812.75,2443
1790764740,30812.25,30820.25,30801.25,30804.5,1254
1790764800,30804.75,30807.25,30782,30806.25,1384
1790764860,30806.75,30816,30789.75,30811.25,1236
1790764920,30810.75,30834.25,30806.25,30831,1244
1790764980,30830.5,30834.25,30801.25,30811.5,2124
1790765040,30811.25,30820,30794.75,30797,1254
1790765100,30797.5,30823,30792.5,30814.25,1273
1790765160,30814.5,30820.5,30802.5,30811.75,968
1790765220,30812.25,30826.75,30810,30823.5,805
1790765280,30822.75,30839,30821,30837.25,952
1790765340,30837,30854,30834.25,30851.5,1328
1790765400,30851.5,30853,30836,30838.25,880
1790765460,30838.25,30849.5,30836.5,30840,675
1790765520,30839.5,30852.5,30837.25,30850.75,721
1790765580,30850.5,30864.5,30850,30858.25,1598
1790765640,30859,30881.25,30859,30866.25,2525
1790765700,30866.75,30871.5,30857.75,30866,1175
1790765760,30865.5,30876,30857,30869.5,1081
1790765820,30869.75,30882.5,30864.5,30871.5,910
1790765880,30871.75,30873.25,30848.75,30856.5,1406
1790765940,30856.75,30861.5,30842,30843.5,986
1790766000,30843.75,30847.75,30834.75,30839.25,1410
1790766060,30839,30839.25,30820.5,30832.75,1099
1790766120,30831.75,30842.75,30815.5,30818.25,1054
1790766180,30818,30831,30813.75,30830,1050
1790766240,30830.25,30840,30818.25,30839,1206
1790766300,30838.75,30839.25,30822.25,30828.75,660
1790766360,30828.5,30835.25,30821,30831.75,903
1790766420,30832.75,30836.5,30813.25,30820.75,1143
1790766480,30821.25,30837.25,30820.25,30834.5,1006
1790766540,30834.75,30852.25,30830.5,30850.25,1035
1790766600,30850.25,30852.25,30839,30848,915
1790766660,30847.75,30854,30830,30834.75,1422
1790766720,30834,30845.75,30815.5,30832,2165
1790766780,30833,30844,30832,30834,674
1790766840,30833.75,30834.5,30817.25,30827.75,1305
1790766900,30827.25,30845,30825.5,30844.25,801
1790766960,30843.25,30857.5,30841,30853.25,1064
1790767020,30852,30852.75,30840,30843.75,667
1790767080,30843,30843,30829.25,30829.75,803
1790767140,30830.25,30840.5,30829.5,30835.75,452
1790767200,30835.75,30840,30820.75,30822,726
1790767260,30821.75,30823.75,30811.75,30817.25,1287
1790767320,30817.25,30822.25,30806,30807.5,852
1790767380,30808,30819,30806,30818,659
1790767440,30818.25,30825,30814.75,30821.75,724
1790767500,30822.25,30830.5,30816.25,30817,630
1790767560,30816.25,30829.25,30814.25,30821.25,577
1790767620,30820.75,30840.75,30818,30840,800
1790767680,30840,30846.25,30836,30842,726
1790767740,30842.25,30856,30840.75,30856,1429
1790767800,30855.75,30864.25,30852.25,30863.25,1013
1790767860,30863.5,30867.5,30854.5,30866.5,672
1790767920,30866.5,30877,30864.25,30870.5,1334
1790767980,30870.5,30870.75,30860.5,30866.5,759
1790768040,30866.75,30877.75,30855,30859.5,1717
1790768100,30860,30870.75,30856.75,30861.75,963
1790768160,30861,30861,30847.75,30852.25,945
1790768220,30852.25,30860.75,30843,30860.75,933
1790768280,30859.5,30865.75,30859,30861.25,476
1790768340,30862.5,30872.25,30861.5,30865.5,564
1790768400,30866.75,30868.25,30859.75,30863.25,629
1790768460,30863.25,30874.25,30860.75,30861.5,904
1790768520,30861.75,30868.5,30859.5,30860.25,609
1790768580,30861.25,30861.5,30836,30836.25,1271
1790768640,30837,30840,30825.25,30833.75,1518
1790768700,30832.25,30840.25,30826.5,30836.5,961
1790768760,30836.75,30839,30828.5,30833.5,823
1790768820,30833.5,30843.25,30831.25,30843,815
1790768880,30842.5,30874.5,30842.5,30869.75,2099
1790768940,30870,30902.5,30866,30900.5,2123
1790769000,30900.5,30906,30894,30895.75,1365
1790769060,30896,30899,30879.5,30883.25,918
1790769120,30882.75,30883,30867.5,30870.25,998
1790769180,30870.25,30879.75,30868.5,30876.5,636
1790769240,30876.5,30884.25,30855,30855.75,1127
1790769300,30855.75,30860.5,30846.25,30853.75,1130
1790769360,30853.75,30863,30853.75,30859.25,615
1790769420,30859,30872.75,30858.25,30872.5,589
1790769480,30872.5,30875.75,30867,30871.5,658
1790769540,30871.5,30880,30867.75,30879.25,525
1790769600,30878.75,30879.75,30866,30874,1649
1790769660,30873,30879.75,30869,30873.25,470
1790769720,30874,30889,30874,30883,841
1790769780,30883,30884.75,30875.75,30881.75,500
1790769840,30881.5,30883.75,30873,30883,752
1790769900,30883.25,30887.25,30879.75,30881.5,589
1790769960,30881.75,30887,30880,30883.75,491
1790770020,30883.75,30884.75,30875.25,30875.5,590
1790770080,30875.75,30882,30874.25,30881,466
1790770140,30881.25,30884.5,30878.25,30884.5,355
1790770200,30883.5,30888.5,30881,30882.25,454
1790770260,30883.75,30896.75,30880,30887,1051
1790770320,30887.25,30887.75,30871.25,30873.5,682
1790770380,30874,30887.75,30870.5,30882.75,507
1790770440,30882,30891,30881.75,30890.25,463
1790770500,30890.75,30893,30879.5,30884,440
1790770560,30883,30884.5,30873.75,30876.5,344
1790770620,30876.75,30878.5,30855.75,30856.5,961
1790770680,30857,30860,30850,30858.75,875
1790770740,30859.25,30867.5,30858.5,30867,557
1790770800,30866.5,30867.75,30857.5,30860.75,533
1790770860,30860.75,30862,30858.25,30859,305
1790770920,30859.75,30869,30859.75,30864.75,329
1790770980,30865,30868.75,30857.5,30866.75,582
1790771040,30866.5,30873.25,30861.25,30863.25,536
1790771100,30862.5,30866.75,30859.5,30862.25,336
1790771160,30862.75,30865,30857,30859.5,363
1790771220,30860,30860,30853.5,30856.5,527
1790771280,30856.5,30859.5,30850,30852.25,697
1790771340,30852.5,30858.25,30845.25,30846.5,658
1790771400,30846.75,30851.75,30835,30835.5,1201
1790771460,30836.25,30839.75,30830.25,30833,770
1790771520,30833,30837.25,30825.75,30829.25,601
1790771580,30829.5,30833.75,30825.25,30833,667
1790771640,30832.75,30835.75,30826.25,30834.25,602
1790771700,30833.75,30838,30828,30831.25,632
1790771760,30831.75,30834.5,30819.75,30822,814
1790771820,30822,30834,30821,30828.75,634
1790771880,30829.25,30843.5,30826.75,30841.5,665
1790771940,30841.75,30842.25,30833.5,30836.25,446
1790772000,30836.25,30841.25,30832.75,30840.25,378
1790772060,30840.75,30859,30840,30851.75,1109
1790772120,30852.25,30854.5,30843.25,30848.25,686
1790772180,30848.5,30864.25,30847.5,30860,842
1790772240,30860,30866.5,30859,30861.5,589
1790772300,30861.25,30861.25,30847.25,30850,881
1790772360,30850,30854,30845.25,30850.75,432
1790772420,30851,30860.5,30851,30853.25,403
1790772480,30852.75,30852.75,30836,30838.25,648
1790772540,30838,30840,30834,30839.5,382
1790772600,30839.75,30847,30837.75,30847,400
1790772660,30847.25,30851,30842,30843.5,442
1790772720,30843.25,30851.75,30840.75,30843.5,353
1790772780,30843,30848.5,30841.5,30844.25,323
1790772840,30844.25,30846.5,30841.25,30843.25,391
1790772900,30843.75,30849.5,30838.75,30842,312
1790772960,30841.5,30845.25,30837.75,30843.75,274
1790773020,30844.25,30856.5,30844,30851.25,524
1790773080,30851.5,30861,30851,30857.5,582
1790773140,30857,30863,30855.5,30861.25,459
1790773200,30860.75,30868.25,30857.25,30862.25,652
1790773260,30862,30871,30859.25,30868.25,543
1790773320,30869,30870.25,30861.75,30863.25,389
1790773380,30863.75,30866.5,30858.25,30865,448
1790773440,30865.5,30867.75,30860,30860.25,286
1790773500,30859.75,30868,30857.5,30862.5,430
1790773560,30862.5,30869.5,30860.75,30865.75,576
1790773620,30865.75,30870.25,30862.25,30865.5,317
1790773680,30864.5,30870,30863.25,30868,329
1790773740,30867.5,30869.25,30861.25,30861.75,239
1790773800,30862.5,30864.75,30856,30859,373
1790773860,30859.25,30863.25,30854.25,30856.25,462
1790773920,30856.5,30858.75,30849.25,30849.25,590
1790773980,30849.5,30850.25,30831.5,30833.25,875
1790774040,30833.5,30840.5,30832,30835.5,587
1790774100,30835,30835.5,30809.5,30810,1293
1790774160,30809.5,30810,30797.75,30808.75,1548
1790774220,30809,30817.5,30804.5,30813.25,874
1790774280,30813.25,30813.75,30802.5,30805.5,628
1790774340,30805.75,30810.5,30790.5,30791,826
1790774400,30791,30795.5,30783.5,30791.25,1378
1790774460,30791.5,30808.5,30791.5,30806,993
1790774520,30805.5,30809.75,30794,30799.25,992
1790774580,30798.75,30801.25,30790.75,30797.5,452
1790774640,30797.25,30801,30796.25,30800.25,235
1790774700,30799.75,30800.25,30785.25,30789.25,765
1790774760,30789.25,30792.5,30760.5,30766.25,1720
1790774820,30766.75,30781,30763.5,30778,1368
1790774880,30778.25,30785.75,30776,30783.25,538
1790774940,30783.25,30795.5,30783,30788.75,824
1790775000,30789,30797.75,30788.25,30796,653
1790775060,30796.25,30805,30788.75,30803.5,720
1790775120,30803.5,30813.5,30802.75,30813.5,736
1790775180,30812.25,30813,30804,30804.25,413
1790775240,30804.25,30808.25,30797.75,30801.75,686
1790775300,30802.25,30816.25,30802.25,30809.75,547
1790775360,30810.5,30818,30807,30808,636
1790775420,30807.75,30809.5,30799,30799.25,607
1790775480,30800,30812,30798,30811,477
1790775540,30811.25,30824.5,30809.5,30823.5,809
1790775600,30824,30828.25,30820.75,30821.75,662
1790775660,30822.25,30832.5,30818.75,30829.5,678
1790775720,30829.5,30836,30822.5,30834,684
1790775780,30834.75,30837.5,30825.5,30825.5,560
1790775840,30826,30826.5,30817.5,30826.25,603
1790775900,30826.5,30827.5,30816,30822,644
1790775960,30822.5,30826.5,30820,30825.5,401
1790776020,30825.25,30852,30820.75,30835.5,1562
1790776080,30835.25,30853.25,30832,30850.5,735
1790776140,30851,30857,30850,30856.75,978
1790776200,30856.5,30862.25,30853.5,30854.75,727
1790776260,30854.25,30860,30853.25,30858,437
1790776320,30857.75,30863.75,30848.25,30849.75,904
1790776380,30850.5,30852.75,30847.25,30852.25,704
1790776440,30852,30855.75,30847,30855.75,466
1790776500,30855,30856.5,30847,30852.25,628
1790776560,30852.5,30859,30851.5,30858,444
1790776620,30857.75,30860.25,30851.25,30854.5,509
1790776680,30854.25,30857.5,30853,30855.25,400
1790776740,30855,30860,30853.75,30856.5,470
1790776800,30856.5,30856.75,30840.5,30841,904
1790776860,30841.25,30845.75,30828.75,30837.75,951
1790776920,30837.25,30841,30835.5,30838.25,515
1790776980,30839.5,30843.5,30836.75,30839.75,450
1790777040,30839,30846.25,30836.5,30843,481
1790777100,30842.75,30847,30835.75,30836,530
1790777160,30835.5,30835.75,30819.25,30822.75,1094
1790777220,30822.75,30830.75,30821.5,30829.25,589
1790777280,30829.5,30835.5,30820,30835,755
1790777340,30835.25,30844,30828.75,30843.5,614
1790777400,30843.5,30845.75,30838.5,30845.25,659
1790777460,30845,30853.75,30843.25,30851.75,644
1790777520,30851,30864.75,30850.25,30859.75,849
1790777580,30860,30861.25,30847.75,30853,739
1790777640,30853.5,30860.5,30851.75,30857,586
1790777700,30857,30859.25,30851,30855.25,429
1790777760,30855.25,30858,30847.25,30847.75,482
1790777820,30848.25,30848.75,30837.25,30837.25,670
1790777880,30838,30843.25,30831.25,30842.5,550
1790777940,30842.25,30843.5,30830.5,30833.75,637
1790778000,30834.75,30839.25,30826.75,30831,686
1790778060,30830,30830.5,30816.75,30823.75,1058
1790778120,30824,30827.25,30820.5,30822.75,856
1790778180,30822.75,30825,30816,30823.5,440
1790778240,30824,30825.5,30818.25,30818.75,433
1790778300,30819,30823.75,30810.75,30812,622
1790778360,30811.25,30829,30807.75,30826.5,1291
1790778420,30826.75,30830.25,30821,30823.25,537
1790778480,30822.75,30833.5,30822.75,30831.5,694
1790778540,30831.75,30836.75,30827.5,30832.5,534
1790778600,30832,30837.5,30825.25,30832.25,959
1790778660,30831.75,30833.25,30814,30814.25,947
1790778720,30813.75,30816,30807.25,30810.5,640
1790778780,30810.25,30812.5,30797.5,30800.75,1000
1790778840,30800.75,30802.25,30794.5,30800.75,888
1790778900,30801,30806,30799.5,30800.5,555
1790778960,30800.25,30813.25,30797,30806,759
1790779020,30806.5,30813.75,30804,30810.75,499
1790779080,30810.5,30817.5,30806.75,30816.5,464
1790779140,30817,30831.5,30813.75,30827.75,1217
1790779200,30827.5,30829.5,30820.25,30824.25,598
1790779260,30823.5,30825.5,30821,30824.25,306
1790779320,30824.25,30831.25,30820.75,30830.75,662
1790779380,30831,30834.75,30825,30830,667
1790779440,30829.75,30830.5,30824.5,30825.75,255
1790779500,30825.5,30828,30813.5,30816,562
1790779560,30816,30821,30815.25,30818.5,262
1790779620,30818.25,30822,30813.25,30814.5,308
1790779680,30815,30816.5,30802.25,30804.5,599
1790779740,30804.75,30807.25,30795.5,30802.5,493
1790779800,30802.75,30809.75,30801.75,30805,521
1790779860,30805,30806.25,30794,30798.25,460
1790779920,30798,30803,30796.5,30801.25,464
1790779980,30801,30805.75,30791,30793,693
1790780040,30793,30803.75,30790.5,30800.25,624
1790780100,30800.5,30805.25,30799.25,30802.25,561
1790780160,30802.25,30808.75,30797,30803,547
1790780220,30803,30812.75,30802,30812,556
1790780280,30812.5,30824.25,30808.5,30818.75,822
1790780340,30819,30823.25,30811.75,30812,709
1790780400,30812.75,30821.75,30811.25,30821,691
1790780460,30821,30828,30814,30827,606
1790780520,30826.75,30831.75,30824.5,30831,523
1790780580,30831.25,30839.25,30829,30837.5,682
1790780640,30837.25,30844,30836,30843.25,799
1790780700,30843.5,30844.25,30838.25,30841.75,542
1790780760,30842,30845,30839,30840.25,660
1790780820,30840.5,30848.5,30838,30845.5,643
1790780880,30844.75,30855,30844.5,30851.25,849
1790780940,30851.75,30853.75,30844,30853.25,646
1790781000,30853.25,30854.75,30841,30846.5,650
1790781060,30846.25,30852.25,30840,30841,529
1790781120,30841.5,30845.75,30840.5,30845.5,546
1790781180,30844.75,30846.5,30842.75,30844.25,311
1790781240,30844.5,30853.25,30844.25,30848.75,717
1790781300,30849,30849.5,30840.5,30842,545
1790781360,30842.25,30843.5,30837.5,30839.75,592
1790781420,30839,30841,30833,30839.25,606
1790781480,30838.25,30839.75,30831,30838.5,450
1790781540,30838,30845.75,30837,30842.5,537
1790781600,30842.75,30843.5,30833.75,30839.5,521
1790781660,30839,30845,30835.25,30836,448
1790781720,30836.25,30838.75,30833.5,30838,328
1790781780,30838.5,30838.5,30826,30827.25,795
1790781840,30827.75,30834,30825.75,30830,618
1790781900,30829.5,30841,30828.75,30832.5,589
1790781960,30832,30837.75,30831.5,30833.5,431
1790782020,30832.5,30837.75,30831.5,30835.75,380
1790782080,30835.25,30839,30831,30836.5,359
1790782140,30836,30838,30832.5,30833.25,406
1790782200,30833.25,30843,30829,30840,875
1790782260,30840,30845.25,30836.5,30841.5,481
1790782320,30841.75,30848,30841.25,30843.25,719
1790782380,30843,30843.75,30837.25,30843.5,488
1790782440,30843.5,30849.5,30842.5,30843.5,651
1790782500,30843.5,30858.25,30841.75,30855,1338
1790782560,30855.25,30855.25,30843,30843.75,560
1790782620,30844,30845,30826.75,30831,909
1790782680,30831.5,30837.5,30823.5,30824.25,801
1790782740,30825,30843.5,30821,30838.25,1225
1790782800,30838.25,30841.5,30832.75,30835,835
1790782860,30835.75,30838,30824.25,30824.75,572
1790782920,30825,30829.75,30817,30819.75,624
1790782980,30819.75,30829,30813.5,30827,873
1790783040,30827,30834,30825.5,30826.75,619
1790783100,30827.25,30833.5,30822.5,30827.5,1332
1790783160,30826.75,30829.25,30822.5,30825.25,545
1790783220,30825.25,30830.5,30820.5,30823.25,733
1790783280,30823,30842.25,30819.5,30831.75,1502
1790783340,30832.25,30834.25,30824.75,30826.25,881
1790783400,30824.75,30825.25,30780.5,30783.75,3192
1790783460,30782.75,30788.25,30770.5,30781.5,2096
1790783520,30780.75,30791.75,30771.75,30778.75,3128
1790783580,30778.75,30790.25,30776,30777.75,1642
1790783640,30777.25,30778,30724,30727.75,4311
1790783700,30728,30728,30700.25,30725.5,4109
1790783760,30725.25,30732,30716,30725.75,2206
1790783820,30725.5,30741.75,30720,30735.25,2023
1790783880,30735.5,30736.75,30709.25,30733,2556
1790783940,30732.75,30751,30680.75,30692.25,12678
1790784000,30692.5,30699.5,30669.75,30695.75,4305
1790784060,30698,30698.25,30636.5,30665.5,3268
1790784120,30666,30686.25,30658,30682,1882
1790784180,30684.25,30684.5,30652.75,30676.25,1867
1790784240,30676.25,30681.5,30648.25,30675,1777
1790784300,30674.75,30708,30672.25,30689.75,2143
1790784360,30689,30702.25,30685,30693.5,1113
1790784420,30694,30710.5,30662,30682.75,1867
1790784480,30683.25,30690.5,30672.75,30688.75,664
1790784540,30689,30693.5,30675.75,30687,478
1790784600,30686.75,30699.25,30686.5,30697.75,501
1790784660,30697.5,30702.75,30692.25,30696,484
1790784720,30696,30698,30691.5,30694.25,319
1790784780,30694.25,30714,30690,30713.25,671
1790784840,30713,30728.25,30709.25,30714.25,989
1790784900,30714,30718,30691.25,30714.75,875
1790784960,30714.75,30722,30704.5,30704.5,499
1790785020,30706.5,30711,30701.75,30704.75,261
1790785080,30705,30717.75,30704.5,30713.75,413
1790785140,30715,30723.5,30713.75,30719.75,259
1790785200,30720.75,30729.75,30715.25,30727.5,343
1790785260,30728.25,30738.25,30725.5,30735,387
1790785320,30735.5,30744.5,30728.75,30740,372
1790785380,30741,30741.75,30723.5,30724,382
1790785440,30724.75,30737,30724.75,30731.5,446
1790785500,30732.25,30739.75,30731.75,30735,518
1790785560,30735.75,30743.5,30735.75,30741,343
1790785620,30741.25,30746,30737.75,30746,156
1790785680,30746.25,30746.75,30739,30742,238
1790785740,30741.75,30745.75,30740.5,30740.5,286
1790785800,30740.25,30741.75,30733.75,30733.75,289
1790785860,30733.25,30742,30732.5,30740,214
1790785920,30741.25,30745.75,30738.5,30743.75,176
1790785980,30744.5,30745.25,30737.25,30745.25,187
1790786040,30744,30749,30738.25,30741.25,196
1790786100,30741.25,30748.5,30739.25,30745.75,125
1790786160,30745.5,30751.5,30740,30745,246
1790786220,30745.5,30745.5,30739.5,30740.75,78
1790786280,30739.75,30742,30731.25,30736,217
1790786340,30736.25,30743.25,30735,30740.5,108
1790786400,30741.5,30743.75,30739.5,30740.75,70
1790786460,30740.75,30742.75,30726.25,30734,389
1790786520,30734,30739.75,30733.25,30739.75,121
1790786580,30738.75,30741.25,30735,30737.5,99
1790786640,30737,30737,30730,30735.5,125
1790786700,30735.5,30736.5,30729.75,30734,158
1790786760,30734,30734,30728.75,30729.25,64
1790786820,30728,30728.25,30722.25,30726,302
1790786880,30726,30726,30712,30714.75,276
1790786940,30714.5,30724.75,30714,30723.5,199
1790787000,30723,30724.75,30713.5,30720,158
1790787060,30719.75,30726.75,30716,30722.25,104
1790787120,30722,30731.25,30721,30728.5,217
1790787180,30728.25,30732.75,30725.5,30728.5,72
1790787240,30726.75,30732,30726.5,30729.25,88
1790787300,30729,30733.75,30727.75,30729.75,137
1790787360,30729.25,30730.25,30722.5,30725.5,132
1790787420,30725.75,30728.75,30723.25,30724.75,90
1790787480,30724.25,30725,30718.25,30719.25,73
1790787540,30720,30732.25,30716,30725.75,238
1790791200,30707,30719,30692,30695,429
1790791260,30696.5,30722,30684.5,30717.75,377
1790791320,30716.5,30735.75,30710,30730.25,236
1790791380,30729.25,30733.5,30724.75,30729.75,87
1790791440,30729.75,30732.75,30712.5,30712.75,152
1790791500,30713.5,30733,30713.5,30730,222
1790791560,30729,30732.75,30724.5,30732,98
1790791620,30731.5,30731.5,30726,30727.5,49
1790791680,30725.75,30738.5,30725.75,30737,113
1790791740,30737.25,30740.5,30728.25,30729.5,120
1790791800,30728.5,30735,30712.75,30720,269
1790791860,30720,30724.5,30716.75,30722,63
1790791920,30720.5,30732.5,30720.25,30731.75,92
1790791980,30732.75,30734,30731,30732.25,113
1790792040,30731.75,30737.5,30728.5,30734,110
1790792100,30734.25,30735.25,30732,30733,78
1790792160,30733.25,30741,30730.75,30736,118
1790792220,30734.75,30737.75,30734.5,30736.5,40
1790792280,30736.75,30744.5,30736.5,30737.75,177
1790792340,30738,30746.25,30737.25,30743.75,101
1790792400,30744.25,30747,30742.5,30745,88
1790792460,30744.75,30744.75,30740.75,30744.5,68
1790792520,30742.75,30751,30742.75,30747,112
1790792580,30746.5,30749.75,30745,30746.25,48
1790792640,30747,30748.5,30745.25,30747.25,55
1790792700,30747.75,30748.75,30745.5,30746.25,60
1790792760,30746.5,30751,30744,30748.25,95
1790792820,30748,30750,30747.5,30749.25,52
1790792880,30748.75,30751,30748,30749.75,58
1790792940,30750.25,30754.25,30748,30752.75,96
1790793000,30753.25,30756.25,30749,30753.5,70
1790793060,30753.75,30754.75,30750.75,30752,45
1790793120,30753,30763,30753,30761.5,177
1790793180,30761.25,30761.5,30758.25,30759.25,57
1790793240,30759,30764.25,30759,30761.5,74
1790793300,30761.75,30763,30760,30761.25,41
1790793360,30761.5,30769.5,30761.5,30767.5,90
1790793420,30767.5,30769.5,30766,30769.5,67
1790793480,30769.25,30770.75,30767,30769.75,62
1790793540,30768.5,30772,30768,30770,51
1790793600,30771,30775.25,30769.25,30774.25,84
1790793660,30774,30788.25,30773.75,30785.25,321
1790793720,30785.25,30794.75,30785.25,30785.75,176
1790793780,30786.75,30786.75,30776.25,30777.75,194
1790793840,30777.75,30780.75,30776,30777.75,129
1790793900,30777.25,30779,30775,30776.5,45
1790793960,30776.25,30776.25,30768.75,30771.75,200
1790794020,30771.25,30773,30771.25,30772.75,23
1790794080,30772.5,30778,30771.25,30775,61
1790794140,30775.25,30779.25,30773,30775.25,54
1790794200,30773.75,30777.5,30771,30776.5,60
1790794260,30776,30777,30773.75,30774.75,49
1790794320,30775,30777,30775,30775.5,23
1790794380,30775.75,30775.75,30770.5,30771,72
1790794440,30771.25,30775.25,30771.25,30772.75,45
1790794500,30773.5,30778.75,30773.5,30775,47
1790794560,30777,30777.5,30774.75,30774.75,25
1790794620,30774.75,30776.25,30774.5,30776.25,8
1790794680,30775.75,30775.75,30772.25,30774.5,30
1790794740,30774,30774,30767.75,30771.5,97
1790794800,30771.75,30775.25,30771,30773.75,40
1790794860,30774.5,30777,30772.25,30777,35
1790794920,30777.5,30777.75,30775.25,30775.5,35
1790794980,30776.75,30783.5,30776.75,30777.75,132
1790795040,30778.5,30779.25,30776,30776.25,18
1790795100,30776,30776,30771.25,30772.25,36
1790795160,30772.75,30773.5,30771.75,30771.75,12
1790795220,30771.75,30771.75,30765.25,30768.25,69
1790795280,30768.5,30768.5,30759.5,30760.75,177
1790795340,30761.5,30764.75,30761.5,30764.25,70
1790795400,30765.25,30765.25,30762.5,30763,44
1790795460,30763.5,30764.25,30760,30763.25,56
1790795520,30763.25,30763.25,30754.25,30756.25,140
1790795580,30756,30761.5,30755.75,30760,84
1790795640,30759.5,30763.5,30759,30762.75,25
1790795700,30763,30775.5,30762,30770.75,166
1790795760,30770.5,30771,30766,30769.25,57
1790795820,30770,30771.75,30767.25,30768.75,33
1790795880,30768.25,30778.25,30768.25,30774,82
1790795940,30775,30775.25,30772,30772,35
1790796000,30771.75,30775.75,30771.5,30773.25,21
1790796060,30772.75,30785.25,30772,30784.75,145
1790796120,30784.5,30790.25,30784,30788,135
1790796180,30789.5,30790.5,30786,30789.25,67
1790796240,30788.75,30793.25,30787.25,30790.25,85
1790796300,30791,30792,30782,30785.75,65
1790796360,30786,30786,30781,30782,43
1790796420,30781,30781.75,30776.75,30781,60
1790796480,30781.5,30783.5,30781,30782.75,29
1790796540,30782.75,30785,30780.25,30782.5,51
1790796600,30785.25,30795.25,30785,30794,131
1790796660,30795.5,30796,30792.25,30794,46
1790796720,30794.25,30797.75,30793.75,30796.75,69
1790796780,30798,30799.5,30794.25,30797.75,51
1790796840,30797.75,30800.5,30795.5,30796.25,89
1790796900,30797.5,30798.5,30793.75,30797,94
1790796960,30799,30814.5,30798.5,30810.75,361
1790797020,30811.75,30820,30811.75,30819.5,175
1790797080,30819.5,30830,30819.5,30826,389
1790797140,30826.75,30827.75,30819.75,30821.25,173
1790797200,30821,30828,30821,30826.75,95
1790797260,30826.5,30834.25,30825,30830.75,196
1790797320,30830.5,30830.75,30825.25,30825.75,54
1790797380,30826,30830,30826,30828.75,61
1790797440,30828.75,30829,30826.25,30828,52
1790797500,30828.75,30829.5,30823.75,30826.25,105
1790797560,30823.75,30826.75,30820.25,30823.75,73
1790797620,30823.25,30823.25,30820.5,30822.75,41
1790797680,30823.25,30825.25,30822.25,30823.75,53
1790797740,30825,30825.5,30821.25,30824,69
1790797800,30821.5,30824.5,30820.75,30823.75,46
1790797860,30822,30825.5,30821.5,30825.25,58
1790797920,30821.75,30826.5,30821.75,30825.5,33
1790797980,30825.25,30828.75,30824.75,30827.25,29
1790798040,30829,30829.75,30821,30825,64
1790798100,30824.5,30827,30822.5,30822.75,19
1790798160,30822.5,30823,30818.5,30818.5,119
1790798220,30818.25,30820.5,30816.25,30820.5,77
1790798280,30818.75,30820.25,30816.75,30820.25,91
1790798340,30820.75,30822,30817.75,30819,43
1790798400,30819.25,30825,30811.25,30816.25,295
1790798460,30816,30817.25,30805.25,30809.25,289
1790798520,30810.25,30811,30802,30802.25,165
1790798580,30802.25,30803,30795.75,30802.5,189
1790798640,30802.25,30807.75,30797.75,30798,90
1790798700,30797,30801.5,30790,30792,236
1790798760,30791.75,30802.25,30787.25,30800,196
1790798820,30799,30805,30799,30804.25,146
1790798880,30804.75,30804.75,30797.25,30801,94
1790798940,30800.25,30800.25,30782,30793,377
1790799000,30795.5,30801.5,30792.5,30799.25,156
1790799060,30799.25,30803.25,30793.25,30800.5,133
1790799120,30801,30807.25,30800.75,30804.5,118
1790799180,30802.75,30804.5,30797.25,30800.25,69
1790799240,30800,30802,30798.25,30800.25,28
1790799300,30799.75,30802.75,30779.5,30781.5,306
1790799360,30783.5,30787.75,30772.5,30778.25,358
1790799420,30778.75,30785,30773.75,30783.25,177
1790799480,30782.5,30783.25,30769,30770.25,133
1790799540,30770,30777.25,30767,30774.25,191
1790799600,30774.5,30779.25,30772.75,30777.75,142
1790799660,30778,30781.5,30771,30773,116
1790799720,30773.25,30775.75,30763,30763,203
1790799780,30762.5,30765.25,30752.25,30754.25,478
1790799840,30755,30765,30754,30759,101
1790799900,30757.75,30768,30756.75,30768,136
1790799960,30768.25,30771.5,30764.5,30771.5,118
1790800020,30769.5,30779.25,30768.5,30771.75,180
1790800080,30770.5,30771,30765,30767.5,55
1790800140,30767.25,30769,30754.75,30757.75,108
1790800200,30757.75,30757.75,30726.75,30734.75,558
1790800260,30734,30736,30725.75,30732.25,187
1790800320,30732.75,30736,30728,30735,146
1790800380,30734,30738.75,30732.75,30735.5,114
1790800440,30735.25,30739,30724.75,30725.5,146
1790800500,30726.5,30734.5,30725.25,30734,159
1790800560,30733.5,30751.5,30731,30751.5,277
1790800620,30751.25,30751.5,30738.5,30743.75,176
1790800680,30745.5,30745.5,30738,30743,98
1790800740,30741,30748.5,30739.25,30744,116
1790800800,30744.25,30756.75,30744.25,30754,172
1790800860,30755,30768,30752.25,30753.75,317
1790800920,30755.5,30761.5,30754.75,30760.75,58
1790800980,30759.5,30770.25,30757.25,30767.5,110
1790801040,30767.25,30787.75,30767.25,30783,395
1790801100,30783,30783.25,30773.5,30773.75,131
1790801160,30775.25,30777.25,30772,30773.5,114
1790801220,30771.75,30772.5,30764.25,30765.5,155
1790801280,30767.75,30776.75,30767.75,30773.25,99
1790801340,30773.5,30776.25,30771.25,30772,69
1790801400,30771.25,30774.25,30766.75,30773,84
1790801460,30775,30775,30764.5,30770.5,88
1790801520,30770.75,30771,30762,30769.5,54
1790801580,30769,30769,30755.25,30760,131
1790801640,30759.5,30763,30755,30756,127
1790801700,30757.5,30770.75,30755.75,30766.75,165
1790801760,30766,30778,30766,30771,169
1790801820,30771.5,30776,30769.75,30775,50
1790801880,30775.5,30789.5,30774.75,30785.75,311
1790801940,30787,30793.75,30785,30787.75,182
1790802000,30788.25,30797.75,30786,30790.5,189
1790802060,30790,30795.25,30783.5,30794.25,110
1790802120,30793.75,30798,30787,30788.25,114
1790802180,30786.25,30789.25,30783,30789,98
1790802240,30789,30800,30789,30791.25,155
1790802300,30790.75,30795,30787.75,30791.25,70
1790802360,30790.75,30801.5,30790.75,30797.75,141
1790802420,30797.75,30806,30795,30798,204
1790802480,30798,30809,30796.5,30807.25,179
1790802540,30807,30812,30804.25,30811.25,147
1790802600,30812.5,30816,30806.75,30815.25,234
1790802660,30815.75,30819.5,30809.5,30817.75,250
1790802720,30818,30831,30816.25,30831,365
1790802780,30830.5,30838.5,30827.5,30836,427
1790802840,30836.75,30837.75,30817.25,30817.75,332
1790802900,30818,30819.5,30804.25,30818.75,253
1790802960,30817.25,30818,30812,30813.5,81
1790803020,30812.25,30812.25,30806.75,30811.75,97
1790803080,30812.5,30814,30807.25,30810.5,118
1790803140,30811.25,30821.75,30810.75,30820.5,122
1790803200,30819.25,30831.75,30818.75,30831.25,184
1790803260,30832.5,30833.5,30820,30825.75,111
1790803320,30824.5,30828.25,30821.25,30824.75,70
1790803380,30826,30830.5,30824,30829,97
1790803440,30829,30835.75,30828.75,30831.25,127
1790803500,30831.5,30841,30830.5,30835,146
1790803560,30834.5,30835.75,30828.75,30831.25,103
1790803620,30832.25,30834.5,30828.5,30830.5,81
1790803680,30829.75,30834.25,30827.25,30834,73
1790803740,30833.5,30833.75,30824,30824,107
1790803800,30825.75,30828.25,30821.75,30822.5,123
1790803860,30821.25,30828,30817.75,30823.25,117
1790803920,30822,30832.75,30821,30830.75,116
1790803980,30830.25,30842.5,30829.75,30840.5,177
1790804040,30842,30845.25,30838.25,30839.25,184
1790804100,30840.75,30843.75,30837,30841.5,119
1790804160,30841.5,30845.5,30834.25,30837.5,104
1790804220,30837.75,30839.5,30827.25,30827.25,105
1790804280,30827.25,30833,30827,30831.75,105
1790804340,30829.5,30833.75,30826.75,30832.25,89
1790804400,30833,30833,30829.25,30830.5,25
1790804460,30830,30830,30817,30825,179
1790804520,30825,30830,30821.5,30828.75,74
1790804580,30827.75,30831.25,30824.75,30829.75,50
1790804640,30827.25,30829,30825,30826.25,19
1790804700,30828,30830.5,30822,30823.75,91
1790804760,30823.75,30827.75,30818.75,30820.75,129
1790804820,30820.75,30823,30816.5,30817.25,109
1790804880,30816.25,30820.75,30812.5,30816.75,97
1790804940,30815.5,30816,30807,30810.75,193
1790805000,30809.75,30823.5,30809.5,30818.5,124
1790805060,30818,30823.75,30817.75,30819.75,50
1790805120,30821,30825,30817.75,30822.75,75
1790805180,30822.25,30822.5,30814.5,30821.5,55
1790805240,30821.5,30821.5,30818,30819,48
1790805300,30818.25,30824.25,30816.25,30823,43
1790805360,30823.5,30827.25,30820.25,30821,54
1790805420,30821,30821,30814,30816.75,85
1790805480,30816,30822.5,30812.5,30822.5,78
1790805540,30822.5,30825.5,30818.75,30821,64
1790805600,30821.75,30833.75,30820.75,30831,185
1790805660,30830.25,30831.5,30822.5,30825.25,116
1790805720,30825.75,30825.75,30815,30823.25,80
1790805780,30823.5,30825.75,30820,30824,45
1790805840,30825,30829.25,30823.5,30826.25,71
1790805900,30827.5,30831.5,30822.5,30823.5,66
1790805960,30824.5,30840.5,30824.5,30826.75,199
1790806020,30825.75,30828,30818,30826,81
1790806080,30827.25,30831,30827,30828.5,28
1790806140,30825,30829.25,30823.75,30825.25,37
1790806200,30828,30838,30826,30832.75,96
1790806260,30832.75,30842.25,30831.25,30840,123
1790806320,30840.75,30845.75,30836.75,30840,252
1790806380,30838.25,30843.5,30832,30832.75,165
1790806440,30835.25,30838.75,30825,30830.75,95
1790806500,30829.75,30835,30829.75,30834.5,47
1790806560,30832.75,30844.75,30832,30841.75,134
1790806620,30841,30842.75,30839.5,30840,26
1790806680,30838.25,30838.25,30829.75,30831.75,73
1790806740,30834.75,30838,30826.75,30827.75,365
1790806800,30827.25,30828.5,30822,30827.5,125
1790806860,30827.25,30830,30820.5,30829,64
1790806920,30828.25,30838,30828,30838,75
1790806980,30836.25,30844,30834.5,30841.25,136
1790807040,30842.5,30855.25,30842.5,30845.25,410
1790807100,30845,30846,30837.5,30841,133
1790807160,30839.75,30842.25,30838.5,30840.75,41
1790807220,30840.5,30841.5,30833.25,30835,60
1790807280,30834.5,30850,30834.5,30849.75,102
1790807340,30850.25,30857.75,30848.75,30856.75,187
1790807400,30856.5,30859.25,30851,30855,122
1790807460,30853.75,30856.25,30850.25,30854.25,54
1790807520,30853.5,30861.5,30852,30857.5,163
1790807580,30857.75,30860.25,30856.75,30857.75,56
1790807640,30857,30859.25,30856,30858.5,37
1790807700,30859.25,30863.75,30858.75,30862,143
1790807760,30862.25,30862.25,30857.5,30861,106
1790807820,30860.5,30863.75,30857,30858,98
1790807880,30858.25,30859,30855.25,30856.75,76
1790807940,30858,30860.25,30856.5,30860,43
1790808000,30859.25,30864.25,30857.75,30862,67
1790808060,30861.75,30863,30860.75,30862,40
1790808120,30863,30864,30857.25,30862,108
1790808180,30863.25,30867.5,30863,30867.25,84
1790808240,30866.5,30869.5,30863.5,30863.5,111
1790808300,30862,30864.5,30858.5,30860.5,75
1790808360,30861.25,30865.5,30860,30860.25,59
1790808420,30860,30861,30857.75,30858.75,78
1790808480,30858.25,30860,30852.75,30854,121
1790808540,30853.75,30856,30851.75,30855.25,47
1790808600,30853.75,30854.75,30850.75,30854.75,75
1790808660,30854.75,30863.5,30849.5,30857.75,361
1790808720,30857.5,30864.5,30857.5,30861.75,58
1790808780,30862,30867.5,30859.5,30861,111
1790808840,30860.75,30863.25,30859,30863,44
1790808900,30863.25,30863.25,30860,30860.5,30
1790808960,30859.75,30862,30857.5,30860,45
1790809020,30858.75,30862,30856.75,30860,47
1790809080,30859.5,30864,30857,30863.5,38
1790809140,30862.75,30867.25,30862.5,30866,126
1790809200,30865.25,30879,30863.75,30877.25,350
1790809260,30877.25,30879.75,30875,30876.25,134
1790809320,30875.75,30882.5,30874.75,30882.25,166
1790809380,30882.75,30887.5,30878.5,30878.75,148
1790809440,30878.75,30879.25,30868.5,30872.5,134
1790809500,30873.25,30880,30872.75,30878.5,107
1790809560,30878,30879.75,30873.25,30874.5,131
1790809620,30876,30876,30871.5,30874,36
1790809680,30874.5,30875.5,30870.5,30872,37
1790809740,30871.25,30874.25,30871.25,30872.75,22
1790809800,30873.25,30877,30872,30877,66
1790809860,30877,30880.5,30875.5,30879.75,64
1790809920,30879.25,30880.5,30877.75,30879.25,39
1790809980,30879,30879.25,30874.75,30879.25,32
1790810040,30878,30879.25,30875.75,30878.5,28
1790810100,30878.75,30884.75,30878.75,30881.5,134
1790810160,30881.5,30884.25,30879.25,30883.25,65
1790810220,30883.25,30885.75,30882.25,30884.75,47
1790810280,30884.75,30886,30873.75,30873.75,112
1790810340,30874.25,30876.75,30870.75,30873.25,68
1790810400,30871.5,30876,30870.75,30875.5,49
1790810460,30874.75,30877.75,30869.75,30869.75,48
1790810520,30870.5,30871.75,30867.75,30869.5,54
1790810580,30868.75,30872,30868.75,30870,29
1790810640,30870,30874.25,30869.75,30871.5,39
1790810700,30871.75,30874.75,30871.25,30874.25,38
1790810760,30874.25,30878.5,30874.25,30878.25,51
1790810820,30877.75,30877.75,30873.75,30874.5,34
1790810880,30873.5,30878,30872.25,30876.75,36
1790810940,30877.5,30879.5,30875.25,30875.75,61
1790811000,30877.25,30879,30871.5,30871.5,51
1790811060,30871.25,30873.5,30866.25,30867.75,77
1790811120,30868,30868.25,30861.75,30864,207
1790811180,30864.75,30867.25,30863.75,30866.25,60
1790811240,30868,30869,30863.25,30866,56
1790811300,30865.5,30868.5,30864.25,30864.25,35
1790811360,30864.5,30866.75,30860,30866.5,71
1790811420,30866.25,30869.5,30865.75,30868.75,32
1790811480,30868.25,30870.25,30867.25,30867.75,32
1790811540,30867.75,30871.75,30867.25,30871.25,51
1790811600,30871.75,30875.25,30868.25,30871,60
1790811660,30871,30875.75,30867.75,30875.75,49
1790811720,30875,30877.25,30873,30875,74
1790811780,30876.25,30881.75,30876.25,30880.75,99
1790811840,30880.25,30883,30876.25,30882.5,63
1790811900,30882.25,30885.5,30878,30878.75,124
1790811960,30880,30884,30879.5,30880.75,80
1790812020,30880,30884.25,30879.75,30881.75,60
1790812080,30883,30890,30882.75,30886.25,144
1790812140,30885.75,30890.25,30884.75,30890.25,67
1790812200,30890.25,30896.5,30888.75,30896.25,221
1790812260,30896.5,30897.75,30894,30897.25,130
1790812320,30897.75,30901,30896.5,30896.75,244
1790812380,30896.75,30896.75,30891.75,30896,177
1790812440,30896,30913.25,30896,30910.25,443
1790812500,30910,30916,30910,30912.25,261
1790812560,30912.5,30918.5,30909.75,30912.25,154
1790812620,30912,30919.5,30911,30918.25,149
1790812680,30917.5,30929.25,30917.5,30928.5,343
1790812740,30928.75,30933,30927.75,30929.25,255
1790812800,30929.75,30942.5,30927.5,30941.5,576
1790812860,30942.5,30950.75,30938,30950,469
1790812920,30950.25,30950.5,30939.5,30942.5,185
1790812980,30942.5,30945,30937.5,30942,127
1790813040,30941.5,30944.75,30940,30943,123
1790813100,30942.5,30952.75,30941.25,30946.75,267
1790813160,30946.5,30947.5,30943,30945.75,78
1790813220,30946.5,30948,30944.5,30944.75,62
1790813280,30945.25,30945.25,30940.25,30941,88
1790813340,30941,30941,30937.25,30940,122
1790813400,30941,30943.5,30940,30942.75,56
1790813460,30942.25,30945,30940,30940.5,54
1790813520,30940.5,30942,30939.25,30942,58
1790813580,30942,30952.5,30939.75,30949.5,145
1790813640,30950,30953.75,30945.5,30948,151
1790813700,30947.75,30947.75,30929.75,30933.25,350
1790813760,30932,30932.25,30923,30926,155
1790813820,30926.5,30929.25,30922.5,30923,77
1790813880,30923.25,30927.25,30921,30926.5,76
1790813940,30927.25,30928.75,30925.5,30927.75,34
1790814000,30927.75,30930,30923.75,30930,53
1790814060,30930.5,30935.25,30929,30931.25,110
1790814120,30932,30932.75,30929.75,30930.5,37
1790814180,30930.25,30932.5,30926.5,30927.75,46
1790814240,30927.5,30932.25,30926.5,30928.5,37
1790814300,30929.75,30933,30925.5,30929.5,137
1790814360,30929.75,30933.75,30929.75,30933.75,36
1790814420,30933.5,30936.75,30933.25,30936,71
1790814480,30935,30942,30934.5,30937,140
1790814540,30935.75,30938.25,30933.5,30935.25,52
1790814600,30934.75,30939,30934.5,30936,48
1790814660,30935.75,30939.5,30935.25,30938.5,58
1790814720,30938.5,30938.5,30930.5,30931,63
1790814780,30931.5,30935.25,30931.5,30933.5,78
1790814840,30934.5,30950.5,30934.5,30947.5,509
1790814900,30948,30955.5,30943,30947.25,234
1790814960,30947.75,30952,30947.75,30948.75,64
1790815020,30949.25,30961,30947,30957.5,221
1790815080,30957.75,30959,30953,30953.75,103
1790815140,30953.25,30954.75,30948.75,30949.25,135
1790815200,30950,30952,30946,30950,99
1790815260,30950,30951,30945,30945.75,55
1790815320,30944.75,30945.75,30941.5,30945.75,95
1790815380,30946.5,30954.5,30946.5,30951.25,118
1790815440,30950.25,30952.5,30949.75,30951,45
1790815500,30950.25,30957.75,30948.5,30954.75,386
1790815560,30954.25,30963,30954,30960.25,172
1790815620,30960,30962.75,30958.75,30962.75,61
1790815680,30963.25,30965,30961.25,30962.75,77
1790815740,30962.75,30980,30960.75,30968.25,332
1790815800,30968.5,30972.75,30966.75,30968,286
1790815860,30969.25,30971.25,30964.25,30971.25,125
1790815920,30971.75,30982,30968.5,30979.5,308
1790815980,30979.75,30984,30976.5,30983.25,239
1790816040,30983.5,30984.25,30978.75,30982,144
1790816100,30982,30987.5,30974.75,30976.5,304
1790816160,30976.5,30976.5,30967.25,30967.25,141
1790816220,30967.25,30973.75,30967.25,30973.5,63
1790816280,30973,30973.5,30968.25,30972,78
1790816340,30971.75,30985,30971.75,30984.5,183
1790816400,30984.5,30995,30984.5,30989.5,345
1790816460,30990,30991,30983.5,30985.25,113
1790816520,30986.25,30990.75,30985.5,30987,75
1790816580,30986.75,30996.25,30986.75,30994.5,147
1790816640,30994.25,31002.25,30993,31001.25,402
1790816700,31000,31024.25,30998,31014,631
1790816760,31014.25,31017.5,31011,31011,232
1790816820,31010.5,31013.5,31007,31012.25,90
1790816880,31012.75,31014.75,31009,31010.75,95
1790816940,31012,31020,31012,31018,173
1790817000,31017.75,31019.5,31014.25,31017.75,138
1790817060,31016.75,31016.75,31008.5,31009.5,80
1790817120,31010,31010.75,31007.25,31009.75,61
1790817180,31011.5,31020,31011.5,31018,132
1790817240,31019,31024.75,31016.25,31019.25,174
1790817300,31020.25,31021,31016.25,31020,97
1790817360,31019.5,31024.5,31019.5,31021.25,61
1790817420,31022,31024,31019.5,31022.75,75
1790817480,31022.5,31028,31020.5,31024.5,148
1790817540,31024,31033.5,31022.75,31031.5,208
1790817600,31030.75,31032.5,31026.5,31030.25,136
1790817660,31029.5,31045.25,31029.5,31045.25,448
1790817720,31045.25,31049,31041.25,31045,388
1790817780,31045,31045.5,31041.5,31043.25,97
1790817840,31042,31043.25,31038,31040.5,111
1790817900,31041,31048.25,31039.25,31043.75,141
1790817960,31043.25,31046.25,31040.5,31045.25,77
1790818020,31044.75,31054.5,31041.5,31047,480
1790818080,31046.5,31059.5,31046.5,31058,315
1790818140,31058.5,31067.5,31056.75,31063.75,468
1790818200,31063.25,31067,31052.5,31062.25,343
1790818260,31062,31067.25,31057.75,31064.25,197
1790818320,31064,31070.25,31064,31068.75,308
1790818380,31069,31069.75,31057.75,31063.75,203
1790818440,31063.75,31070,31060.5,31069,178
1790818500,31068.75,31076.75,31063.75,31074,280
1790818560,31074,31076,31065,31067,151
1790818620,31066,31066,31060.75,31061,161
1790818680,31060.75,31064.5,31058.25,31063.5,87
1790818740,31063,31064,31059.75,31059.75,85
1790818800,31061.5,31064.75,31057.25,31064.75,217
1790818860,31064.25,31073.5,31060,31070.5,315
1790818920,31068.75,31071.75,31064.75,31066.5,129
1790818980,31067.25,31070.25,31061.5,31062.5,165
1790819040,31062.25,31063.5,31058,31060,104
1790819100,31061,31061,31044.5,31051.5,360
1790819160,31052.25,31052.25,31041.25,31046.25,203
1790819220,31045.75,31055.5,31041.5,31053.5,211
1790819280,31054,31061,31051.75,31053.75,213
1790819340,31051.5,31061.75,31048.5,31058.5,207
1790819400,31059,31075,31057.75,31070.5,353
1790819460,31071.25,31084.75,31070.5,31081,349
1790819520,31082,31083,31076.25,31079.5,139
1790819580,31080.5,31089,31079,31089,239
1790819640,31089,31094.5,31085.5,31086.25,306
1790819700,31086.5,31087,31080.75,31081.75,207
1790819760,31081,31083.25,31078.25,31081,128
1790819820,31079.75,31084,31078.75,31080,73
1790819880,31079.5,31087.75,31078.5,31086.25,129
1790819940,31086.75,31095.25,31082,31094.75,281
1790820000,31095,31120.75,31092.75,31120.5,878
1790820060,31121,31126.5,31115.25,31120,428
1790820120,31120.25,31123,31116,31122,260
1790820180,31123,31131.25,31121.5,31125.75,385
1790820240,31126.5,31134.75,31119.75,31130.5,319
1790820300,31131,31135.75,31120.75,31126.25,379
1790820360,31127,31127.5,31117.75,31118.75,115
1790820420,31119,31130.5,31118,31126.5,189
1790820480,31126,31129.25,31116.25,31121.75,228
1790820540,31121.5,31132,31116.25,31125.75,312
1790820600,31127.75,31151.5,31125.75,31148.25,727
1790820660,31149.5,31150.5,31137,31139.25,334
1790820720,31139.5,31140.5,31129.5,31131.25,221
1790820780,31131.5,31135,31127.25,31127.5,198
1790820840,31127.75,31145,31127,31140,307
1790820900,31138.75,31138.75,31129,31129,191
1790820960,31129.75,31133.75,31125.5,31130,196
1790821020,31131.25,31133,31121.75,31126,194
1790821080,31127.75,31128.5,31115.75,31119.5,329
1790821140,31119.25,31121,31111,31119.5,213
1790821200,31119.75,31126,31118.25,31123.75,203
1790821260,31122.5,31130.5,31122,31125.75,144
1790821320,31126.75,31138.75,31125.75,31135.5,182
1790821380,31135,31139,31128.75,31128.75,119
1790821440,31129.25,31133.75,31121.75,31121.75,189
1790821500,31122.5,31125.75,31114.75,31118.25,291
1790821560,31119,31123.5,31111.25,31111.75,186
1790821620,31113.25,31119,31109.25,31115.75,169
1790821680,31116.25,31128.25,31114.5,31127.5,184
1790821740,31127.75,31136.75,31127.75,31133.5,265
1790821800,31132,31141,31127.25,31127.25,267
1790821860,31128.25,31130,31114.5,31117.25,261
1790821920,31118,31123.5,31106.5,31107.25,297
1790821980,31108,31109.25,31101.25,31104.75,249
1790822040,31105.25,31108.5,31102,31107,313
1790822100,31107.5,31117.75,31102.5,31111.25,231
1790822160,31110,31110.75,31091.75,31092.25,277
1790822220,31092.75,31094.5,31083.25,31087.5,280
1790822280,31087,31088,31079.25,31083.75,197
1790822340,31081.75,31081.75,31055.75,31056.75,513
1790822400,31057.5,31057.5,31037.5,31037.75,527
1790822460,31037.75,31049.25,31037,31047.25,531
1790822520,31046.25,31054.25,31043.75,31051.25,166
1790822580,31049.75,31051.75,31037.75,31038.25,224
1790822640,31037.5,31052.5,31037,31047.5,227
1790822700,31047,31049,31034.5,31044.5,242
1790822760,31043.75,31054,31038.25,31039,258
1790822820,31039.75,31043.25,31035.5,31043.25,200
1790822880,31042.75,31049.25,31042.25,31047.25,148
1790822940,31045.25,31050,31031.5,31035.75,213
1790823000,31036.5,31045.75,31035.5,31043.75,104
1790823060,31044.75,31063,31044.75,31061,295
1790823120,31061.75,31069.75,31054.5,31056.25,243
1790823180,31056,31060.25,31048,31052.25,157
1790823240,31052.25,31057,31049.5,31051,93
1790823300,31051.75,31059,31047.5,31051,141
1790823360,31051.25,31055.25,31050,31052.5,124
1790823420,31052.25,31052.25,31041.25,31046,128
1790823480,31048,31054,31032,31033,293
1790823540,31034.25,31036.75,31025,31025,394
1790823600,31024.25,31043.25,31017.25,31028.5,612
1790823660,31027.75,31034.25,31024,31027.5,206
1790823720,31023.5,31029.5,31014,31015.5,319
1790823780,31015.5,31026.75,31012,31026.75,381
1790823840,31027,31034,31019.25,31028,499
1790823900,31026.75,31039,31020.5,31026.75,368
1790823960,31027.75,31039.25,31022.25,31027.75,176
1790824020,31028,31029.5,31021,31025.25,189
1790824080,31023.25,31035.5,31023.25,31035.5,95
1790824140,31031.5,31043,31031.25,31032,211
1790824200,31031.75,31040.25,31027,31036.25,117
1790824260,31035.75,31039,31028,31029.75,123
1790824320,31027.25,31028.5,30991.25,30992.5,612
1790824380,30991.5,30992.75,30971,30972.25,442
1790824440,30971.5,30972.5,30953.75,30957.25,649
1790824500,30958.25,30968,30947,30962.25,607
1790824560,30961.75,30966.75,30946,30955.5,539
1790824620,30954.5,30955.5,30941.5,30943,605
1790824680,30942.25,30959.5,30941,30953.75,384
1790824740,30952.5,30953.25,30932.25,30936.5,445
1790824800,30936,30938.25,30921.75,30923.25,441
1790824860,30922.25,30929.25,30909.75,30918,461
1790824920,30917.75,30926,30906.5,30917.75,460
1790824980,30917,30924.75,30908.5,30910,400
1790825040,30910,30910.25,30889,30892.75,660
1790825100,30891.5,30899.75,30871.5,30872.25,541
1790825160,30871.25,30871.25,30836.25,30838,939
1790825220,30839.25,30851.75,30834,30837.75,594
1790825280,30837.75,30843,30803.5,30814.75,888
1790825340,30814.25,30821,30796.5,30803.75,1107
1790825400,30803.25,30825,30802,30814.5,585
1790825460,30818,30844.5,30809.75,30838.5,782
1790825520,30837,30868,30836.5,30850.25,605
1790825580,30849.25,30869,30848.75,30860.75,351
1790825640,30859.75,30871.25,30850,30871.25,715
1790825700,30870.75,30879.75,30860,30861.75,412
1790825760,30860.75,30869.25,30847.5,30856,386
1790825820,30855.75,30860.25,30845.75,30851.5,224
1790825880,30853,30869,30850.25,30865,219
1790825940,30864.75,30866.75,30840,30840,476
1790826000,30842.5,30842.5,30816.5,30823.75,830
1790826060,30823.5,30833,30820.75,30825,206
1790826120,30823.75,30830,30814.5,30816.5,300
1790826180,30818.25,30829.5,30813.25,30822,186
1790826240,30822.25,30857,30819.25,30842.25,576
1790826300,30841.75,30847,30833.25,30842.75,343
1790826360,30842,30845.75,30825,30841,370
1790826420,30841,30845.75,30832.5,30845,139
1790826480,30846,30850.25,30818.25,30832.5,350
1790826540,30833.25,30838.25,30825.75,30833,225
1790826600,30832.75,30858.25,30832.5,30851.5,263
1790826660,30853.25,30877.5,30851.25,30865.25,626
1790826720,30863.75,30864.5,30851.5,30859,232
1790826780,30858.75,30884,30857.5,30881.5,267
1790826840,30881.75,30887,30877.25,30883.5,212
1790826900,30883,30896.5,30879,30892.75,253
1790826960,30892.25,30899.5,30875.25,30880.25,266
1790827020,30882.5,30883.25,30855.5,30858,260
1790827080,30858,30863,30848.5,30857.75,274
1790827140,30858.75,30865.5,30850.25,30850.25,191
1790827200,30852.5,30873.25,30849.75,30866,420
1790827260,30864.25,30871.25,30845.25,30846.25,250
1790827320,30845.75,30867.5,30844.25,30860.75,352
1790827380,30861.75,30894.75,30859.75,30881,554
1790827440,30881.5,30897.75,30878,30896.25,265
1790827500,30894.5,30906.75,30888.75,30890.25,464
1790827560,30891.5,30896,30868.5,30881.25,430
1790827620,30879.25,30893,30873.75,30874.25,145
1790827680,30873.5,30873.75,30858.5,30864.25,181
1790827740,30862.75,30862.75,30823.25,30827.25,617
1790827800,30828,30835.75,30822,30829.75,296
1790827860,30829,30835,30816.75,30823.75,301
1790827920,30824.75,30838.75,30817.25,30831.25,247
1790827980,30833,30836,30820,30823.25,144
1790828040,30824.5,30834.25,30822,30827.75,149
1790828100,30829.5,30831.5,30814.75,30829.5,303
1790828160,30829.25,30831.5,30825,30830,178
1790828220,30828.25,30828.5,30816.5,30823.5,170
1790828280,30823.5,30837,30820.25,30826,166
1790828340,30825,30828.5,30813.5,30814,254
1790828400,30815,30816.25,30799.5,30804.5,289
1790828460,30804.75,30818.5,30801,30802.25,246
1790828520,30803,30814.5,30793,30812.75,346
1790828580,30813.75,30823.5,30805,30810.25,246
1790828640,30809,30809,30797.75,30799.75,134
1790828700,30800.75,30815.75,30796.75,30811.75,166
1790828760,30812,30827.75,30810,30825,311
1790828820,30826.75,30833.25,30820.75,30822,445
1790828880,30822,30829.25,30798,30804.5,325
1790828940,30804.75,30811.75,30784.5,30785.75,352
1790829000,30785.75,30792.75,30777.5,30783.5,372
1790829060,30787,30787.75,30760.5,30766,455
1790829120,30766,30766.75,30758.25,30759.25,343
1790829180,30758.5,30768.5,30757.75,30767.75,282
1790829240,30765.5,30783.25,30760.5,30777.25,341
1790829300,30777.25,30786.75,30776.25,30778.5,297
1790829360,30778.25,30795.25,30777.5,30792.5,276
1790829420,30793,30821,30792.5,30818,601
1790829480,30818,30830,30813,30825.75,369
1790829540,30825.75,30833.75,30819.5,30828.75,279
1790829600,30826,30836,30814.25,30814.5,651
1790829660,30815.25,30828.5,30810.75,30818.75,382
1790829720,30819,30827,30816,30819,244
1790829780,30818.5,30819.25,30807.75,30815.5,370
1790829840,30819,30819,30806.5,30807.75,265
1790829900,30807.5,30807.5,30793,30796.5,374
1790829960,30794.25,30801.25,30789,30796.5,232
1790830020,30800.25,30804,30790.5,30798,189
1790830080,30798.75,30803.25,30786.75,30801,162
1790830140,30800.25,30806.25,30791.75,30802,206
1790830200,30798.5,30823.5,30798.5,30815.5,221
1790830260,30814.75,30826,30802.75,30824,425
1790830320,30825.75,30836,30822.75,30825.25,367
1790830380,30825.5,30826,30809,30817,216
1790830440,30817.75,30822.5,30802.75,30812,163
1790830500,30812,30827.5,30809.25,30826.75,210
1790830560,30828,30845,30828,30839.5,642
1790830620,30837.5,30849,30833.5,30835,269
1790830680,30834,30836.25,30817,30819,151
1790830740,30818,30844.5,30814.5,30843.5,292
1790830800,30844,30855.75,30840,30853,241
1790830860,30854.25,30858.25,30851.5,30854,167
1790830920,30856,30858.75,30850.75,30855,145
1790830980,30854,30863.5,30846.5,30863.5,208
1790831040,30863.25,30879.5,30860.75,30879.5,277
1790831100,30879.75,30886.5,30875.5,30884,236
1790831160,30884.75,30886,30870.5,30878.25,177
1790831220,30878.75,30880.5,30869,30879,221
1790831280,30881.5,30884.25,30867.5,30872.25,144
1790831340,30871,30877.25,30867,30872,136
1790831400,30876.25,30880.5,30871,30874.75,69
1790831460,30874.5,30879,30868.5,30873.75,82
1790831520,30871.75,30877,30871.75,30874.25,57
1790831580,30873,30883.25,30870,30881,124
1790831640,30879.75,30887.25,30876.75,30878.5,175
1790831700,30879.75,30886.75,30871.5,30874.75,109
1790831760,30874.75,30879.75,30868.5,30870.25,69
1790831820,30870,30880.25,30868.75,30872.25,66
1790831880,30873.75,30875.75,30865.5,30868,88
1790831940,30867.75,30871,30863,30868.25,127
1790832000,30868,30878.75,30867,30871.25,149
1790832060,30872,30892.5,30868,30884,447
1790832120,30880,30886.75,30872.75,30876,216
1790832180,30875.5,30882,30875.5,30881.75,85
1790832240,30883,30901.5,30883,30895,301
1790832300,30894,30898,30887.75,30893.75,155
1790832360,30893.75,30900.75,30891.5,30895.5,95
1790832420,30895.75,30898,30890,30891.25,91
1790832480,30891.25,30898,30888.25,30896.5,95
1790832540,30897.25,30901.5,30894.75,30897.5,121
1790832600,30897.5,30897.75,30889.5,30891,154
1790832660,30890.5,30895.5,30888.25,30892,54
1790832720,30893,30894.5,30886,30889.5,96
1790832780,30889,30894.5,30887,30893.75,47
1790832840,30893.25,30897.75,30890.5,30894.75,56
1790832900,30895,30904,30892.5,30895.75,116
1790832960,30894.5,30894.5,30876.25,30879.75,131
1790833020,30878.75,30880,30870.5,30875,140
1790833080,30874.25,30879.75,30874,30877.5,53
1790833140,30875.75,30875.75,30865.25,30872.25,104
1790833200,30868.5,30872.25,30862.25,30863.5,165
1790833260,30862.5,30864.25,30852.75,30860.75,330
1790833320,30860.75,30862.75,30858.25,30859.25,54
1790833380,30862,30865.75,30854.75,30859.25,79
1790833440,30860.5,30864,30857.25,30860.75,50
1790833500,30859.5,30859.5,30848.75,30857.25,154
1790833560,30858.25,30865.75,30857.5,30864.5,156
1790833620,30864,30878,30861.75,30877.75,114
1790833680,30876,30884.25,30873.5,30875,92
1790833740,30873.5,30874.75,30867.75,30869.75,73
1790833800,30866.5,30872.75,30861,30870.25,105
1790833860,30870.75,30874,30866.75,30873,33
1790833920,30872.5,30872.5,30865,30870.75,164
1790833980,30872,30873.75,30856.5,30863.5,104
1790834040,30864,30864,30846,30846.25,85
1790834100,30846.25,30849.25,30837,30843,191
1790834160,30842.75,30848.75,30842.5,30847.25,130
1790834220,30849.75,30860,30849.5,30858.25,75
1790834280,30859.5,30859.5,30852.25,30857,22
1790834340,30856.5,30859.75,30853.5,30853.5,64
1790834400,30853.25,30867.75,30822.5,30830,710
1790834460,30830.25,30832,30816.25,30816.25,210
1790834520,30816.75,30817.25,30798.5,30803.5,306
1790834580,30803.25,30807.75,30796.75,30799.5,161
1790834640,30799,30801.25,30792.75,30792.75,141
1790834700,30792.5,30796,30785,30788.25,194
1790834760,30787.5,30804.25,30784.25,30798.5,235
1790834820,30798.5,30811.5,30795.5,30808.5,250
1790834880,30806,30811.25,30801.75,30809.5,113
1790834940,30809.25,30822.75,30809.25,30816.25,231
1790835000,30815,30824.75,30813,30821,201
1790835060,30820.5,30834.25,30815.25,30834.25,157
1790835120,30833.25,30840.5,30829.25,30840.5,184
1790835180,30840,30849.25,30838.5,30843.5,177
1790835240,30844,30852.75,30843.75,30847.75,103
1790835300,30848,30848.25,30839.75,30846,124
1790835360,30846.5,30847.25,30832.75,30835.5,171
1790835420,30835,30856.25,30833.25,30847,222
1790835480,30845.5,30874,30843.5,30866.75,286
1790835540,30866,30866,30854.75,30858.5,155
1790835600,30860,30873.75,30857.5,30873.75,197
1790835660,30872.25,30887.5,30860.25,30870,649
1790835720,30871,30874,30859,30860.75,209
1790835780,30863.75,30867.25,30860.25,30862.25,73
1790835840,30862.5,30866.5,30860.25,30866.5,89
1790835900,30866.25,30875.5,30862.75,30874.5,98
1790835960,30874,30884,30866.75,30866.75,126
1790836020,30867.75,30876,30867.75,30871,91
1790836080,30871,30880.75,30871,30875.5,55
1790836140,30873.25,30877,30872,30877,39
1790836200,30876.5,30885.25,30876,30885,117
1790836260,30885,30895.5,30882,30891,347
1790836320,30891,30893.25,30885,30886.5,472
1790836380,30886.25,30888,30884.25,30887.25,56
1790836440,30886.5,30895.25,30885,30894.75,126
1790836500,30895,30896.25,30886.75,30889,106
1790836560,30889.25,30894.75,30884.75,30890,48
1790836620,30888,30889.75,30885.75,30886.75,48
1790836680,30886,30886,30881.5,30882.75,70
1790836740,30884.25,30884.75,30876.25,30881.5,107
1790836800,30879,30886.25,30879,30884.25,70
1790836860,30884.75,30885,30881,30884.5,67
1790836920,30884.25,30926.25,30884.25,30925.75,823
1790836980,30924.5,30929.5,30921,30924.5,334
1790837040,30923.75,30930,30922,30923.25,275
1790837100,30924.25,30932,30922,30926.75,190
1790837160,30926.5,30935.75,30922.75,30933,215
1790837220,30932.75,30938.75,30931.25,30935.5,181
1790837280,30935.25,30941,30932.25,30937.5,241
1790837340,30936.75,30936.75,30927.5,30933,295
1790837400,30933,30933,30923.75,30931.5,141
1790837460,30931,30935.75,30930.5,30934.25,108
1790837520,30934.5,30949.75,30934.5,30936,338
1790837580,30937,30947,30933,30933.75,210
1790837640,30934.75,30948.5,30934.75,30946.25,218
1790837700,30944,30944.25,30935,30936.25,126
1790837760,30936.25,30936.5,30928,30930,160
1790837820,30929.75,30938.25,30924.25,30935.5,197
1790837880,30931.25,30935,30928,30934,105
1790837940,30932.75,30940.5,30932.75,30938.75,118
1790838000,30938.25,30941.5,30915.75,30916.25,447
1790838060,30915.75,30925,30903.75,30912,338
1790838120,30911.25,30922,30909.75,30913.25,220
1790838180,30914,30924.5,30911.75,30914.75,193
1790838240,30913,30915.25,30901,30902.25,199
1790838300,30902.25,30903.25,30887,30897,653
1790838360,30897.75,30906.25,30895.25,30904.5,170
1790838420,30905,30905,30895.5,30899.25,147
1790838480,30897.5,30900.25,30884.5,30888.25,168
1790838540,30887.75,30891.5,30882.25,30884.5,114
1790838600,30884.5,30884.5,30869.25,30884,312
1790838660,30883.75,30888,30880.25,30880.75,127
1790838720,30881.25,30883.75,30877,30881.5,77
1790838780,30881.25,30884,30871.5,30879.5,216
1790838840,30879.25,30881.25,30861.25,30863.25,232
1790838900,30863.5,30864.5,30843.25,30853.5,382
1790838960,30853.25,30853.25,30847.25,30850.75,141
1790839020,30851.5,30853,30843,30846,154
1790839080,30844.75,30851.5,30844,30848,134
1790839140,30848.25,30850.5,30840,30842.5,168
1790839200,30842,30842,30832.5,30836.75,180
1790839260,30836.25,30837.5,30830.75,30834.75,95
1790839320,30834.25,30850.5,30831.75,30836.75,237
1790839380,30836.75,30841,30829,30829,151
1790839440,30829,30832,30816.25,30817,201
1790839500,30816.5,30829.25,30814.75,30826,288
1790839560,30826,30834.75,30824.5,30834.75,189
1790839620,30834.5,30839.75,30831,30838.25,202
1790839680,30839.25,30843.25,30835,30835,172
1790839740,30833.75,30840,30828,30838.5,210
1790839800,30837.75,30847.75,30833.25,30847.5,123
1790839860,30846.75,30858,30842.25,30844.5,337
1790839920,30844.75,30854.25,30834.75,30846.5,205
1790839980,30846.5,30849.5,30841.75,30846.5,82
1790840040,30846.5,30856.5,30844.5,30851.5,80
1790840100,30849.5,30862.5,30849.5,30851.75,159
1790840160,30853,30864.25,30843.75,30854.5,198
1790840220,30856.5,30876.25,30856.5,30868.5,235
1790840280,30867.25,30870.5,30852.25,30860.75,160
1790840340,30861.75,30878.5,30859.75,30875.25,204
1790840400,30873.25,30882.5,30870,30881,207
1790840460,30880.25,30886.75,30877,30881.75,228
1790840520,30882.25,30883.5,30874.5,30874.5,154
1790840580,30875,30883.75,30873.5,30876.5,132
1790840640,30877.25,30879.25,30874.75,30879,74
1790840700,30879.25,30885.5,30877,30884.5,99
1790840760,30884.25,30893.75,30880,30892.25,226
1790840820,30893,30900.25,30889.75,30900,184
1790840880,30899.75,30903.25,30896.75,30901.25,145
1790840940,30901.75,30903.25,30892.25,30896,95
1790841000,30896,30907.5,30893.75,30905.25,113
1790841060,30905.5,30908.75,30896.5,30896.5,136
1790841120,30897,30897.75,30880,30892.25,287
1790841180,30892.25,30896.75,30888.25,30891,141
1790841240,30890.5,30899,30887.25,30893.25,108
1790841300,30895.25,30897.75,30890,30894.5,98
1790841360,30893.75,30900,30890.75,30898.75,141
1790841420,30898.25,30902,30893.75,30894.75,92
1790841480,30894.5,30897.5,30887.25,30889,157
1790841540,30888.25,30888.25,30880,30881,277
1790841600,30881,30889.75,30870.75,30875.5,317
1790841660,30876.25,30881.25,30869.25,30873.75,172
1790841720,30873.25,30881,30871,30877.5,148
1790841780,30877.5,30879.5,30854.75,30862.75,296
1790841840,30862.75,30868.5,30852.25,30853.5,227
1790841900,30853.25,30859,30850,30855,201
1790841960,30854.5,30867.25,30854.5,30867,170
1790842020,30867.5,30873.5,30860.5,30860.5,296
1790842080,30863,30872,30860.5,30865.25,111
1790842140,30863.75,30871.75,30862.75,30871.25,99
1790842200,30871.25,30877.5,30869.5,30874.25,269
1790842260,30874.25,30876.5,30870,30870.75,101
1790842320,30871.25,30877.5,30866.5,30867.75,110
1790842380,30867,30869.5,30862.5,30866.75,77
1790842440,30865.25,30865.5,30852,30852.5,149
1790842500,30852,30862.5,30847,30857.75,211
1790842560,30860.25,30861.75,30853.5,30858,165
1790842620,30858.25,30862.5,30839,30862.25,573
1790842680,30862,30870.75,30851.5,30857.25,266
1790842740,30857.25,30860.25,30853,30855.25,113
1790842800,30855,30859,30849.5,30855.75,115
1790842860,30854.25,30861.5,30853.75,30860.25,127
1790842920,30860.25,30866.5,30857,30857,161
1790842980,30856.25,30857.25,30834.5,30838.5,278
1790843040,30838,30851.75,30838,30847.75,308
1790843100,30847.5,30858.25,30844.25,30858.25,210
1790843160,30858.5,30859.25,30830,30855,860
1790843220,30855.75,30855.75,30841.75,30846,161
1790843280,30846.5,30851,30844.5,30845.25,92
1790843340,30845.75,30859.25,30842,30858.75,174
1790843400,30856.75,30870.25,30848,30855.5,568
1790843460,30855.75,30860.75,30849,30859.5,233
1790843520,30859.5,30867,30850.75,30851.5,212
1790843580,30851.75,30861,30847.75,30857.25,143
1790843640,30858.75,30869,30856.5,30867,256
1790843700,30865,30872.5,30851,30869.25,336
1790843760,30871,30878.5,30865.5,30868.75,275
1790843820,30867.75,30868.25,30855,30858.25,178
1790843880,30858.25,30864.25,30856.75,30860.25,221
1790843940,30860.5,30869.75,30860.25,30868.75,104
1790844000,30868.75,30876.25,30866.5,30866.5,204
1790844060,30867,30878.5,30866,30874.5,141
1790844120,30874.5,30874.75,30861.75,30869.25,227
1790844180,30869.25,30871.75,30859,30862.75,289
1790844240,30864.5,30865.75,30844.75,30846.75,309
1790844300,30846,30852,30842.5,30852,381
1790844360,30851,30854.5,30847,30854.5,193
1790844420,30854,30859,30841.25,30844.5,180
1790844480,30844,30853,30836.25,30848.5,269
1790844540,30847.75,30848.75,30840,30848,132
1790844600,30849.25,30853.5,30845,30846.5,188
1790844660,30847,30849.75,30831,30831.75,360
1790844720,30830.75,30834,30823,30823.5,326
1790844780,30822.5,30831.75,30818.75,30827,509
1790844840,30826.25,30832,30821.75,30823.5,299
1790844900,30823.75,30828,30816.25,30820,340
1790844960,30819.75,30825.5,30815,30817.75,242
1790845020,30817,30827.25,30813.25,30826,267
1790845080,30827,30827.25,30818.25,30819,235
1790845140,30818.25,30821.75,30814.75,30816.5,161
1790845200,30817.25,30827,30808,30813,538
1790845260,30813.75,30824.5,30809,30822,280
1790845320,30821.75,30832.5,30821.25,30830,340
1790845380,30830.5,30833.5,30828.25,30829.75,233
1790845440,30830.25,30831.75,30820,30820,233
1790845500,30821,30827.25,30816.25,30823,235
1790845560,30823,30832.25,30822.5,30830.5,299
1790845620,30829.25,30850.25,30826.75,30849.75,540
1790845680,30850,30857.75,30844,30854,620
1790845740,30853.5,30853.75,30841.5,30842.5,302
1790845800,30842.75,30849.75,30839,30849.5,243
1790845860,30849.5,30853.5,30843.5,30852,211
1790845920,30852.75,30858,30850.25,30856.75,167
1790845980,30856,30857.5,30844,30846.5,343
1790846040,30846.75,30847.25,30831.5,30832.25,348
1790846100,30832.25,30834.25,30820,30820.75,402
1790846160,30820,30822,30808,30808.75,556
1790846220,30808.5,30814.25,30805.75,30812.5,249
1790846280,30812.75,30822,30810.5,30821.75,286
1790846340,30821.25,30826.25,30815.5,30823,236
1790846400,30821.75,30827.75,30819.25,30827.25,214
1790846460,30827.5,30828.25,30814.25,30817.75,304
1790846520,30818,30831,30817,30827,253
1790846580,30827,30829.25,30816.5,30817.75,231
1790846640,30817.75,30817.75,30806.25,30812.75,311
1790846700,30812,30830.75,30812,30822.75,686
1790846760,30821.5,30828,30809.5,30814.75,420
1790846820,30814.5,30816.25,30790,30802.25,987
1790846880,30801.75,30810,30800.75,30806,552
1790846940,30806.25,30810,30796.25,30797,629
1790847000,30796.5,30830.25,30767.75,30768,8182
1790847060,30768.25,30784,30734.25,30754.75,6045
1790847120,30755.25,30803.5,30752,30796.75,4251
1790847180,30797.5,30856,30793,30825.5,4530
1790847240,30825.75,30832.75,30779.5,30809.75,4586
1790847300,30808.5,30819.5,30754,30770.75,4676
1790847360,30770,30792,30740.5,30788.5,4791
1790847420,30788.25,30832.5,30780.75,30828.5,3804
1790847480,30829,30840,30805.5,30833.25,2703
1790847540,30833.75,30841.25,30796,30802.5,3168
1790847600,30803,30815.75,30790.25,30805,3154
1790847660,30804,30828.75,30770.75,30772.75,3234
1790847720,30772.75,30783.75,30753,30763.25,2517
1790847780,30763.75,30764.75,30745.5,30757.75,2201
1790847840,30756.75,30768,30741.5,30759.75,2166
1790847900,30759.75,30799,30734.5,30744.75,4162
1790847960,30744.5,30759.5,30731,30740.25,2324
1790848020,30740.5,30752.5,30721.5,30724.25,2666
1790848080,30723.75,30751,30713.25,30747,2864
1790848140,30747.5,30755.75,30700.5,30708.5,3211
1790848200,30709.75,30746.25,30706,30742.5,2453
1790848260,30741.75,30745,30703.75,30719,2602
1790848320,30719.75,30770.75,30715,30769.25,2581
1790848380,30769.5,30782.5,30756.5,30780.75,1995
1790848440,30780.75,30790,30767.25,30786,2055
1790848500,30785.5,30800.75,30763,30767.75,2249
1790848560,30766.75,30767.5,30730.25,30752.25,2162
1790848620,30751.75,30770.75,30741.25,30770.25,1640
1790848680,30769.25,30769.75,30751,30754,1211
1790848740,30754.75,30761.5,30742.5,30746,1106
1790848800,30748.5,30754,30677,30677.75,4569
1790848860,30677.5,30681.25,30632.75,30639.25,3893
1790848920,30638.75,30641.25,30609.75,30630,4177
1790848980,30629.5,30640.25,30608.5,30623.75,2989
1790849040,30623.75,30638.75,30618.5,30621.25,2837
1790849100,30623,30634.25,30591.25,30610.5,3895
1790849160,30611,30630.75,30590,30619.5,3934
1790849220,30619,30635.75,30603.5,30625,3410
1790849280,30624.5,30692.25,30623.75,30676.25,4963
1790849340,30675.5,30706,30671.25,30704.75,2497
1790849400,30704.25,30706.75,30682.75,30701,2617
1790849460,30700.75,30701.75,30663.25,30665.25,2287
1790849520,30666,30691.75,30650.75,30651.75,2245
1790849580,30652,30653.5,30624,30637,2406
1790849640,30637.25,30658.25,30633.75,30657.5,1560
1790849700,30657,30670.5,30636,30640,2495
1790849760,30640.25,30656.75,30630.75,30647.75,1802
1790849820,30647,30660,30633.75,30647,2096
1790849880,30647,30647,30618.5,30631.75,2226
1790849940,30631.75,30632.5,30594.25,30623.25,2626
1790850000,30624,30635.5,30601,30615.25,2250
1790850060,30615.75,30639.75,30603.25,30613,2237
1790850120,30612,30621.75,30571.75,30575.5,2683
1790850180,30576,30606.5,30560.75,30600,3016
1790850240,30600.75,30613.25,30589,30600.25,2351
1790850300,30601,30627,30594.5,30614,2487
1790850360,30613.75,30644.25,30606.25,30634,2055
1790850420,30634.25,30644.5,30615.75,30637.25,2204
1790850480,30638.5,30643,30593.75,30616.25,2065
1790850540,30616.5,30635,30616,30619.75,1713
1790850600,30618.5,30643,30605.5,30637.75,3260
1790850660,30638,30638,30601.75,30626,1877
1790850720,30625.5,30650.25,30617.5,30636.75,2328
1790850780,30637.75,30664.5,30636.75,30657,1995
1790850840,30658,30684,30647.75,30683.25,2572
1790850900,30683.25,30686.75,30663.75,30668.25,1871
1790850960,30668.25,30689,30658.25,30686.25,1646
1790851020,30686.5,30697.75,30673.25,30678,1691
1790851080,30678.75,30696.5,30666,30692.25,1624
1790851140,30692.75,30725,30692.75,30717,2391
1790851200,30718,30726.5,30689.75,30697.75,2629
1790851260,30697.75,30700.75,30673.5,30687,2078
1790851320,30685.75,30701.5,30678.5,30694.5,1447
1790851380,30694,30705.5,30682.5,30692.5,1471
1790851440,30693,30695,30666.75,30677.75,1707
1790851500,30680,30709.5,30673.75,30706.75,1832
1790851560,30706.25,30712.75,30677.5,30687.75,1683
1790851620,30687.25,30687.25,30660.5,30663.25,1673
1790851680,30663.5,30672,30654.75,30659.75,1652
1790851740,30660,30689.25,30653,30679.25,2103
1790851800,30680.25,30690.25,30653.75,30665,1809
1790851860,30665,30677,30643,30643.25,1838
1790851920,30644.25,30650,30614.25,30624,2013
1790851980,30624,30648.25,30615,30625.75,2069
1790852040,30625.75,30645.25,30610.25,30640.75,2546
1790852100,30642,30660,30636.5,30643.25,1748
1790852160,30643,30649.75,30627,30636.25,1398
1790852220,30636.25,30643.75,30622.25,30637.75,2167
1790852280,30637.5,30687.75,30622.5,30631.75,3451
1790852340,30632.25,30639.75,30609,30636,1492
1790852400,30635.75,30638.5,30614.75,30619.25,1657
1790852460,30617.75,30621,30586.25,30600,2261
1790852520,30600,30611.75,30592.5,30593,1389
1790852580,30593.5,30602.25,30584.25,30592,1837
1790852640,30590.75,30612,30586.75,30602.75,1396
1790852700,30602.75,30620.75,30592.5,30597.5,1469
1790852760,30598.25,30600,30588.5,30594,954
1790852820,30594.5,30607.25,30577,30578.25,1626
1790852880,30577.75,30580,30548.75,30558.25,2954
1790852940,30558.25,30575.25,30555.25,30555.5,1788
1790853000,30555,30556,30536,30547.75,2846
1790853060,30547.75,30573.5,30529.25,30564.5,2247
1790853120,30564,30570,30556.5,30566,1360
1790853180,30565.5,30590.75,30565.5,30585.25,1734
1790853240,30585.25,30619,30580.75,30618.25,1909
1790853300,30617.75,30629.75,30601.75,30620,1770
1790853360,30620.75,30638.25,30620.25,30632.75,1506
1790853420,30632.75,30664.5,30629,30663,2061
1790853480,30663,30666.25,30639.25,30640.25,1619
1790853540,30640.75,30662.5,30637.75,30654,1606
1790853600,30655,30673,30635.5,30636.5,2797
1790853660,30637,30649.5,30624.5,30643,1739
1790853720,30643,30645.25,30630,30636.5,1171
1790853780,30636.25,30645.25,30632,30639.75,899
1790853840,30638.5,30653,30636.5,30642.75,817
1790853900,30643.25,30661.5,30640.5,30653.5,1218
1790853960,30652.75,30665,30642.25,30664.5,1033
1790854020,30664.5,30673,30660.75,30666,1125
1790854080,30666.5,30680.5,30645.5,30646.25,1728
1790854140,30646.5,30650.75,30632.5,30634,1549
1790854200,30634.75,30637.25,30619.5,30626.25,2117
1790854260,30626.5,30627,30608.5,30614.5,1592
1790854320,30614.75,30615,30597.75,30597.75,1531
1790854380,30598,30618,30595.25,30599.25,1500
1790854440,30599.75,30604.25,30571,30571.25,2154
1790854500,30571.25,30575,30557,30558.25,1943
1790854560,30557.75,30581.75,30554.5,30579,2296
1790854620,30579.5,30587.75,30574,30586.25,1483
1790854680,30586,30612,30583.5,30605.75,2015
1790854740,30606.25,30627.25,30601.75,30602.75,1585
1790854800,30603,30618.25,30590.75,30592.25,1527
1790854860,30591.5,30598.5,30565.75,30568.75,2041
1790854920,30570,30583.75,30563.75,30581.5,1345
1790854980,30580.75,30580.75,30550,30554.75,1461
1790855040,30554.75,30568.5,30544.25,30568.25,1789
1790855100,30568,30571.75,30554.75,30569.75,1354
1790855160,30569.25,30576,30558.25,30560.5,1237
1790855220,30561.25,30577,30557.75,30571.75,1112
1790855280,30573,30588,30562.25,30585.25,1941
1790855340,30585.75,30593,30574.25,30586.75,983
1790855400,30587,30590.75,30566.5,30568.75,1414
1790855460,30569,30570,30549,30551.75,1689
1790855520,30551.25,30564.25,30546.25,30561.5,1248
1790855580,30560.75,30560.75,30543.5,30555.5,1368
1790855640,30555.5,30581.25,30552.25,30572.5,1492
1790855700,30571.75,30601.25,30569.75,30601,1463
1790855760,30601.75,30633.5,30590.5,30611.25,3199
1790855820,30611.25,30630.5,30603.25,30615.25,1424
1790855880,30615.75,30618,30592,30600.25,1403
1790855940,30600,30612.75,30595.5,30611.5,903
1790856000,30612.5,30614.25,30580,30611.5,1712
1790856060,30611.5,30621.75,30609.5,30613.75,1186
1790856120,30613.75,30627.75,30606.75,30626.25,1510
1790856180,30626.5,30637,30624.75,30626.75,1270
1790856240,30627.5,30636.5,30620.75,30625.5,1004
1790856300,30624,30626.75,30602.5,30604.75,1387
1790856360,30604.75,30639,30598.25,30634.75,1244
1790856420,30635.5,30640.75,30617,30618.5,767
1790856480,30617.75,30641,30617.75,30629,854
1790856540,30629.25,30630.5,30613.75,30624,686
1790856600,30623.5,30641.5,30622.75,30631,913
1790856660,30631.75,30638,30628,30629,1454
1790856720,30628.25,30633.5,30606.5,30612.75,946
1790856780,30612.75,30613.5,30597.5,30599.75,707
1790856840,30600.75,30602.25,30592.25,30598.5,677
1790856900,30599,30610.5,30593,30605.75,924
1790856960,30606.25,30620,30600.25,30618.5,789
1790857020,30618.25,30642.25,30609.5,30638.75,1194
1790857080,30639.25,30644,30627.75,30629,1104
1790857140,30629,30629.75,30613.5,30617.5,750
1790857200,30617.25,30620,30602.5,30613.5,740
1790857260,30614.25,30619.25,30610.25,30613.75,367
1790857320,30613.75,30621.75,30610,30619,565
1790857380,30619.25,30619.5,30605.75,30619.5,645
1790857440,30618.75,30637.5,30615,30632.25,859
1790857500,30632.25,30634.5,30621.25,30629.5,736
1790857560,30629.25,30634,30621.25,30621.5,496
1790857620,30621.75,30637.75,30619.5,30634,672
1790857680,30635.5,30636.25,30618,30623.5,654
1790857740,30623.25,30623.25,30609.25,30611.5,754
1790857800,30610.75,30633.75,30606.75,30629.75,998
1790857860,30630.75,30643.25,30630.75,30640.75,797
1790857920,30640.75,30659,30638.5,30655.75,944
1790857980,30655.75,30659.5,30651.75,30653.25,1188
1790858040,30653.25,30661.25,30646.75,30656.75,702
1790858100,30656.5,30663,30653.75,30660.25,640
1790858160,30660.5,30663.75,30651.5,30663.5,738
1790858220,30663.75,30673.75,30648.75,30649.75,897
1790858280,30649.5,30649.5,30625,30634,1162
1790858340,30633.5,30639,30624.75,30629.25,738
1790858400,30629.75,30641.25,30627,30637,644
1790858460,30636.5,30636.5,30621.25,30623.25,652
1790858520,30622.5,30638.25,30614.25,30632.25,849
1790858580,30633,30649.25,30631.75,30643,818
1790858640,30643,30644.5,30631.25,30640.25,456
1790858700,30639.5,30648.25,30634.5,30642.5,520
1790858760,30642,30648,30637.75,30643.5,494
1790858820,30643.75,30650.5,30638,30646.5,511
1790858880,30646,30660.75,30643.25,30648,666
1790858940,30648.5,30649.5,30638.25,30642.5,595
1790859000,30642,30649.75,30628.75,30635.5,919
1790859060,30636,30638.25,30611.25,30616.25,938
1790859120,30617,30621.25,30613,30619.5,695
1790859180,30621,30623.25,30603,30605.25,850
1790859240,30604,30604.25,30587.5,30592,1214
1790859300,30591.5,30597,30569.25,30570,1526
1790859360,30570.25,30574,30555.75,30566.75,1862
1790859420,30566.5,30580.75,30564.25,30579.75,1322
1790859480,30580,30584,30573,30583.25,635
1790859540,30583,30599,30581,30595.25,782
1790859600,30595.25,30602.75,30589,30594,967
1790859660,30592.75,30607.75,30589.75,30607.75,1171
1790859720,30607.75,30637.25,30607,30634.75,1249
1790859780,30634.5,30637.5,30620,30623.75,826
1790859840,30624,30644.25,30617.75,30641.25,866
1790859900,30641.5,30651.75,30639.25,30648,898
1790859960,30646,30657.25,30643.25,30648.25,981
1790860020,30648.25,30652,30642.25,30649.5,686
1790860080,30649.25,30656.75,30644.25,30647,604
1790860140,30646.75,30647.5,30635.75,30642.25,762
1790860200,30642.5,30652.5,30640,30649.25,817
1790860260,30649.5,30665.5,30648.5,30663.75,992
1790860320,30664.5,30674.25,30658.75,30660.5,988
1790860380,30660.25,30675.25,30655.5,30672.75,806
1790860440,30673.5,30684,30661.75,30663,960
1790860500,30662.75,30673,30659.25,30669.75,828
1790860560,30670.25,30678,30666.75,30676.5,601
1790860620,30676.5,30689.25,30675,30687,832
1790860680,30687.5,30693.25,30683.25,30692.5,813
1790860740,30693.5,30710.75,30693.5,30703.25,1827
1790860800,30702.75,30729.25,30702,30725,1568
1790860860,30725.75,30729.75,30714,30728.5,1152
1790860920,30728.75,30751.75,30725,30751.25,1370
1790860980,30751.5,30762.25,30747,30759.75,1621
1790861040,30759.75,30784,30752.75,30782.75,2278
1790861100,30782.75,30804.75,30780.5,30788.25,3574
1790861160,30788.5,30789,30771.25,30786.5,1802
1790861220,30786.5,30795.5,30777.5,30791.75,1406
1790861280,30792.25,30802.75,30787.75,30794.5,1705
1790861340,30795,30807.25,30784.5,30799,1666
1790861400,30798.5,30866.5,30798,30843,7358
1790861460,30843.25,30857,30834.25,30852.5,3195
1790861520,30852,30862,30823.25,30831.75,2404
1790861580,30830.75,30846,30827.5,30838,1569
1790861640,30838,30850.5,30833.75,30843,1444
1790861700,30843.75,30845.25,30819,30820,1431
1790861760,30820.75,30834.75,30813.75,30833.25,1392
1790861820,30832.75,30835.25,30820.5,30825.25,931
1790861880,30826.25,30833,30815.5,30824.75,1101
1790861940,30824.5,30830,30818.75,30820,656
1790862000,30820.25,30829,30811.5,30824.5,1072
1790862060,30823.25,30827.25,30811.25,30826,1076
1790862120,30825,30840,30824.25,30839,1252
1790862180,30839,30846,30834.5,30837.25,1189
1790862240,30837.5,30850.25,30835.5,30849.5,841
1790862300,30849.5,30869,30846,30868,1982
1790862360,30867.75,30878.5,30852.75,30876,2020
1790862420,30876.25,30883.5,30859.5,30862.25,1632
1790862480,30861.5,30863,30847.5,30852,1038
1790862540,30851.75,30861,30842.5,30843.5,1056
1790862600,30843.75,30848.25,30829.25,30831.5,1566
1790862660,30831.5,30843.25,30827.75,30840,831
1790862720,30839.5,30853,30837.25,30851.25,883
1790862780,30851.25,30851.25,30841.25,30845.25,576
1790862840,30845.25,30848.75,30804.75,30807.75,4104
1790862900,30808.5,30823,30795,30813,2784
1790862960,30813.5,30824.5,30788,30802,2050
1790863020,30802,30802.5,30778.75,30781.25,1935
1790863080,30781.75,30795.5,30781.75,30786,1228
1790863140,30786,30799.5,30775,30794.75,1664
1790863200,30794.75,30803.75,30765.5,30771,2567
1790863260,30771,30784,30758.75,30783.5,2203
1790863320,30782.5,30787,30774.25,30784.75,1569
1790863380,30785.25,30791.75,30766.75,30768,1273
1790863440,30768.25,30773.75,30752,30759.25,1248
1790863500,30758.5,30761.75,30726.25,30730,2013
1790863560,30730.5,30733.5,30707,30710.5,1877
1790863620,30710.75,30723.5,30705,30722.5,1638
1790863680,30721.75,30726,30707.5,30710,1104
1790863740,30710,30727.25,30706.5,30717.75,1272
1790863800,30718.25,30730,30706.75,30714.5,1344
1790863860,30714.75,30725,30712.5,30716.25,1142
1790863920,30716.75,30736.75,30715.5,30735.75,1598
1790863980,30735,30762.75,30734.25,30755.75,2118
1790864040,30756,30756,30732.75,30741,995
1790864100,30741.5,30759.25,30738.25,30740.25,1336
1790864160,30740.75,30747.75,30733.5,30739.25,775
1790864220,30738.75,30747.5,30737,30744.5,515
1790864280,30744.25,30772.75,30743.75,30769.75,1040
1790864340,30769.25,30769.25,30746.75,30748.75,1021
1790864400,30748.5,30751.25,30739,30746.75,655
1790864460,30747.25,30756,30746,30755,500
1790864520,30753.75,30760.5,30732.75,30756,1891
1790864580,30755.5,30793,30753,30790.5,3468
1790864640,30790.75,30798.5,30781.5,30783.25,1410
1790864700,30783,30791.25,30771.5,30789,966
1790864760,30789.25,30795,30779,30784.25,858
1790864820,30784.5,30785.5,30775.25,30784.25,690
1790864880,30784.5,30803.5,30783,30794,961
1790864940,30793.75,30809,30792.5,30800.5,1191
1790865000,30800.75,30807.5,30782.25,30786,1094
1790865060,30785.5,30791.25,30782.5,30782.5,478
1790865120,30782.75,30801,30778.75,30795.75,626
1790865180,30796.5,30806.75,30796,30806.25,602
1790865240,30806,30839.25,30800.75,30836.75,2599
1790865300,30837,30841.75,30824.25,30830.75,1849
1790865360,30830.75,30831.5,30817.25,30830,884
1790865420,30829.75,30830.25,30813,30815.25,650
1790865480,30814.75,30816.25,30802.25,30805.5,624
1790865540,30804.5,30814.5,30804.5,30811.25,490
1790865600,30811.25,30814,30803.75,30808.5,431
1790865660,30809,30816.75,30806,30808.5,446
1790865720,30808,30810.75,30794.75,30800.75,817
1790865780,30800.5,30800.75,30792.5,30795.75,540
1790865840,30796.25,30807.25,30795.25,30806.5,467
1790865900,30807,30810.25,30801,30805,407
1790865960,30805.25,30814.75,30801.75,30813,455
1790866020,30813.5,30819.25,30812.75,30817.75,556
1790866080,30817.75,30818.25,30813,30815,355
1790866140,30815.5,30821.25,30813.5,30816.25,466
1790866200,30817.5,30823.5,30812,30814.75,751
1790866260,30814.25,30815.25,30806,30813,536
1790866320,30813.25,30824.25,30813,30819.25,622
1790866380,30819,30827,30818.5,30826,496
1790866440,30826.25,30831.25,30820.5,30822.25,635
1790866500,30822.5,30828,30815.5,30826.75,915
1790866560,30826,30832.25,30822.75,30825.25,482
1790866620,30825.5,30828.75,30819.5,30824.25,387
1790866680,30824,30834.75,30823,30834.5,1065
1790866740,30834.5,30841.25,30829.75,30839.75,1185
1790866800,30840.5,30850.75,30829.75,30831.25,1575
1790866860,30830.75,30832,30819,30820.25,768
1790866920,30820,30824,30810.5,30811.5,669
1790866980,30811.5,30812,30799,30802,1070
1790867040,30802,30811.5,30796.5,30811,815
1790867100,30811,30813.75,30806.5,30808.5,687
1790867160,30808.75,30808.75,30795.25,30798.75,535
1790867220,30799.25,30807.5,30794.75,30805.25,515
1790867280,30805,30811.75,30803.5,30810,413
1790867340,30810.25,30815,30807.25,30813.25,365
1790867400,30813.5,30823,30809.75,30810,605
1790867460,30810,30813,30802.5,30806,466
1790867520,30808,30808.75,30801.25,30801.25,276
1790867580,30801.75,30804.5,30797,30802.5,440
1790867640,30802.75,30802.75,30796.75,30800,300
1790867700,30800,30804.75,30794,30802.25,559
1790867760,30802.25,30804.75,30797,30799.25,372
1790867820,30799.5,30801,30786.75,30789.5,461
1790867880,30789.75,30797.5,30788,30797.25,421
1790867940,30797,30807,30796.75,30803.5,477
1790868000,30804,30805.5,30795,30803.75,343
1790868060,30804,30811.75,30803.25,30807.25,408
1790868120,30807,30808.25,30801.25,30802.75,359
1790868180,30803,30807.75,30800,30803,215
1790868240,30803,30806.25,30791.5,30793.5,467
1790868300,30794,30802,30792.5,30802,440
1790868360,30802.75,30808.25,30801.25,30803.25,365
1790868420,30802.5,30803.25,30794.75,30797.75,367
1790868480,30798,30808,30797.75,30807,333
1790868540,30806.25,30808.75,30800,30804,416
1790868600,30804.25,30813.5,30802,30808.5,827
1790868660,30808.5,30825.25,30808.5,30814,1010
1790868720,30814,30815.5,30803.5,30808.75,704
1790868780,30808.75,30809.75,30802.5,30804.75,424
1790868840,30805,30806.5,30788.25,30796.25,721
1790868900,30796,30800,30789.75,30795.5,551
1790868960,30794.75,30794.75,30788,30791,574
1790869020,30791.5,30799,30789.75,30796.25,387
1790869080,30796.75,30810,30796.75,30808.75,477
1790869140,30809.25,30817.5,30807.75,30812.25,485
1790869200,30812.5,30820.75,30809.5,30820,551
1790869260,30821,30826,30817.5,30820,483
1790869320,30820,30821.75,30809.5,30809.5,594
1790869380,30810.25,30817.5,30807.5,30814,515
1790869440,30814.5,30814.75,30809.75,30810,270
1790869500,30809.5,30822.5,30806.5,30821.5,873
1790869560,30821.5,30835,30818.25,30830.25,1041
1790869620,30830.25,30831.5,30818.5,30821,493
1790869680,30820.25,30825.25,30819.75,30824,388
1790869740,30824,30827.5,30822.5,30826.25,585
1790869800,30826,30851,30822.75,30843.5,2229
1790869860,30843,30856.5,30841.75,30843.25,1506
1790869920,30843,30847.5,30832.25,30836.5,1257
1790869980,30836.25,30840.75,30827.75,30828.25,888
1790870040,30828,30835,30800.25,30803.25,2282
1790870100,30803,30803.25,30774,30784.25,3059
1790870160,30783.75,30788.25,30774,30780.5,1170
1790870220,30780.5,30788.25,30779.5,30782.75,1101
1790870280,30782.75,30784,30765.75,30768.25,1850
1790870340,30768.75,30777.5,30747.75,30772.75,10070
1790870400,30772.75,30794.5,30769,30793.5,2575
1790870460,30793.5,30802.75,30791.5,30799.75,904
1790870520,30799.5,30799.5,30786,30789.25,523
1790870580,30789.5,30790,30784,30784.25,259
1790870640,30785,30789.25,30776.75,30789,724
1790870700,30789.5,30796.75,30787.5,30794.25,388
1790870760,30794,30798,30788,30796.75,321
1790870820,30797,30799.5,30788.25,30793,183
1790870880,30793.5,30796.75,30793,30795,180
1790870940,30795,30807,30794.5,30801.25,454
1790871000,30800.75,30800.75,30789.25,30791,381
1790871060,30791,30793.5,30788.75,30790.75,140
1790871120,30790.75,30791.25,30787.25,30790.75,206
1790871180,30791.25,30810,30791,30807.5,409
1790871240,30808.25,30814,30804.75,30809.25,355
1790871300,30809.25,30812.75,30808.25,30809.25,150
1790871360,30810,30813.75,30808.25,30813,211
1790871420,30812.5,30815.75,30809.75,30810.25,152
1790871480,30810.5,30814.75,30808.75,30809.25,101
1790871540,30809.75,30810.75,30803,30807.75,164
1790871600,30808,30809.25,30804.5,30806,142
1790871660,30807,30807.75,30801.5,30805.5,99
1790871720,30805.25,30806.25,30800.25,30802.75,133
1790871780,30803,30807.25,30802.5,30804.5,86
1790871840,30804.75,30804.75,30798.5,30799.75,86
1790871900,30799.75,30803.25,30799.75,30801.75,68
1790871960,30802.25,30802.25,30796.5,30797.25,77
1790872020,30797.5,30800,30797.25,30797.25,84
1790872080,30797.75,30800,30796.5,30796.75,57
1790872140,30796.5,30801,30795.5,30799.75,58
1790872200,30799.5,30800.5,30798,30798.5,101
1790872260,30798.25,30799.75,30797.5,30798,67
1790872320,30797.75,30801.75,30797.25,30800,148
1790872380,30799.75,30801,30797.25,30797.25,32
1790872440,30798,30798,30792.5,30795.25,84
1790872500,30796,30796.25,30789.75,30790,184
1790872560,30790.25,30791.5,30785,30786,133
1790872620,30786,30787,30782.5,30785.5,343
1790872680,30786,30786,30779,30784,132
1790872740,30783.75,30788.25,30782,30783,114
1790872800,30783,30784.5,30780.5,30781,137
1790872860,30780.75,30784.5,30780.25,30782.5,61
1790872920,30783.5,30786.5,30782,30784,65
1790872980,30784.25,30784.5,30781.5,30781.5,92
1790873040,30782,30783,30780,30781.25,104
1790873100,30781.25,30783,30779.25,30779.25,125
1790873160,30779,30781.5,30774.75,30775.75,143
1790873220,30776.5,30778.75,30775.5,30776,93
1790873280,30775.75,30776,30774.25,30775.5,54
1790873340,30775.75,30780,30775.75,30779.25,92
1790873400,30779.5,30788.5,30778.75,30787.75,268
1790873460,30787.75,30788,30780.5,30781,98
1790873520,30780.25,30780.25,30777,30778.75,69
1790873580,30779,30779.25,30774,30775.25,79
1790873640,30774.25,30775.75,30772.25,30773,126
1790873700,30773,30773.25,30771,30771,108
1790873760,30771.5,30771.75,30762,30768.5,242
1790873820,30768,30771.5,30767.75,30771.5,106
1790873880,30771.25,30775,30771.25,30773.25,88
1790873940,30773,30773,30768,30771.25,89
1790877600,30771.25,30786.75,30760.25,30780.75,272
1790877660,30781.5,30788,30778.75,30786,93
1790877720,30786.75,30790,30777.25,30787,170
1790877780,30785.5,30790,30778,30778,105
1790877840,30777,30789.5,30772,30785.75,118
1790877900,30784.25,30800,30784.25,30794,211
1790877960,30795.75,30801,30795.5,30799.5,97
1790878020,30799.5,30810.25,30799.5,30803.75,202
1790878080,30805,30806.25,30801.25,30806.25,58
1790878140,30808,30808,30786,30796.75,279
1790878200,30797.75,30803.5,30795.75,30800.75,67
1790878260,30799.75,30800.5,30793.75,30795.75,41
1790878320,30795.5,30802.75,30789.75,30800.25,140
1790878380,30799,30800.75,30791,30794,28
1790878440,30797,30797.75,30785.25,30791.75,74
1790878500,30791.25,30791.25,30780.5,30784.25,118
1790878560,30785,30786.5,30781.5,30783,23
1790878620,30783.75,30788.25,30782.75,30788,42
1790878680,30788,30788.75,30785.25,30787.25,30
1790878740,30790,30793.5,30787.75,30789,62
1790878800,30789,30791.5,30787.5,30789.25,30
1790878860,30789.75,30790,30786.25,30787.5,18
1790878920,30788,30788.5,30783.25,30785,40
1790878980,30784.75,30786.75,30776.75,30782.25,123
1790879040,30782,30784.25,30781.25,30782,30
1790879100,30783,30791.25,30781.5,30788,81
1790879160,30787.5,30788.75,30785.75,30788.5,20
1790879220,30786.25,30789.5,30786.25,30788.75,6
1790879280,30788.25,30788.5,30787.25,30787.25,10
1790879340,30786,30790.25,30785.75,30788.75,24
1790879400,30790,30799.5,30788.75,30799.5,95
1790879460,30798,30799.25,30793.5,30797,71
1790879520,30797.5,30807,30795.75,30807,126
1790879580,30807,30808,30799.25,30801.75,66
1790879640,30800.75,30805.25,30799.5,30800.75,44
1790879700,30800.75,30804.5,30798.75,30802,70
1790879760,30802.25,30805.75,30800.75,30802.25,34
1790879820,30804,30807.25,30803.5,30805.75,15
1790879880,30805.5,30807.5,30804.5,30805.75,30
1790879940,30804.5,30805,30801.5,30801.5,50
1790880000,30801,30804,30800.25,30800.25,21
1790880060,30800.75,30803.75,30800.75,30802.75,40
1790880120,30802.75,30802.75,30800.25,30800.75,29
1790880180,30800.75,30802.5,30795,30799.25,71
1790880240,30799,30800,30797.75,30800,19
1790880300,30800,30800.5,30797.75,30800,26
1790880360,30799.25,30805.5,30799.25,30802.75,65
1790880420,30801,30801.75,30795.75,30797.75,49
1790880480,30798.5,30802.25,30796.25,30797.5,53
1790880540,30797.5,30798,30796,30798,18
1790880600,30797,30800.75,30797,30798.25,43
1790880660,30798.25,30802,30798.25,30802,17
1790880720,30801,30811.25,30801,30806,99
1790880780,30806.5,30815.25,30806.5,30813.5,145
1790880840,30814.25,30820,30813.5,30819.25,158
1790880900,30819.5,30828,30816.25,30826.75,429
1790880960,30827.25,30830.75,30825.75,30827.75,135
1790881020,30827.25,30827.25,30821.75,30825,158
1790881080,30824,30835.75,30824,30829.25,105
1790881140,30829.25,30835.75,30828.25,30830.5,157
1790881200,30829.75,30831,30818.25,30825.75,188
1790881260,30828,30829,30824.25,30825.75,30
1790881320,30826.75,30836.25,30825.5,30836,93
1790881380,30835,30848.25,30833.5,30846,221
1790881440,30844.5,30852.25,30844,30845.5,170
1790881500,30846.75,30849,30838.75,30843,128
1790881560,30842.75,30845.5,30831.75,30836,232
1790881620,30837,30842,30834,30834.25,92
1790881680,30834.25,30843,30833.75,30840,49
1790881740,30839.75,30842.25,30836.75,30840.5,41
1790881800,30841.75,30843.75,30838.25,30840.25,37
1790881860,30840.75,30840.75,30836.75,30839,64
1790881920,30840,30840,30836.25,30838.25,26
1790881980,30839,30842,30838.25,30841.25,21
1790882040,30842.5,30850.75,30842.5,30849.75,127
1790882100,30849.5,30849.75,30842.25,30844.25,65
1790882160,30844.25,30849,30844.25,30846.5,44
1790882220,30848.25,30848.25,30846.25,30847.5,23
1790882280,30846,30854.75,30846,30848.5,85
1790882340,30849.5,30851.25,30846.75,30850,51
1790882400,30849.5,30849.75,30846.25,30846.75,28
1790882460,30846.25,30846.25,30841.25,30843,84
1790882520,30842.25,30845.75,30837,30837.25,93
1790882580,30837.75,30840.25,30834,30836.25,83
1790882640,30836.25,30838,30833.5,30838,24
1790882700,30837.75,30842.75,30837.75,30842.75,39
1790882760,30841.75,30843.25,30837,30838.25,58
1790882820,30838,30840.25,30836.75,30839.5,24
1790882880,30839,30839.25,30835.25,30837.75,51
1790882940,30838,30838.75,30836.5,30836.5,12
1790883000,30838.75,30839.75,30834.25,30835,39
1790883060,30834,30834,30817,30819,279
1790883120,30820.5,30820.5,30811.75,30813,163
1790883180,30812,30819.75,30805.5,30819.75,204
1790883240,30819.5,30821.75,30817.25,30819.75,73
1790883300,30819,30825.25,30818.5,30821.25,50
1790883360,30820.5,30820.5,30812,30813.25,76
1790883420,30812.75,30814,30805,30809.75,94
1790883480,30808.5,30811.5,30806.75,30809.25,38
1790883540,30810,30810.25,30805.25,30808.25,38
1790883600,30806.5,30807.25,30797.75,30803.25,117
1790883660,30803.5,30805.75,30802.5,30803.75,16
1790883720,30805.25,30812,30804,30812,54
1790883780,30811,30814.5,30809,30813,50
1790883840,30812.75,30820.75,30812.5,30817.75,102
1790883900,30816.5,30820.25,30803.25,30811.5,173
1790883960,30811.75,30813,30806.5,30810,66
1790884020,30810.75,30811.25,30806.75,30807,44
1790884080,30806.75,30811.25,30806,30808,39
1790884140,30808.5,30822,30808.5,30821.25,96
1790884200,30821,30828.75,30819,30821,176
1790884260,30822.25,30832.25,30818.5,30830,113
1790884320,30830.75,30833,30825.75,30828.25,60
1790884380,30828.75,30843.75,30828.75,30842.75,164
1790884440,30841.75,30844.25,30830.75,30831,92
1790884500,30834.75,30837.75,30828.25,30835.25,67
1790884560,30834.5,30840.25,30834.5,30838.5,75
1790884620,30839.5,30841.75,30838,30841,51
1790884680,30840,30841.75,30837,30837,41
1790884740,30839,30843,30836.25,30840.25,41
1790884800,30839,30840.5,30817.25,30826,372
1790884860,30826,30831,30820,30825.5,144
1790884920,30827.5,30830,30819.75,30827.5,96
1790884980,30827.75,30833.75,30816.25,30825.5,214
1790885040,30828.5,30830.75,30820,30829.25,104
1790885100,30829.75,30834,30819.25,30832.5,172
1790885160,30831,30831.75,30822.5,30828.75,95
1790885220,30824.75,30829.75,30820.5,30825.25,62
1790885280,30824,30824,30811.5,30814.25,126
1790885340,30813.75,30820.75,30810,30814,133
1790885400,30816.25,30846,30816.25,30837.5,528
1790885460,30837.75,30852,30837.75,30847.25,248
1790885520,30847,30856.5,30846,30854,244
1790885580,30852.75,30860.75,30847.75,30850.5,264
1790885640,30850.75,30855,30847,30848.5,115
1790885700,30848.5,30868.75,30841.75,30867.75,518
1790885760,30867.75,30870,30857.5,30861,341
1790885820,30861,30871.75,30860.75,30866,207
1790885880,30864,30879.5,30861.5,30878.5,291
1790885940,30878.5,30892.25,30878.5,30885.75,536
1790886000,30885.25,30899.5,30884.25,30898.75,385
1790886060,30897.75,30908,30896,30902,720
1790886120,30902.75,30903,30897.5,30903,200
1790886180,30903.75,30920,30903.75,30914.5,464
1790886240,30914,30917.5,30906,30909.75,199
1790886300,30907.25,30907.25,30890.75,30892,310
1790886360,30891.75,30892.5,30870,30876.25,350
1790886420,30873.25,30875.75,30851.25,30854.5,432
1790886480,30853.5,30856,30843.5,30848.5,287
1790886540,30847.5,30849.5,30842.75,30844.5,81
1790886600,30843.75,30852.5,30837.75,30844.25,313
1790886660,30842.25,30854.25,30841.5,30848.25,208
1790886720,30847.75,30853.25,30844,30851.75,103
1790886780,30849,30854,30846,30847.5,70
1790886840,30847,30863.25,30840.75,30859.75,214
1790886900,30860.5,30862,30850,30857.75,120
1790886960,30858.25,30866.75,30858.25,30858.25,209
1790887020,30857.75,30861.5,30853.25,30858.75,77
1790887080,30855.5,30856.75,30840.25,30844.75,174
1790887140,30844.25,30850.5,30841,30843.25,106
1790887200,30841.75,30848.5,30841,30843,90
1790887260,30842.75,30842.75,30826.75,30828.25,273
1790887320,30827.5,30839.75,30824.75,30839.25,161
1790887380,30839.5,30846.5,30839,30845,94
1790887440,30845.75,30849.75,30838.75,30838.75,86
1790887500,30840,30844.5,30834.25,30843.75,78
1790887560,30843.25,30847,30837.75,30843.75,71
1790887620,30839.5,30846.5,30837,30846.5,74
1790887680,30846,30852.75,30844.25,30847,188
1790887740,30849.25,30851.25,30844.75,30844.75,45
1790887800,30844,30847.5,30837.5,30838,110
1790887860,30838.25,30845.25,30837,30844,57
1790887920,30842,30858.75,30839,30858,110
1790887980,30858.75,30864,30855,30859.75,131
1790888040,30859.25,30860,30849.75,30851.75,71
1790888100,30853.5,30859.5,30847.25,30849.75,111
1790888160,30849.5,30854,30845.5,30850.5,71
1790888220,30851.5,30857.5,30843.5,30856.5,121
1790888280,30856,30857.75,30851.75,30855.5,40
1790888340,30854.5,30855.75,30839.75,30844.75,181
1790888400,30845,30848,30841.75,30841.75,92
1790888460,30841.5,30854.25,30838.5,30840.75,151
1790888520,30840.5,30843.75,30831,30834.25,158
1790888580,30836.25,30839.5,30827.25,30835.75,158
1790888640,30835.5,30839.25,30829,30829,52
1790888700,30828.5,30838,30825.25,30836,100
1790888760,30835.5,30838.75,30828.25,30828.75,89
1790888820,30829.5,30833.5,30825,30829,92
1790888880,30829.25,30838.25,30828.75,30838.25,55
1790888940,30838.75,30841.5,30830.5,30839.5,100
1790889000,30838.5,30839,30826.25,30836.25,104
1790889060,30836.5,30836.5,30823,30829.25,110
1790889120,30831,30840,30830.75,30837.5,69
1790889180,30832.5,30839,30832,30838.75,28
1790889240,30839.5,30843.5,30837.5,30841.75,84
1790889300,30842,30842,30822.5,30829.25,138
1790889360,30829.75,30835,30826.5,30833.5,60
1790889420,30833.75,30843,30832.25,30841.5,71
1790889480,30841.5,30847.75,30836,30844.75,114
1790889540,30843.5,30843.5,30827.5,30828,73
1790889600,30827.75,30829.5,30812.75,30814.25,285
1790889660,30814.25,30818.75,30806.25,30811.25,220
1790889720,30810,30821,30804,30819.5,216
1790889780,30820,30836.25,30818.75,30825.75,179
1790889840,30824.25,30836.75,30822.25,30835.75,74
1790889900,30836,30837.5,30818.25,30819.75,133
1790889960,30819.5,30820,30812.25,30814.25,105
1790890020,30816,30817.25,30812.75,30815,45
1790890080,30814.25,30818.5,30814.25,30816.5,41
1790890140,30816.75,30826.5,30815.25,30821,91
1790890200,30821.5,30828.5,30815.5,30819.5,89
1790890260,30818.5,30821.5,30813.5,30817.75,49
1790890320,30816,30816.5,30803.25,30806.25,93
1790890380,30807.5,30821.25,30805.25,30819.75,83
1790890440,30821,30825.5,30807,30807.25,54
1790890500,30807,30816,30802.5,30806.5,142
1790890560,30807.75,30810,30800,30801.5,196
1790890620,30800.25,30802.5,30791.5,30794.5,259
1790890680,30794.5,30802.25,30794,30800.75,110
1790890740,30802.5,30807,30798.75,30806.25,74
1790890800,30804.75,30808.25,30799.75,30808,81
1790890860,30807,30809,30798,30805,111
1790890920,30806.5,30809.5,30796.75,30799.25,72
1790890980,30798.25,30809.5,30798.25,30805.75,58
1790891040,30806.75,30812.5,30806.75,30809.5,81
1790891100,30809,30816.25,30805.75,30811.5,139
1790891160,30813,30816.25,30811,30813.5,49
1790891220,30811.25,30820,30811.25,30816.75,48
1790891280,30815.5,30819.5,30813,30813,55
1790891340,30815.75,30819.5,30815.5,30815.75,42
1790891400,30815,30838.25,30813.5,30834.75,254
1790891460,30835.25,30852,30831.5,30850.25,243
1790891520,30849,30862,30847.25,30854.75,295
1790891580,30856.75,30859,30853,30853,128
1790891640,30853,30853,30842.25,30850,169
1790891700,30846,30851.5,30833.75,30851.5,163
1790891760,30851.25,30860.75,30849.75,30860.25,193
1790891820,30859.75,30862.25,30853.5,30857.25,89
1790891880,30858,30863,30856,30858.75,80
1790891940,30859,30866,30859,30864.5,97
1790892000,30864.75,30869,30856,30861.5,161
1790892060,30861.25,30864,30855.75,30856,101
1790892120,30855,30863.75,30852,30860.5,101
1790892180,30861.5,30864,30853.75,30855.25,46
1790892240,30857.75,30866.75,30855,30865.5,64
1790892300,30864.25,30864.5,30855.75,30855.75,51
1790892360,30856.25,30860.5,30855.75,30858.25,46
1790892420,30858,30858.25,30847.5,30849.25,81
1790892480,30849.75,30860,30845.25,30857,83
1790892540,30857.5,30857.5,30845,30851.25,100
1790892600,30849.25,30856.5,30849,30855.75,39
1790892660,30857,30857.5,30842.75,30843.75,196
1790892720,30844,30851.5,30842.75,30847.75,68
1790892780,30848.25,30865.25,30848.25,30862.75,72
1790892840,30863.75,30865.75,30860.75,30863.25,75
1790892900,30862.25,30870.25,30859.5,30869.5,134
1790892960,30869,30884.75,30867.5,30882.5,273
1790893020,30882.5,30882.5,30870.25,30873.25,178
1790893080,30873.25,30873.5,30865,30868.25,163
1790893140,30867.75,30875.75,30865,30866,100
1790893200,30866,30869.5,30862,30868.75,78
1790893260,30868,30869.25,30855,30860,143
1790893320,30859,30862,30854.75,30858.25,100
1790893380,30858.25,30858.25,30853,30856.25,43
1790893440,30856.5,30856.5,30848.25,30849.75,80
1790893500,30850.25,30856.25,30850.25,30856,29
1790893560,30856.75,30866.75,30856.75,30864.25,112
1790893620,30862.75,30872.75,30862,30870.75,152
1790893680,30870.75,30872.25,30864.5,30865,52
1790893740,30865.5,30867.5,30862.5,30864,21
1790893800,30865.5,30867,30860,30863,60
1790893860,30862.75,30869,30860.75,30862.75,42
1790893920,30862.25,30865.25,30855.75,30865.25,47
1790893980,30863.5,30867.5,30863.5,30866.75,20
1790894040,30866.75,30867.75,30859.25,30859.5,26
1790894100,30858,30869.75,30858,30866.5,74
1790894160,30866.5,30871,30864.75,30869.75,46
1790894220,30871,30872,30866.75,30870.25,21
1790894280,30868,30868.5,30866.25,30868,16
1790894340,30866.5,30868.75,30856.75,30860.25,122
1790894400,30858.75,30865,30858.25,30863.75,36
1790894460,30862.5,30864.75,30860.25,30863.75,25
1790894520,30863.5,30866.25,30863,30865.25,15
1790894580,30864.75,30866.5,30863.75,30865.75,20
1790894640,30866.25,30869.75,30864,30867.5,48
1790894700,30871,30875,30868.75,30871.75,80
1790894760,30872,30873.5,30869,30869.75,71
1790894820,30869.25,30877.25,30869.25,30876.5,66
1790894880,30877,30880.5,30876.5,30879,110
1790894940,30878.75,30893.5,30878.25,30891,365
1790895000,30892,30892,30881.5,30882.5,314
1790895060,30884,30884.25,30874.25,30878.75,84
1790895120,30878.25,30882.5,30877,30879.5,52
1790895180,30878,30878.5,30874.25,30876.25,39
1790895240,30875.75,30876.5,30871,30874,34
1790895300,30873.25,30878,30869.5,30875.25,115
1790895360,30874,30878.5,30871.25,30876.75,33
1790895420,30877.5,30886.25,30877.5,30885.75,74
1790895480,30884.5,30884.5,30879.5,30883,75
1790895540,30882.5,30891,30882,30889.75,88
1790895600,30892,30895.5,30888,30895.25,97
1790895660,30894.25,30900,30892.25,30895,128
1790895720,30894.25,30897,30892.75,30894.75,51
1790895780,30896,30898,30895.25,30896.75,37
1790895840,30896.25,30900,30895.25,30897.75,45
1790895900,30897.75,30899.25,30895,30895.5,50
1790895960,30895,30897.75,30891.25,30891.5,43
1790896020,30891.5,30892.5,30885.75,30887.75,75
1790896080,30890,30890,30878.75,30880.75,100
1790896140,30881,30882.5,30871,30873.5,159
1790896200,30872.75,30876.5,30866.75,30875.25,138
1790896260,30875.5,30881,30872,30878.75,107
1790896320,30879,30882.25,30875,30879.25,68
1790896380,30879.25,30882,30878.5,30880.5,44
1790896440,30880,30885,30879,30883.75,34
1790896500,30882.75,30889,30882,30884.75,127
1790896560,30884.75,30885,30880.5,30881.25,56
1790896620,30882,30882.75,30878.75,30881.75,36
1790896680,30881.25,30885.5,30880,30883.5,43
1790896740,30883,30887,30881,30881.75,91
1790896800,30880.25,30883.25,30878.5,30880.75,33
1790896860,30879.5,30882,30875.5,30881.5,42
1790896920,30881.25,30883,30881,30883,11
1790896980,30882.75,30884.75,30880.75,30882.5,19
1790897040,30883.25,30886,30883.25,30883.25,30
1790897100,30884.75,30890,30881.5,30888.5,82
1790897160,30889,30889,30878.5,30879.5,49
1790897220,30879.25,30883.75,30876.5,30881.75,63
1790897280,30884.5,30885.25,30881.25,30882.25,11
1790897340,30881.25,30882.25,30877.5,30878.5,45
1790897400,30877.5,30885,30877.25,30877.75,43
1790897460,30877.75,30879,30874.25,30878,39
1790897520,30878,30878.5,30874.25,30874.5,29
1790897580,30875.25,30882.25,30872.5,30879,64
1790897640,30880,30886.25,30880,30884,43
1790897700,30884.5,30884.5,30876,30877.25,34
1790897760,30879.25,30879.25,30872,30873.75,71
1790897820,30874,30875.25,30867.75,30873.25,107
1790897880,30874.75,30877.25,30872.5,30877,40
1790897940,30877.75,30880,30869,30875.25,51
1790898000,30875.5,30875.5,30868.75,30873,63
1790898060,30873.25,30876,30871.25,30873.25,21
1790898120,30875,30879.25,30874.25,30879.25,33
1790898180,30879.75,30880.25,30875.25,30876.75,40
1790898240,30877,30882.75,30877,30879.5,63
1790898300,30880,30889.5,30879,30883.5,149
1790898360,30884,30884,30877,30877,50
1790898420,30877.5,30881,30871.25,30871.75,83
1790898480,30871.5,30872.75,30864.25,30865.5,131
1790898540,30865.5,30866.75,30862.75,30864.75,58
1790898600,30865.5,30876,30865.25,30869.25,115
1790898660,30869.25,30874,30865.75,30871.5,34
1790898720,30872,30879.25,30871.5,30875.25,74
1790898780,30877,30878,30871,30875.5,33
1790898840,30875,30876.25,30873.5,30875.25,30
1790898900,30876,30880.25,30874.5,30876.5,31
1790898960,30876.75,30879,30875,30878,27
1790899020,30877,30877.75,30874.75,30875.25,15
1790899080,30874.5,30882.5,30874.5,30881.25,57
1790899140,30881.75,30885.75,30879.75,30882,53
1790899200,30882.75,30892.75,30882.75,30889.75,122
1790899260,30889.75,30903.25,30887.25,30903.25,217
1790899320,30902.5,30903.5,30889.25,30893.5,187
1790899380,30895,30895,30888.75,30890.5,30
1790899440,30889.25,30896.5,30887.25,30895.25,104
1790899500,30894,30901.75,30893.75,30894.25,94
1790899560,30895,30895,30887.5,30889.75,76
1790899620,30889.5,30889.75,30883,30884.75,78
1790899680,30883.75,30893.5,30882.75,30892.5,88
1790899740,30892,30895.25,30892,30893.75,44
1790899800,30891.25,30895.5,30884.5,30894.75,71
1790899860,30895.75,30899,30892.25,30897,108
1790899920,30895.75,30896.75,30888,30892.75,91
1790899980,30893,30897.75,30892,30897,56
1790900040,30897.25,30897.25,30895.5,30895.75,24
1790900100,30896.25,30897.5,30891.75,30896.25,130
1790900160,30897,30898.5,30893.75,30898.5,37
1790900220,30898,30899.5,30894,30896.75,88
1790900280,30896.25,30897.5,30894.75,30895.5,31
1790900340,30895,30896.75,30891,30895,116
1790900400,30896.5,30897.5,30891.25,30896,68
1790900460,30896,30901.5,30894.75,30897.75,52
1790900520,30897.25,30897.25,30893,30893,43
1790900580,30892.75,30900.5,30892.75,30898,34
1790900640,30898.75,30904.25,30898.75,30900.25,101
1790900700,30901.25,30906.5,30900.5,30906.25,76
1790900760,30905.75,30906.5,30899.5,30900.75,63
1790900820,30900.25,30903,30897.75,30901.25,35
1790900880,30901,30901,30897.75,30898.75,39
1790900940,30898.75,30902.5,30898.5,30898.5,27
1790901000,30898.75,30901.25,30895.75,30898,37
1790901060,30897.75,30901.25,30897,30901.25,26
1790901120,30901.25,30902,30891.25,30892.25,80
1790901180,30892.5,30895.25,30890.5,30893,26
1790901240,30892.75,30894,30890.25,30892,23
1790901300,30892.25,30893.25,30886.5,30888.25,70
1790901360,30889,30892.75,30888.25,30891.5,39
1790901420,30893.75,30899.5,30893.75,30896.75,53
1790901480,30897,30897.75,30892.75,30895,24
1790901540,30894,30895,30890.75,30891.25,23
1790901600,30891.5,30894.5,30888.25,30890.5,46
1790901660,30891.25,30899.5,30891.25,30899.5,44
1790901720,30897.25,30898,30894,30894.5,46
1790901780,30895,30896.5,30891,30893,45
1790901840,30893.5,30894,30891.75,30891.75,16
1790901900,30892.75,30895,30890.75,30892.25,24
1790901960,30892.25,30893.25,30883.25,30883.25,147
1790902020,30883.75,30891,30883.5,30888.5,59
1790902080,30888.75,30891.5,30886,30889.25,46
1790902140,30890.5,30898.5,30890.5,30898,65
1790902200,30898,30903,30896,30900.25,95
1790902260,30901.5,30909,30901.5,30903.25,127
1790902320,30902.5,30910.75,30900.75,30909.25,105
1790902380,30910,30915.75,30907,30912.5,145
1790902440,30912.25,30916.25,30911,30911,44
1790902500,30911.5,30914,30908,30911.75,73
1790902560,30911.25,30911.25,30903,30906.25,58
1790902620,30906.5,30908.5,30904,30907.75,39
1790902680,30909,30911.5,30907.5,30910,30
1790902740,30909.75,30920,30909,30919.25,142
1790902800,30919.25,30924,30911.75,30920.75,160
1790902860,30921.75,30932.25,30919.5,30931.25,265
1790902920,30932,30935.75,30920.25,30920.25,161
1790902980,30920.25,30923.5,30915.75,30916.25,64
1790903040,30915,30915,30907,30910,112
1790903100,30908.5,30908.5,30898.75,30898.75,149
1790903160,30898.25,30908.25,30896.5,30908.25,119
1790903220,30905.75,30912.75,30903,30912.5,51
1790903280,30912,30926.25,30912,30923.5,163
1790903340,30924,30924,30915.5,30916.75,81
1790903400,30920.25,30920.25,30910.25,30913.25,95
1790903460,30914.5,30921,30913,30918.25,79
1790903520,30918,30920,30914.25,30916.25,39
1790903580,30915.75,30916.5,30913,30913,26
1790903640,30912,30912,30904,30907,78
1790903700,30906,30906,30899.75,30901.25,98
1790903760,30900.5,30900.5,30896,30898.5,83
1790903820,30898.5,30905.25,30898,30903.5,88
1790903880,30902.5,30905,30901,30903.5,27
1790903940,30904.5,30908.5,30901.5,30906.5,46
1790904000,30905.75,30907,30902.25,30903.25,53
1790904060,30902.25,30902.25,30895,30895.5,92
1790904120,30895.75,30905.25,30895.25,30903.5,246
1790904180,30904.25,30909.5,30903.25,30907.25,82
1790904240,30907,30907,30898.75,30900.5,113
1790904300,30898.5,30905,30892.25,30892.25,84
1790904360,30894.5,30896.5,30890.5,30891.5,47
1790904420,30893,30893.25,30885.25,30887.25,94
1790904480,30885,30890.25,30884.5,30889.75,74
1790904540,30890,30891.25,30886.5,30887,52
1790904600,30886.75,30888,30872.5,30874,227
1790904660,30874.25,30883.75,30871.75,30880.5,200
1790904720,30880.25,30880.5,30875,30879.25,63
1790904780,30881.5,30890.5,30880.75,30889,80
1790904840,30890,30893.25,30887.25,30887.25,72
1790904900,30888,30890,30882.75,30885.75,62
1790904960,30885.5,30886.25,30880.25,30881.75,53
1790905020,30880.25,30883,30877.5,30883,74
1790905080,30882.75,30886.25,30881.5,30882.75,49
1790905140,30882.25,30884.75,30874,30875.75,54
1790905200,30875.5,30880.75,30874.25,30878.75,45
1790905260,30880,30882.25,30877.5,30882,34
1790905320,30883,30886,30879.75,30882.25,36
1790905380,30882.25,30894,30881.5,30892.25,70
1790905440,30890.5,30891.75,30884.5,30885,45
1790905500,30885.5,30886.5,30876.25,30876.75,77
1790905560,30876.5,30878.75,30872.75,30872.75,51
1790905620,30872.5,30873.5,30865.5,30866.25,167
1790905680,30866.75,30872.5,30865.5,30871.25,58
1790905740,30871.25,30873,30869,30871.5,60
1790905800,30870.75,30873.25,30867.5,30869.5,51
1790905860,30869.75,30875.25,30868.25,30869.75,71
1790905920,30872.25,30876,30869.25,30870.25,45
1790905980,30869,30869.75,30866.25,30867,36
1790906040,30866.75,30869.25,30865.5,30868.25,43
1790906100,30869.75,30872.25,30868.75,30870.25,41
1790906160,30871,30874,30865.75,30865.75,78
1790906220,30865,30875.5,30864.25,30874,53
1790906280,30871.5,30874,30870,30870.5,26
1790906340,30869.5,30876.25,30868.75,30874.5,81
1790906400,30874,30882.5,30873.75,30877.75,169
1790906460,30877.75,30888,30876.75,30886.25,171
1790906520,30884,30884.75,30871,30878,177
1790906580,30878,30881.75,30875.5,30877.25,77
1790906640,30880,30885,30871.75,30882.5,157
1790906700,30884,30895.25,30884,30889.75,200
1790906760,30889.75,30890.25,30881,30885.25,105
1790906820,30885.5,30894.25,30880.75,30891.5,97
1790906880,30893,30902.75,30885.25,30901,224
1790906940,30900.5,30902,30889.75,30890,145
1790907000,30887.75,30892.25,30884.25,30890.25,99
1790907060,30892.25,30893,30885,30887.5,80
1790907120,30886,30896,30886,30891.75,82
1790907180,30892,30896.25,30891.5,30894,56
1790907240,30891.25,30892.25,30882,30882,79
1790907300,30881.5,30882.75,30873.25,30874.25,154
1790907360,30873,30877.75,30871,30871,66
1790907420,30872.25,30873,30866.75,30870,107
1790907480,30870.75,30871,30856.25,30859.25,326
1790907540,30857.25,30861.25,30855.25,30858,167
1790907600,30858,30860.25,30854.25,30858.25,146
1790907660,30858.25,30864,30856.75,30859,97
1790907720,30857,30866,30857,30865,75
1790907780,30863.75,30865.75,30859,30863,59
1790907840,30865,30865,30857,30860,76
1790907900,30859.25,30864,30853.5,30856.25,127
1790907960,30856.75,30864,30856,30862.75,57
1790908020,30864,30870,30861.75,30866.5,94
1790908080,30868.5,30876,30865.75,30873.25,120
1790908140,30873.75,30873.75,30861.75,30864,89
1790908200,30864.5,30877,30864.5,30874,118
1790908260,30875.25,30875.25,30856.5,30859.5,175
1790908320,30858.25,30870.25,30858,30861.25,94
1790908380,30863,30872.5,30862.5,30871,129
1790908440,30872.25,30873.5,30862,30868.5,118
1790908500,30868.25,30873.25,30864.75,30867.75,75
1790908560,30866.75,30872,30863.75,30863.75,93
1790908620,30864,30868,30859.75,30866.25,114
1790908680,30866.5,30873.25,30860,30871.75,131
1790908740,30869.5,30878.75,30866.25,30877.75,350
1790908800,30879,30879.75,30863.5,30867,154
1790908860,30865.5,30873.25,30865,30871.75,77
1790908920,30871.5,30874.5,30863,30867.25,64
1790908980,30868,30871,30864.75,30866,102
1790909040,30866,30870.25,30858,30863.5,179
1790909100,30862.75,30862.75,30851,30855.5,183
1790909160,30857,30859,30849.5,30853,142
1790909220,30854,30857.5,30850.25,30852.5,94
1790909280,30854,30854,30839.5,30843.75,290
1790909340,30845,30852.75,30841.25,30846.75,116
1790909400,30848,30854,30843.75,30846.75,140
1790909460,30847.75,30854,30844.25,30846.5,70
1790909520,30848.5,30852,30841.5,30847.25,101
1790909580,30846.25,30851.75,30844,30851.75,101
1790909640,30851,30867.75,30848.75,30867.75,116
1790909700,30868,30876.25,30864,30876.25,127
1790909760,30876.25,30880.5,30873,30877,85
1790909820,30877.5,30878.5,30867,30867,108
1790909880,30867.5,30872.75,30863.5,30871,55
1790909940,30869.5,30880.5,30867.75,30877.5,108
1790910000,30876.5,30881.75,30868.5,30876.5,157
1790910060,30876.25,30885.25,30874.75,30880.25,168
1790910120,30881,30883.25,30866.75,30878,162
1790910180,30876.75,30881,30873,30878.5,113
1790910240,30880.25,30887.25,30878.5,30885.5,198
1790910300,30885,30904.75,30885,30893.25,394
1790910360,30895.25,30896,30884.5,30889,189
1790910420,30889.25,30901.75,30888.75,30893.5,243
1790910480,30893.75,30902,30891.75,30898,139
1790910540,30895.25,30898,30893.25,30896.25,57
1790910600,30894.5,30909.75,30894.5,30909.25,152
1790910660,30910,30920,30905,30918.75,290
1790910720,30918.75,30920,30908.25,30915,154
1790910780,30917,30928.5,30916,30928.25,283
1790910840,30928,30934.5,30927.5,30932,187
1790910900,30932.25,30937.25,30925.25,30929,217
1790910960,30929.25,30931.25,30915.75,30915.75,188
1790911020,30914.5,30917.5,30907.25,30913.5,223
1790911080,30914.5,30918,30909,30918,159
1790911140,30917,30917,30897.5,30897.5,206
1790911200,30898,30908.5,30892.25,30907.25,250
1790911260,30907.75,30910,30893,30894.5,137
1790911320,30894.5,30899.5,30889.75,30899,128
1790911380,30898.5,30899.5,30885,30888,237
1790911440,30890.5,30892.5,30885.25,30892.5,44
1790911500,30892.5,30900.25,30891.75,30895.75,108
1790911560,30895,30895,30890,30890,83
1790911620,30890.75,30891,30882,30883,104
1790911680,30882.75,30885.25,30875.25,30878,93
1790911740,30879.5,30887.25,30875.5,30886,79
1790911800,30886.5,30889.5,30878.25,30880.75,94
1790911860,30879.75,30888.5,30876.5,30884.75,52
1790911920,30886.25,30889.25,30882.25,30884.75,82
1790911980,30884.75,30901.75,30883,30896.5,185
1790912040,30895.25,30896.75,30890.5,30895.5,62
1790912100,30898,30908.75,30897.25,30905.75,69
1790912160,30906,30908.5,30898,30907,105
1790912220,30909.5,30917.5,30904.5,30912.5,139
1790912280,30915.5,30916.5,30910,30916.25,65
1790912340,30916,30923.5,30916,30919,106
1790912400,30919.5,30922.25,30913.75,30916.75,112
1790912460,30915.75,30921.75,30914.25,30917.75,135
1790912520,30916.5,30918.5,30913.75,30918.5,64
1790912580,30919.25,30924.5,30913,30924.5,91
1790912640,30924.75,30928.5,30919.75,30923.5,114
1790912700,30924.5,30927,30921,30922.5,186
1790912760,30921.25,30927.5,30920.75,30922.25,76
1790912820,30920.25,30924.75,30920.25,30924.5,45
1790912880,30926,30928.5,30920.75,30920.75,97
1790912940,30921.5,30935.5,30921.5,30934.5,171
1790913000,30934,30949.25,30934,30946.5,442
1790913060,30946.75,30950,30945.25,30947.75,104
1790913120,30946.25,30946.25,30940.25,30941.25,83
1790913180,30940.75,30945,30938.25,30943,188
1790913240,30942,30955.5,30940.5,30952.5,426
1790913300,30952.75,30952.75,30943.75,30951,116
1790913360,30952,30970,30949,30966,408
1790913420,30965.25,30987.5,30962.75,30986.75,689
1790913480,30984.5,30990,30964.25,30964.25,294
1790913540,30964.75,30973.75,30958.25,30973.25,154
1790913600,30974,30974,30958.5,30960.25,391
1790913660,30961,30961.25,30953,30960,225
1790913720,30960,30980,30960,30975.75,269
1790913780,30976.25,30981.25,30968,30975.75,210
1790913840,30976,30977,30965.5,30966.25,138
1790913900,30965.5,30978.5,30965,30976.25,140
1790913960,30977.25,30987,30975,30986.75,207
1790914020,30987.25,31003.75,30987.25,31000.75,501
1790914080,31001.5,31007,30996,31000.25,114
1790914140,30999,31009,30998.5,31008,228
1790914200,31009.25,31017,31005,31015,363
1790914260,31016.25,31026.5,31016.25,31026.25,344
1790914320,31026,31026.5,31013.75,31018.75,252
1790914380,31019.5,31022.75,31012,31022.5,201
1790914440,31022,31025.5,31006.5,31007.5,490
1790914500,31007.75,31013.25,30996.25,31002.75,267
1790914560,31003.75,31006,30996.25,30996.25,218
1790914620,30996.5,31004,30995.25,30998.25,167
1790914680,30998.75,31001,30992,30995.75,188
1790914740,30995.25,30995.25,30982.25,30989.25,256
1790914800,30988,30993,30977,30981,183
1790914860,30981.5,31003.75,30977.75,31000.5,436
1790914920,31000.25,31009,30997,31005.5,317
1790914980,31002.75,31003.25,30987.25,30992.25,146
1790915040,30992.5,30999,30990.5,30994.75,90
1790915100,30996,30997.25,30990.75,30992,144
1790915160,30992.75,31003.25,30992.75,31000.75,108
1790915220,31000,31007.75,30995.75,31005.75,105
1790915280,31006.25,31008.5,30996.25,30997.75,64
1790915340,30995.5,30998,30985.25,30994.25,267
1790915400,30994.5,31006,30991.5,31002,198
1790915460,31001.75,31004.75,30996,31000.75,140
1790915520,31000.25,31000.75,30989.75,30993.75,132
1790915580,30992.75,30992.75,30980.25,30981.25,211
1790915640,30981,30985,30979.5,30984.5,93
1790915700,30984.25,31001.5,30984.25,31000,114
1790915760,31001.5,31011.25,31001.5,31009,263
1790915820,31009.75,31017.5,31006,31012.5,147
1790915880,31011.75,31013.75,31003.75,31008.5,131
1790915940,31008.75,31008.75,31003,31004,61
1790916000,31004.75,31008.25,31001,31003.25,79
1790916060,31002.25,31005.75,30998.5,31005,111
1790916120,31004.75,31006.5,31000.75,31002.5,65
1790916180,31002.75,31004.25,30996.5,30996.5,50
1790916240,30996.75,30997.25,30987.25,30987.75,228
1790916300,30988.5,30998.5,30988.5,30995.25,117
1790916360,30994.75,31005,30994.5,31000.25,152
1790916420,31001.5,31005.75,30994.25,31002,104
1790916480,31001,31010.5,31001,31009.75,94
1790916540,31010,31013.75,31009.5,31012,96
1790916600,31013,31020.25,31011.75,31015.75,84
1790916660,31014.25,31014.25,31009,31011,85
1790916720,31010.5,31011.25,31005.75,31006.5,135
1790916780,31007.25,31010.25,31005,31010.25,35
1790916840,31009.5,31022,31009,31019.75,93
1790916900,31019.75,31023,31015,31021.75,64
1790916960,31023,31029.5,31021.75,31027,146
1790917020,31026,31027,31019.75,31019.75,118
1790917080,31018.5,31020.75,31016.25,31018.25,89
1790917140,31017.25,31019.5,31010.75,31015.75,112
1790917200,31017,31017,30992.25,30999.5,177
1790917260,30998,31000.5,30984,30988.25,130
1790917320,30988,30992.5,30984,30992.5,109
1790917380,30991.75,30997.25,30988.25,30991.5,115
1790917440,30991.25,30991.25,30984.25,30989,66
1790917500,30989.75,30993,30985.25,30986.5,75
1790917560,30987.5,30992.25,30986.5,30989.25,79
1790917620,30990,30994,30989.25,30991,48
1790917680,30990.25,30993.25,30986,30987.5,57
1790917740,30986.75,30995,30986,30995,55
1790917800,30994,31003.5,30990,31003,169
1790917860,31004.25,31008,31001,31003.5,75
1790917920,31003.5,31007.5,31001.25,31005.25,64
1790917980,31005.25,31021,31004.5,31018.75,187
1790918040,31019.25,31023,31010,31013.5,110
1790918100,31010,31015,31008.5,31008.5,47
1790918160,31009,31027,31009,31019,356
1790918220,31019.75,31023.25,31016.75,31018.5,146
1790918280,31017.75,31020,31007.75,31018.5,107
1790918340,31019.5,31021.5,31012,31015.5,102
1790918400,31016.75,31023,31015.75,31021.25,127
1790918460,31023.75,31025.25,31010,31012,70
1790918520,31011.25,31015,31010.5,31015,31
1790918580,31016,31016.5,31008,31012,50
1790918640,31010.25,31013.5,31005,31010.75,163
1790918700,31011.5,31016,31010.75,31012.5,119
1790918760,31011.75,31018.5,31010,31011.5,105
1790918820,31010.5,31012.75,31004.25,31004.25,108
1790918880,31004.5,31010,31004.25,31009,90
1790918940,31008.75,31015,31008,31014.5,41
1790919000,31013.5,31018.25,31011.25,31016.5,70
1790919060,31014.75,31019.25,31013.5,31016.75,43
1790919120,31016.25,31018.5,31013.75,31017.75,56
1790919180,31016.25,31017.75,31012.25,31015.5,100
1790919240,31016,31016,30997.75,30998.5,208
1790919300,31001.25,31001.75,30994.5,30996.25,161
1790919360,30996,31006.5,30996,31004.75,77
1790919420,31005,31015.25,31005,31008.5,161
1790919480,31008.5,31013.5,31007.25,31013.5,82
1790919540,31013,31015.25,31009.25,31011.75,79
1790919600,31011.5,31018.25,31011.25,31012.5,82
1790919660,31013.75,31017.25,31013,31014.75,56
1790919720,31015,31015,31013,31014,45
1790919780,31014.5,31017,31007.5,31008,69
1790919840,31008.5,31011.5,31008.25,31008.5,52
1790919900,31008.5,31012,31005.75,31011,56
1790919960,31010.75,31013,30995,31007,596
1790920020,31007.25,31007.5,30994.75,30999,300
1790920080,30999.75,31019.25,30997.75,31019.25,193
1790920140,31020,31035.5,31013.25,31019.75,513
1790920200,31022.75,31028.25,31014.75,31015.25,164
1790920260,31015,31018.25,31007.75,31008,97
1790920320,31007.5,31012.5,31001.75,31001.75,130
1790920380,31003.5,31014,31001.5,31012.25,65
1790920440,31013,31020,31009.25,31009.25,48
1790920500,31008,31008.25,30998.25,31006.75,126
1790920560,31006.5,31008,31003.75,31005.25,55
1790920620,31006.5,31009.25,31004.5,31006.75,65
1790920680,31006,31008.75,31003.5,31006,60
1790920740,31005.5,31010.75,31004.25,31005.75,79
1790920800,31005.75,31008.5,31003.25,31005.25,102
1790920860,31006.25,31006.25,30994.25,31002,123
1790920920,31002.25,31002.25,30984.5,30993,215
1790920980,30992.25,30993.25,30984.75,30987.75,77
1790921040,30988.25,31005.25,30984,30992.75,333
1790921100,30994.5,30995,30980,30981,105
1790921160,30982,30987,30975.25,30982.25,83
1790921220,30982.75,30985.5,30976.5,30977.75,77
1790921280,30978.5,30986,30977,30986,83
1790921340,30985.5,30987.75,30976,30976.25,75
1790921400,30977,30977,30970,30972.25,164
1790921460,30971.25,30972.25,30966.25,30969.25,195
1790921520,30969.75,30976.25,30969.25,30969.25,87
1790921580,30970.25,30970.5,30960,30965,136
1790921640,30965.5,30973,30965,30969,98
1790921700,30969,30971.5,30966.25,30969.25,80
1790921760,30969,30975.25,30967,30968.5,108
1790921820,30969.25,30973.25,30966.5,30972.75,84
1790921880,30971.75,30972.25,30963.25,30963.5,56
1790921940,30963.75,30964,30958.75,30963,139
1790922000,30963.25,30963.5,30958,30959.25,54
1790922060,30958.75,30970,30945,30962.25,497
1790922120,30961.25,30966.25,30956.75,30956.75,122
1790922180,30956.5,30962.25,30947,30947.75,127
1790922240,30948.5,30952.25,30940,30952.25,217
1790922300,30952.75,30963,30952.75,30958.75,249
1790922360,30957.75,30960,30953.5,30957.5,109
1790922420,30958.25,30974,30955.25,30973.75,168
1790922480,30973.5,30978.5,30970.75,30977,217
1790922540,30977,30979,30973.5,30978.25,107
1790922600,30977.75,30980.5,30975.25,30975.75,80
1790922660,30975.75,30985.5,30971,30972,207
1790922720,30970.5,30973,30966.75,30968.5,121
1790922780,30968,30977.5,30967.25,30975.75,50
1790922840,30977.25,30994.5,30974.25,30992.75,211
1790922900,30992,30996.25,30986.75,30996,162
1790922960,30996,30996.75,30990.5,30992.5,85
1790923020,30994.25,30998.75,30987.5,30988,150
1790923080,30987.5,30990,30985,30989.5,128
1790923140,30988.5,30991,30986.25,30990.25,73
1790923200,30990.5,30995.75,30990,30994,71
1790923260,30994,30997.25,30991.75,30996.25,59
1790923320,30997.5,30998.25,30989.25,30991.75,72
1790923380,30995,30997.5,30992,30992,33
1790923440,30992,30994.25,30989.75,30989.75,59
1790923500,30990.75,30992.75,30983,30983,113
1790923560,30983.5,30986.5,30979.25,30985.75,180
1790923620,30985.75,30989.5,30983,30986.5,71
1790923680,30987,30992.75,30982.75,30986.25,70
1790923740,30987.25,30990.75,30979.75,30981.5,71
1790923800,30980.75,30990,30980.75,30990,67
1790923860,30988.5,30992,30988.5,30991.25,29
1790923920,30988.5,30995.5,30987.5,30988.5,84
1790923980,30989.25,30989.25,30983.5,30983.5,21
1790924040,30982.75,30987.75,30978,30986.25,72
1790924100,30984.25,30986.5,30981.75,30986.5,47
1790924160,30986.25,30990.5,30985,30985.75,54
1790924220,30985.75,30986,30981,30983.5,76
1790924280,30983.5,30985,30982.25,30984,22
1790924340,30983.75,30988.25,30982,30986.5,49
1790924400,30986.5,31000,30984,30986.5,311
1790924460,30987,30987.25,30975.75,30979,173
1790924520,30977.5,30986.75,30977,30981.5,183
1790924580,30979.5,30987,30978.75,30982.75,66
1790924640,30982.75,30983,30976.5,30982.5,57
1790924700,30983.25,30993.75,30981.75,30988.5,142
1790924760,30988.75,30996.25,30988.75,30995,80
1790924820,30995.25,30997.75,30986.5,30989.5,127
1790924880,30987.5,30987.5,30972.5,30980,329
1790924940,30981,30991.5,30980.25,30983.25,120
1790925000,30983.5,30983.5,30960.75,30966.5,224
1790925060,30967.25,30967.25,30955,30957.75,221
1790925120,30958,30960.25,30952.75,30956.5,202
1790925180,30956.5,30961.75,30953.5,30953.75,102
1790925240,30953.5,30968,30951,30968,152
1790925300,30968.25,30973.25,30962.5,30972.5,193
1790925360,30972.5,30973.5,30957.75,30957.75,124
1790925420,30956.5,30963.75,30953.75,30960,198
1790925480,30958.5,30966.75,30958,30966.25,81
1790925540,30966.75,30979.25,30966.25,30979.25,135
1790925600,30978.75,30990.75,30978.75,30989.75,114
1790925660,30989.25,30990.75,30982.75,30984,123
1790925720,30982.75,30986.75,30978.25,30986.75,56
1790925780,30986.5,30994,30983,30990,126
1790925840,30988.25,30994.25,30986,30991,197
1790925900,30991.75,30994.5,30988,30989.25,173
1790925960,30988.5,30993.5,30985.25,30990.75,125
1790926020,30987.75,30987.75,30979,30980.5,131
1790926080,30982.75,30984.75,30978.75,30980.5,99
1790926140,30983.5,30985,30980.5,30984.25,51
1790926200,30983.75,30987,30976.5,30979,114
1790926260,30979,30981.25,30973.25,30980,181
1790926320,30980.25,30985.25,30970.25,30985,252
1790926380,30985.5,30987,30975,30978,117
1790926440,30979,30982.75,30968,30968.5,100
1790926500,30970.25,30973,30969.5,30970.25,58
1790926560,30971.5,30979.5,30968.75,30978.5,99
1790926620,30977.75,30979.5,30972.25,30974.75,71
1790926680,30975.75,30977,30969,30972.5,90
1790926740,30972.75,30973.25,30964,30964,119
1790926800,30963.75,30967.5,30956,30958.5,187
1790926860,30957.75,30960,30948,30951,203
1790926920,30951.5,30951.5,30946.5,30948.75,148
1790926980,30950.25,30955.75,30941.5,30941.5,203
1790927040,30942.5,30952,30938.25,30951.25,246
1790927100,30952.75,30953.5,30944.75,30950.75,137
1790927160,30948.5,30951.5,30942,30942,154
1790927220,30941.25,30943.75,30933.75,30937,247
1790927280,30938.75,30941.5,30932.25,30934.25,282
1790927340,30937,30943,30931.5,30935.75,168
1790927400,30937.25,30937.75,30928.5,30930.75,198
1790927460,30930.75,30936,30923.75,30934.25,205
1790927520,30934.75,30942,30934.5,30937,147
1790927580,30938.75,30941,30922.75,30925.25,195
1790927640,30925.25,30936,30924.5,30931,212
1790927700,30931.25,30931.25,30914.25,30914.5,206
1790927760,30915,30925.25,30913.25,30922.5,249
1790927820,30922.25,30937,30922.25,30934.25,171
1790927880,30932.25,30933.75,30926.5,30931.75,135
1790927940,30933,30938,30933,30935.75,169
1790928000,30934.75,30936,30924.25,30925.25,315
1790928060,30924.25,30930.75,30923,30927.75,182
1790928120,30926,30926.75,30920,30924,137
1790928180,30925.75,30932.25,30921.25,30925.5,102
1790928240,30925.5,30928,30918,30921.25,135
1790928300,30921.25,30928.25,30920,30922.25,116
1790928360,30921.25,30929.75,30921,30928.5,75
1790928420,30927.5,30935,30924,30930,134
1790928480,30929,30938.75,30923,30936.5,158
1790928540,30937.75,30940.5,30929.25,30931.75,202
1790928600,30931.75,30936.5,30928.25,30936.5,168
1790928660,30937.5,30946.25,30937.5,30944,305
1790928720,30944.75,30958,30941.5,30953.25,364
1790928780,30951.25,30952.25,30940.25,30945.75,295
1790928840,30945.25,30946.75,30939.5,30945.25,186
1790928900,30944.25,30944.75,30934.5,30944,134
1790928960,30943.25,30948.75,30937.5,30942.75,191
1790929020,30941,30948.25,30940.25,30942.5,195
1790929080,30942.75,30948.75,30941.5,30944,150
1790929140,30943,30954.25,30937.25,30945.25,237
1790929200,30944.5,30953.25,30944.25,30951.25,153
1790929260,30952,30959.75,30951.25,30956.5,236
1790929320,30955.75,30968.5,30953.75,30959,343
1790929380,30958.75,30962.75,30945.75,30955.5,251
1790929440,30952.75,30954.75,30945.75,30953,282
1790929500,30953.25,30967.75,30951.5,30965.75,286
1790929560,30966.25,30967.5,30960.75,30963.25,148
1790929620,30962.25,30970.5,30962,30970,184
1790929680,30970.5,30973,30960.5,30971.75,232
1790929740,30972.25,30999,30970.5,30990,621
1790929800,30989.75,31105.5,30986,31047.25,3082
1790929860,31047,31094.5,31036.25,31073.25,1744
1790929920,31073.75,31098,31068.75,31097.5,1065
1790929980,31097.5,31103.75,31075.25,31090.25,1116
1790930040,31090.5,31120,31082.25,31118.25,1367
1790930100,31118.5,31124,31108,31120,1180
1790930160,31121.25,31125,31108.5,31124.5,926
1790930220,31123.25,31132.75,31114.25,31131.25,743
1790930280,31132,31146.75,31131,31135.75,1535
1790930340,31135.75,31136.5,31123.5,31128,835
1790930400,31127.5,31133.25,31105.25,31107.5,911
1790930460,31107.75,31111,31092,31097.75,965
1790930520,31099.5,31110.75,31091,31110.75,899
1790930580,31110,31118.75,31102.5,31118.75,622
1790930640,31117.75,31121.75,31101.75,31103.25,612
1790930700,31104.25,31106.5,31089.25,31094.5,565
1790930760,31094.75,31110.75,31092.5,31108.5,398
1790930820,31108.5,31119.5,31107.25,31116.5,431
1790930880,31117,31129.5,31115.5,31125,529
1790930940,31125,31138.5,31123.25,31130.5,540
1790931000,31130.25,31130.5,31118.75,31125,480
1790931060,31125.25,31125.5,31114.75,31116,341
1790931120,31116.75,31124,31115.75,31120.25,267
1790931180,31119.75,31128.25,31118.5,31125,262
1790931240,31124.5,31143.75,31124.25,31142.5,632
1790931300,31144,31155.5,31137,31150.25,1043
1790931360,31149.5,31156.75,31140.75,31154.25,486
1790931420,31154.25,31155,31144.25,31147.25,392
1790931480,31147.25,31169.5,31146.75,31169.5,595
1790931540,31170,31179,31168,31169,1004
1790931600,31169,31171.75,31154.5,31160.5,853
1790931660,31160.5,31185.75,31160.25,31180,1128
1790931720,31179.25,31185.5,31175.75,31182,637
1790931780,31181.75,31206.25,31180.5,31204,2303
1790931840,31202.75,31221,31201.5,31209.5,2079
1790931900,31209,31222.25,31192.5,31193.25,1263
1790931960,31193,31207.25,31188.75,31190.25,1364
1790932020,31190,31190,31173.5,31181.5,1014
1790932080,31181.5,31186.75,31175,31184.25,734
1790932140,31183.5,31193,31180.5,31186.5,463
1790932200,31186.25,31189.5,31180.25,31186.5,403
1790932260,31185.75,31185.75,31166.25,31167.25,806
1790932320,31168,31175.25,31165.25,31168,491
1790932380,31167.5,31174,31166.25,31170.5,261
1790932440,31170.75,31177.5,31162.5,31165.75,561
1790932500,31165,31165,31153.75,31162.5,519
1790932560,31163.25,31170.25,31154,31156.75,384
1790932620,31157.25,31164.5,31155.75,31162.25,292
1790932680,31163,31172.5,31161.5,31162.25,359
1790932740,31162.25,31173,31160.5,31167.5,289
1790932800,31167.5,31173,31163.5,31167.25,333
1790932860,31167,31182.5,31165.5,31168,474
1790932920,31166.25,31178.25,31164,31170.25,280
1790932980,31170.5,31172.5,31163.25,31169.5,331
1790933040,31169,31173,31162.25,31169.5,345
1790933100,31170,31177.25,31151,31154,1035
1790933160,31154.5,31161.75,31146.75,31154,545
1790933220,31156.25,31170.5,31151,31157.25,686
1790933280,31157.75,31176.75,31156.5,31158.75,690
1790933340,31159.25,31164,31146,31148.5,1030
1790933400,31147.75,31156,31094.75,31095.5,6576
1790933460,31095.25,31097.25,31056.5,31062,5429
1790933520,31062.5,31094.5,31056.25,31094,4132
1790933580,31094.25,31104.25,31083.75,31092,2979
1790933640,31091.75,31147.5,31091,31145,3097
1790933700,31145.5,31153,31109.5,31114.75,3091
1790933760,31115.25,31127.25,31099,31127,2272
1790933820,31126.5,31146.5,31120.75,31141.5,2608
1790933880,31141.75,31142,31113.5,31120,1780
1790933940,31120,31129.5,31093.5,31125.25,2211
1790934000,31125,31126,31110.5,31116.25,1444
1790934060,31114.5,31131.75,31094.25,31127.5,2509
1790934120,31127.75,31150.25,31122.25,31146.5,2090
1790934180,31146.5,31181.75,31144.75,31163,3058
1790934240,31162.5,31178.5,31147.25,31177.75,1963
1790934300,31177.25,31198.25,31175.75,31178.5,3175
1790934360,31178.25,31187,31169.75,31181.75,2137
1790934420,31182,31197.5,31179.75,31192.25,1669
1790934480,31192.25,31194,31154.5,31187.75,2878
1790934540,31187.5,31197.5,31164.25,31177.5,2372
1790934600,31177.75,31194,31169.75,31185.5,1636
1790934660,31185.75,31189,31163,31177.25,1795
1790934720,31178,31194.75,31177.25,31187.5,1577
1790934780,31186.25,31195.75,31179.5,31187,1485
1790934840,31187.75,31201.5,31157.75,31160.25,2417
1790934900,31160.25,31160.25,31120.5,31136.5,3386
1790934960,31136.5,31140.5,31113,31125,2506
1790935020,31124.25,31174.5,31106.5,31161.75,3659
1790935080,31161,31195.25,31159,31192.75,3343
1790935140,31193,31193,31167.25,31185,1356
1790935200,31185.25,31189.5,31157,31175.5,2352
1790935260,31176,31214,31171.75,31202.25,3304
1790935320,31202.25,31234.75,31201.5,31225,2823
1790935380,31225,31237,31216.75,31233.25,1794
1790935440,31234.25,31252.75,31225,31250,2263
1790935500,31249.25,31259.5,31232.5,31233.75,2320
1790935560,31234,31242,31225.5,31229.25,1950
1790935620,31229.75,31233.75,31218.75,31222,1522
1790935680,31221.5,31239.5,31210.25,31227.75,2047
1790935740,31227.25,31229.5,31208.5,31209.5,1231
1790935800,31209.75,31232.75,31203.75,31225.25,1478
1790935860,31224.75,31225,31190,31197.25,1826
1790935920,31197,31218.75,31195.75,31218.5,1311
1790935980,31218.25,31231.5,31213.25,31222.5,1542
1790936040,31221.75,31230,31215,31226.5,1115
1790936100,31226.5,31244.25,31224.5,31226.75,1707
1790936160,31227.5,31236.75,31217.75,31233.75,1281
1790936220,31233,31254.5,31232,31249.75,1419
1790936280,31250.25,31262.5,31246.5,31249.25,1737
1790936340,31250,31258.75,31245.75,31258.5,1049
1790936400,31258.25,31268.75,31255,31259.75,1827
1790936460,31259.5,31265.75,31250,31252.75,1120
1790936520,31252,31259.5,31244.25,31259.25,983
1790936580,31259,31269.75,31249.25,31251.75,1571
1790936640,31251.5,31280.75,31248.75,31278.75,1378
1790936700,31279,31281.25,31266,31266.75,1050
1790936760,31267,31281.25,31264.5,31278,930
1790936820,31278.25,31282.5,31265,31266.75,1262
1790936880,31267,31281.25,31266.25,31280.25,854
1790936940,31279.75,31280,31260.5,31265.5,1356
1790937000,31265.25,31267.5,31239,31243.5,2042
1790937060,31243.25,31243.25,31226,31242.25,1901
1790937120,31241.75,31248.25,31227,31228.5,1572
1790937180,31229.25,31245.75,31225.5,31244,1360
1790937240,31244,31246.75,31231.5,31246.75,1086
1790937300,31246,31253.75,31237.25,31251.25,1579
1790937360,31251.25,31254.25,31230,31241.5,1318
1790937420,31241.25,31245.5,31225,31226.75,1012
1790937480,31226.5,31249,31226.25,31247.25,877
1790937540,31247.25,31256,31243.5,31253,1065
1790937600,31252.5,31258,31246,31253.25,843
1790937660,31253.25,31264.5,31246.75,31263.5,843
1790937720,31263.5,31273.5,31254.5,31256.75,1674
1790937780,31257.25,31257.25,31232.25,31237.25,1397
1790937840,31237.75,31243.5,31225,31240.5,993
1790937900,31240.75,31244,31225.5,31231,1103
1790937960,31232,31246,31227,31240,961
1790938020,31240.25,31242.75,31231.25,31234.75,545
1790938080,31235,31253.25,31235,31248.25,898
1790938140,31249.25,31249.75,31234.5,31235.5,636
1790938200,31235.5,31236.5,31206,31208.25,1928
1790938260,31208.25,31218.25,31204.5,31213.25,1303
1790938320,31213.75,31215.5,31183,31186.5,2047
1790938380,31186.25,31192.25,31175,31182.5,1635
1790938440,31182.5,31186,31157,31166,2326
1790938500,31165.5,31192.5,31159.75,31191.75,1763
1790938560,31191.75,31196.75,31179.25,31193.5,1475
1790938620,31194.25,31196.25,31184.5,31191,1164
1790938680,31191,31202.25,31165.75,31170,1841
1790938740,31170.5,31175.75,31155.75,31166.5,1219
1790938800,31166,31176.25,31156,31163.75,1582
1790938860,31164.5,31181.25,31161.25,31179,994
1790938920,31178.5,31179.5,31148.5,31151,1792
1790938980,31150.5,31153.25,31133,31143.5,1908
1790939040,31143.75,31149.75,31134,31140.25,1377
1790939100,31140.25,31144.5,31119.75,31120.5,1580
1790939160,31120.5,31131.75,31111.75,31124.5,2217
1790939220,31125,31126.75,31106.5,31109.5,1748
1790939280,31109.75,31118.75,31097.5,31117.5,1837
1790939340,31117.25,31121.5,31085,31091,2084
1790939400,31091.25,31108.25,31077.75,31086.75,2684
1790939460,31087.25,31088.25,31061,31081.75,2662
1790939520,31081.75,31086.5,31037,31043.25,3075
1790939580,31043,31073,31043,31072.75,2263
1790939640,31072.5,31080.25,31066.5,31074,1648
1790939700,31073.75,31095.25,31067.5,31070.75,1965
1790939760,31070.5,31072,31051,31056.75,1759
1790939820,31057,31064.25,31038.5,31049.25,1834
1790939880,31048.25,31066.5,31043,31059.25,1398
1790939940,31059.25,31068.5,31039.75,31041.5,1552
1790940000,31042.75,31042.75,31013.25,31016.5,2668
1790940060,31017.25,31046.75,31015.5,31045.5,1763
1790940120,31044.75,31057.75,31042.5,31051.75,1472
1790940180,31052,31061.5,31044,31051.75,1096
1790940240,31053.75,31057,30997.25,30999,2643
1790940300,30998.25,31013.75,30988,31012.25,2362
1790940360,31011.75,31035.5,31006,31032.5,1746
1790940420,31032.25,31048.75,31031,31037.75,1605
1790940480,31037,31053.25,31033.75,31050.5,956
1790940540,31050,31068,31043.25,31063.25,1442
1790940600,31063,31064.75,31027.5,31034.5,1947
1790940660,31035,31052,31034,31050,1090
1790940720,31050.75,31068.25,31050.75,31063.25,1224
1790940780,31062.75,31084,31059.75,31079,1267
1790940840,31079.25,31086.25,31074.25,31080.75,1148
1790940900,31081,31088.75,31075.25,31079.5,912
1790940960,31080.5,31083.5,31068.25,31074,1246
1790941020,31074.5,31085,31059.5,31064.5,974
1790941080,31064,31085.75,31055.75,31085.25,945
1790941140,31085.25,31090,31079,31083.5,994
1790941200,31083.25,31094.25,31065.75,31071,1030
1790941260,31070.5,31071.75,31054.25,31067.75,1045
1790941320,31067.5,31090,31066.5,31089.25,844
1790941380,31089,31091,31072,31076.25,613
1790941440,31076,31083.75,31075,31078.25,562
1790941500,31078.25,31088.5,31073.25,31082.75,819
1790941560,31083.25,31102.5,31080,31094.5,1353
1790941620,31094,31099.25,31091.25,31095,703
1790941680,31094.75,31101.75,31082.5,31086,2107
1790941740,31086,31093.75,31076,31079,1381
1790941800,31078.75,31088.25,31066,31074.5,1699
1790941860,31074.75,31097.5,31073.25,31096,1478
1790941920,31095,31109.75,31080,31089.25,1545
1790941980,31090.25,31092.25,31070.25,31071.5,596
1790942040,31071.75,31080.75,31055,31063.25,961
1790942100,31062.5,31088,31055,31087.75,1126
1790942160,31085,31094.75,31075,31084,1026
1790942220,31083.75,31091,31075,31091,605
1790942280,31090.5,31095,31084.75,31091.75,681
1790942340,31092.5,31104.5,31084.75,31101.25,893
1790942400,31102,31110.75,31095.75,31109.25,1216
1790942460,31109,31128.75,31103.25,31120.75,1495
1790942520,31120.75,31127.75,31106.75,31118.75,1502
1790942580,31118.5,31122.5,31099.25,31101.25,905
1790942640,31101.25,31110.25,31087.25,31107.75,1017
1790942700,31109.75,31114.75,31100,31106.25,693
1790942760,31106.25,31121.75,31103.5,31117,661
1790942820,31117.25,31126,31111.5,31111.5,559
1790942880,31112.25,31121.5,31104.75,31121.25,505
1790942940,31121.75,31125,31112.75,31121.75,513
1790943000,31121.75,31127,31116,31119.5,655
1790943060,31120,31123.5,31109.75,31110,701
1790943120,31110,31119.75,31104.5,31107.75,808
1790943180,31108.25,31129.25,31105.5,31122.75,556
1790943240,31124,31125.5,31116.75,31117,539
1790943300,31116,31125,31107.25,31121.75,700
1790943360,31121.5,31129,31113.25,31125.25,773
1790943420,31125,31130.25,31114.5,31118.75,828
1790943480,31118,31122.75,31112.75,31116.25,394
1790943540,31116.25,31123.75,31114.75,31117.75,453
1790943600,31118.25,31120.25,31111.75,31114,524
1790943660,31114,31117.5,31105.5,31109.5,659
1790943720,31109.5,31110.75,31090.5,31109.25,958
1790943780,31109.75,31109.75,31091,31095.25,740
1790943840,31094.75,31102,31076.25,31080,1110
1790943900,31080.25,31097.5,31076.5,31088.5,791
1790943960,31088,31095,31076,31076,910
1790944020,31076.75,31087.75,31067.5,31087.25,754
1790944080,31087.5,31090,31077,31081,449
1790944140,31081,31087.5,31068.25,31071.25,625
1790944200,31071,31083.5,31068.5,31081.5,652
1790944260,31081.25,31090,31080.25,31084.5,575
1790944320,31084.75,31087.75,31071.25,31085.75,478
1790944380,31086,31090,31078.75,31082,330
1790944440,31081,31092.5,31078.25,31081.25,518
1790944500,31080.5,31090,31074.75,31079.75,559
1790944560,31079.5,31092.5,31073,31091.25,512
1790944620,31090.25,31091.5,31084.75,31087.75,352
1790944680,31087.5,31103.25,31087,31100.25,787
1790944740,31099.75,31109.25,31098.25,31104.25,639
1790944800,31103.75,31104.25,31075.75,31078,784
1790944860,31079.5,31081,31059.25,31060.25,743
1790944920,31059.5,31061,31044,31058.75,1243
1790944980,31058.75,31061.75,31049,31054.25,727
1790945040,31054.25,31060,31051.25,31056.5,542
1790945100,31057.5,31071,31056.5,31070,689
1790945160,31070,31075,31064,31068.75,555
1790945220,31069,31073.5,31058,31059.25,480
1790945280,31059.5,31065.75,31052,31061.75,834
1790945340,31062,31062.25,31050.5,31055,545
1790945400,31054.75,31055.25,31042,31051,1003
1790945460,31051.25,31060.5,31047.75,31057,587
1790945520,31056.5,31067.75,31055.25,31062,462
1790945580,31062.75,31077,31061,31074.75,437
1790945640,31075,31083.25,31071.5,31075,807
1790945700,31075.75,31082.75,31073.75,31077.25,565
1790945760,31076.75,31077.5,31067.5,31074.75,442
1790945820,31075,31082.75,31075,31078.25,468
1790945880,31078.25,31083.75,31069.5,31070.75,333
1790945940,31071.5,31073.25,31061.5,31071.5,514
1790946000,31071.75,31094.25,31068.25,31090.25,1039
1790946060,31090.25,31108.5,31088.75,31101.25,1205
1790946120,31101.25,31102,31093,31094,420
1790946180,31093.25,31095.5,31088,31091.25,526
1790946240,31091.5,31092.75,31085,31088.75,515
1790946300,31089.5,31095,31089.25,31095,335
1790946360,31095.25,31096.5,31069,31069,852
1790946420,31069.25,31071.25,31056.5,31062,770
1790946480,31062.25,31072,31060,31061.5,387
1790946540,31061.75,31068.75,31060.5,31065.25,265
1790946600,31065.75,31074.25,31064.5,31071.25,287
1790946660,31070.75,31070.75,31061.25,31061.75,536
1790946720,31062.25,31066.25,31058.75,31062.75,484
1790946780,31062.5,31065.5,31061.5,31064,276
1790946840,31065.5,31067.75,31045.5,31057.5,1112
1790946900,31057.25,31060.25,31052.5,31054.75,601
1790946960,31055,31072.75,31052,31071.5,713
1790947020,31071,31075.25,31066,31068.5,425
1790947080,31069,31074.5,31059.75,31072.75,492
1790947140,31072.5,31076.75,31063.25,31066.75,430
1790947200,31066.5,31069.5,31054.25,31063.5,705
1790947260,31063.5,31063.75,31031.75,31044.25,958
1790947320,31044.25,31052.25,31038.5,31045.75,749
1790947380,31045.75,31048.75,31028.25,31029.5,553
1790947440,31029.25,31030.25,31018.5,31024.75,1058
1790947500,31024.5,31030.25,31017.75,31022.5,774
1790947560,31023.25,31026,31004.5,31008.75,1248
1790947620,31009.25,31015,31003.25,31009,1037
1790947680,31009.5,31016.25,31003.5,31014,848
1790947740,31014,31016.25,31001.75,31007.75,848
1790947800,31007.25,31014.25,30994.75,31001,1705
1790947860,31001,31027,30999.25,31026.75,1380
1790947920,31027,31033.5,31020.75,31031.25,591
1790947980,31031,31040.5,31029.25,31033,662
1790948040,31034.25,31045,31030.75,31035,660
1790948100,31034.25,31036,31023.25,31029.5,554
1790948160,31029.75,31032,31012.5,31018.25,656
1790948220,31018.25,31032.5,31017.5,31029.75,451
1790948280,31029.25,31035,31028,31034,358
1790948340,31033,31035.5,31028.5,31028.75,279
1790948400,31029.5,31030,31018.25,31019.5,491
1790948460,31020,31023.5,31013.25,31018.25,334
1790948520,31018.25,31018.5,31009,31011,357
1790948580,31009,31020.25,31009,31019.75,396
1790948640,31019.25,31035,31017.75,31030.5,721
1790948700,31030.75,31037,31021.25,31027.75,636
1790948760,31027.75,31034.25,31023,31033.25,423
1790948820,31033.25,31040.5,31029.25,31029.5,458
1790948880,31030.25,31040,31027.75,31039,408
1790948940,31039,31050,31039,31048.25,640
1790949000,31048.25,31054.25,31020.25,31045.5,1735
1790949060,31046.25,31060,31046.25,31053.5,579
1790949120,31053.75,31061.25,31051.75,31057.75,653
1790949180,31057.75,31060,31052,31059.5,474
1790949240,31059.75,31061,31054,31057.75,404
1790949300,31057,31058,31045.25,31049.25,507
1790949360,31049,31050.25,31045.25,31047.25,284
1790949420,31047.75,31048,31031.75,31032.5,521
1790949480,31032.75,31042.75,31028,31041,725
1790949540,31041,31049.25,31040,31047.75,368
1790949600,31048,31051,31038,31042.75,623
1790949660,31042,31045.25,31036,31041,329
1790949720,31041.25,31041.5,31028.75,31030.25,486
1790949780,31030.25,31040,31028.5,31033.5,366
1790949840,31033.5,31046.75,31032.25,31042.75,391
1790949900,31041.75,31045.25,31039.25,31042,261
1790949960,31042.25,31047.25,31033,31042.5,429
1790950020,31042.75,31047.75,31041.5,31042.75,249
1790950080,31042.25,31044,31036.5,31036.75,225
1790950140,31037.25,31043,31036,31041.5,218
1790950200,31041.75,31043.25,31035.75,31042,186
1790950260,31042.5,31044.75,31036.5,31038.5,252
1790950320,31038.5,31042.75,31037.5,31042.5,253
1790950380,31042.5,31050,31041.75,31046.25,260
1790950440,31046.75,31057.5,31046.25,31050,559
1790950500,31050.25,31050.5,31042.25,31045,420
1790950560,31044.5,31046,31031.25,31034.5,564
1790950620,31034.75,31038.5,31028.5,31028.75,318
1790950680,31029.25,31033.5,31023.5,31028.75,457
1790950740,31028.75,31032.5,31022.5,31031.75,321
1790950800,31032,31034.75,31027.75,31028.25,294
1790950860,31028.25,31032.5,31025,31025,347
1790950920,31025.25,31027.5,31018,31021.5,490
1790950980,31021.25,31025.5,31011.25,31013.5,727
1790951040,31013.5,31021,31011.75,31020.25,508
1790951100,31020,31031.25,31018.75,31025,518
1790951160,31025.25,31032.25,31025,31027,302
1790951220,31026,31027.75,31012.25,31020,408
1790951280,31020.5,31041,31020.25,31037,925
1790951340,31037.25,31039,31034,31036,339
1790951400,31036,31039.5,31030.5,31034,428
1790951460,31034,31037.25,31023.5,31023.5,360
1790951520,31023.75,31046.75,31023.75,31045,575
1790951580,31045,31046.75,31031.75,31031.75,604
1790951640,31033,31038.25,31031.25,31033,426
1790951700,31033.5,31034.75,31027.25,31032.25,391
1790951760,31032.25,31038.75,31031.5,31036,295
1790951820,31036.5,31037.25,31029.75,31030.75,267
1790951880,31030.5,31030.75,31019.5,31029,482
1790951940,31028.75,31029,31019.25,31022.25,248
1790952000,31022.25,31028.75,31017,31027.5,304
1790952060,31028,31036.75,31026.25,31036,445
1790952120,31036.25,31041.25,31034.5,31041,320
1790952180,31041,31045.25,31039.5,31040,522
1790952240,31039.25,31044.5,31038.5,31041.75,269
1790952300,31041.5,31045,31039.75,31042.25,251
1790952360,31042.5,31046.75,31037,31046.75,323
1790952420,31046.75,31048,31039.25,31041,288
1790952480,31041.75,31045.75,31036,31044.5,296
1790952540,31045.5,31049,31042.25,31043.5,354
1790952600,31044.75,31049,31039.75,31048.5,334
1790952660,31048.5,31051.5,31047,31048.5,376
1790952720,31048.75,31055.5,31045.75,31047,490
1790952780,31046.75,31048.25,31043,31045,267
1790952840,31044.5,31054,31041.25,31053.5,337
1790952900,31053.5,31054.5,31048.25,31052.75,310
1790952960,31052.75,31053.25,31044.75,31046,267
1790953020,31045.75,31050.25,31045.25,31046,162
1790953080,31046.5,31050.5,31044,31046,293
1790953140,31047,31050.75,31040.5,31043,372
1790953200,31043.75,31054,31041,31050.75,551
1790953260,31051,31052,31046.5,31049,236
1790953320,31049,31050.25,31044.25,31046.25,181
1790953380,31047.25,31047.25,31040,31044,273
1790953440,31044,31048.25,31042.5,31044.5,223
1790953500,31045.25,31046.75,31042.25,31044.25,189
1790953560,31045,31046.25,31039.25,31040.5,155
1790953620,31040.75,31044.25,31035.25,31039.5,392
1790953680,31039.5,31039.5,31030,31033.5,422
1790953740,31032.75,31035,31029,31031.25,272
1790953800,31031.25,31033.5,31026.75,31031,671
1790953860,31030,31036.5,31029.25,31032.5,855
1790953920,31032.5,31039.5,31030.25,31036.75,789
1790953980,31037.25,31042.25,31036.75,31041.75,938
1790954040,31041.25,31042.75,31035.75,31040,723
1790954100,31040.25,31046,31038,31043.25,618
1790954160,31043.5,31045.5,31032.25,31038.75,888
1790954220,31039,31049,31039,31042,850
1790954280,31042,31051,31037,31048.5,1112
1790954340,31049.25,31049.5,31042.25,31044.5,645
1790954400,31044.75,31048.75,31041.25,31043.5,1076
1790954460,31044,31044.25,31039.25,31040.25,578
1790954520,31039.5,31041.75,31036,31037.25,680
1790954580,31037.5,31040.25,31033.25,31038.25,589
1790954640,31039.5,31052.5,31039.25,31050.75,728
1790954700,31050.75,31061.5,31050.25,31056.75,882
1790954760,31056.5,31059.5,31049.25,31049.75,427
1790954820,31049.75,31052.25,31047.25,31048.5,337
1790954880,31049.5,31054,31048.75,31052.25,278
1790954940,31050.5,31052.25,31041.25,31050.5,490
1790955000,31050.5,31062.75,31049.25,31057.5,629
1790955060,31057.5,31068.25,31057.25,31063.5,766
1790955120,31063,31067,31060.25,31062.25,496
1790955180,31062.5,31062.5,31056,31059.5,477
1790955240,31060.25,31068.75,31060.25,31066,684
1790955300,31065.5,31069,31060.5,31067,509
1790955360,31066.75,31077.75,31066.5,31071.5,826
1790955420,31071.5,31081.5,31070.25,31081,559
1790955480,31081.5,31090.75,31080.25,31083,1082
1790955540,31083,31084.25,31075,31077.5,520
1790955600,31077.75,31082.5,31068.5,31071,687
1790955660,31071,31073.5,31066.5,31068,523
1790955720,31068.25,31068.25,31057.25,31059.75,625
1790955780,31060.25,31062.25,31057.5,31061,469
1790955840,31061.25,31070.75,31060.75,31069,631
1790955900,31069,31088,31068.5,31075.5,1392
1790955960,31075.5,31085,31074.25,31082,574
1790956020,31082.5,31089.25,31082.5,31084,705
1790956080,31084.25,31084.5,31072.5,31075.75,778
1790956140,31076,31080,31063.5,31069.75,801
1790956200,31069.75,31090,31064,31073,1222
1790956260,31073.25,31076.75,31068.75,31071.75,868
1790956320,31072,31072.25,31063.75,31065.25,784
1790956380,31065.5,31076,31058,31074,1122
1790956440,31074.25,31076.25,31048.25,31053.25,1710
1790956500,31053.5,31066.75,31039.5,31048.75,1827
1790956560,31049,31054.75,31041.5,31049,1232
1790956620,31049,31061.5,31048,31060.25,1281
1790956680,31060.5,31069.5,31054,31064.25,1515
1790956740,31064,31071,31050.75,31070,6775
1790956800,31070.25,31080,31063.5,31072.5,1977
1790956860,31073,31082.5,31071,31082,732
1790956920,31082.25,31087.75,31080,31082.75,699
1790956980,31082.5,31082.75,31074.75,31078.75,513
1790957040,31078.5,31083,31075,31076.75,360
1790957100,31076.5,31081,31073.75,31079.75,412
1790957160,31080,31083,31074.25,31075.25,348
1790957220,31075.75,31085.5,31075.25,31080.25,500
1790957280,31081,31081,31076.5,31078.25,271
1790957340,31078.25,31082.25,31074.75,31079.75,304
1790957400,31079.5,31082,31075,31079,221
1790957460,31079.75,31082.5,31078,31079.5,153
1790957520,31080.25,31084.25,31080,31083.75,121
1790957580,31083.5,31090.5,31083.25,31088,255
1790957640,31088.25,31094,31086,31086.5,320
1790957700,31086,31089.25,31081,31088,156
1790957760,31087.5,31090,31083.75,31086.25,127
1790957820,31086,31086,31082.75,31082.75,76
1790957880,31082.5,31082.5,31074,31078.5,175
1790957940,31078.75,31083,31076.5,31076.5,93
1790958000,31076,31080,31074.75,31078.75,104
1790958060,31078,31078.25,31072.25,31073.25,80
1790958120,31072.5,31072.5,31069,31071,109
1790958180,31070.5,31073,31069.5,31071.5,98
1790958240,31071.25,31074,31070.5,31072.25,69
1790958300,31071.75,31073,31069,31070.5,69
1790958360,31070.5,31071.25,31069.5,31070,17
1790958420,31069.25,31070.5,31069,31070,38
1790958480,31069.75,31070.5,31069,31070.25,50
1790958540,31070,31073,31070,31072.75,65
1790958600,31073,31073.5,31069,31069,87
1790958660,31070,31072.25,31070,31071.25,34
1790958720,31072.75,31073.25,31069,31069,84
1790958780,31069.25,31072.5,31069,31071.5,76
1790958840,31071.5,31076,31071.25,31075.25,55
1790958900,31076,31076,31071.5,31072.5,70
1790958960,31072.5,31073.75,31071.25,31073.5,128
1790959020,31073.25,31073.75,31069.25,31069.25,84
1790959080,31069.5,31071.5,31067.75,31069.5,108
1790959140,31069.25,31073.5,31069,31071.75,53
1790959200,31070.75,31070.75,31062,31065,201
1790959260,31065,31065,31063.25,31063.5,40
1790959320,31063.75,31064,31058.5,31061.25,140
1790959380,31061.25,31061.25,31054.25,31056.5,172
1790959440,31056.5,31060,31054,31058.25,110
1790959500,31059,31060,31054,31054,108
1790959560,31054.5,31055,31052.25,31054.75,43
1790959620,31054.5,31054.5,31049,31050,125
1790959680,31050.75,31051,31046.75,31048.5,45
1790959740,31047.75,31050.25,31047.75,31049.75,40
1790959800,31050.75,31052.5,31045.75,31048.5,86
1790959860,31047.75,31052.25,31045.5,31050.25,42
1790959920,31050.75,31050.75,31047.75,31049,43
1790959980,31049.75,31052.5,31047.75,31051.75,56
1790960040,31051.5,31055,31049.25,31052.75,94
1790960100,31053,31054.75,31051.25,31052.5,67
1790960160,31051.25,31052.25,31048,31048,44
1790960220,31048.75,31053.5,31048.75,31053.25,72
1790960280,31053.5,31053.75,31049.5,31053.75,119
1790960340,31052.25,31057,31043.75,31049,157
